character	grade	frequency_rank	stroke_count	meaning	onyomi	kunyomi	radical
日	1	1	4	day, sun, Japan, counter for days	ニチ,ジツ	ひ,-び,-か	日
一	1	2	1	one, one radical (no.1)	イチ,イツ	ひと-,ひと.つ	一
国	2	3	8	country	コク	くに	囗
会	2	4	6	meeting, meet, party, association, interview, join	カイ,エ	あ.う,あ.わせる,あつ.まる	化
人	1	5	2	person	ジン,ニン	ひと,-り,-と	化
年	1	6	6	year, counter for years	ネン	とし	干
大	1	7	3	large, big	ダイ,タイ	おお-,おお.きい,-おお.いに	大
十	1	8	2	ten	ジュウ,ジッ,ジュッ	とお,と,そ	十
二	1	9	2	two, two radical (no. 7)	ニ,ジ	ふた,ふた.つ,ふたたび	二
本	1	10	5	book, present, main, origin, true, real, counter for long cylindrical things	ホン	もと	木
中	1	11	4	in, inside, middle, mean, center	チュウ	なか,うち,あた.る	｜
長	2	12	8	long, leader, superior, senior	チョウ	なが.い,おさ	長
出	1	13	5	exit, leave, go out, come out, put out, protrude	シュツ,スイ	で.る,-で,だ.す,-だ.す,い.でる,い.だす	凵
三	1	14	3	three	サン,ゾウ	み,み.つ,みっ.つ	一
同	2	15	6	same, agree, equal	ドウ	おな.じ	口
時	2	16	10	time, hour	ジ	とき,-どき	日
政	5	17	9	politics, government	セイ,ショウ	まつりごと,まん	攵
事	3	18	8	matter, thing, fact, business, reason, possibly	ジ,ズ	こと,つか.う,つか.える	亅
自	2	19	6	oneself	ジ,シ	みずか.ら,おの.ずから,おの.ずと	自
行	2	20	6	going, journey, carry out, conduct, act, line, row, bank	コウ,ギョウ,アン	い.く,ゆ.く,-ゆ.き,-ゆき,-い.き,-いき,おこな.う,おこ.なう	行
社	2	21	7	company, firm, office, association, shrine	シャ	やしろ	示
見	1	22	7	see, hopes, chances, idea, opinion, look at, visible	ケン	み.る,み.える,み.せる	見
月	1	23	4	month, moon	ゲツ,ガツ	つき	月
分	2	24	4	part, minute of time, segment, share, degree, one's lot, duty, understand, know, rate, 1%, chances, shaku/100	ブン,フン,ブ	わ.ける,わ.け,わ.かれる,わ.かる,わ.かつ	刀
議	4	25	20	deliberation, consultation, debate, consideration	ギ		言
後	2	26	9	behind, back, later	ゴ,コウ	のち,うし.ろ,うしろ,あと,おく.れる	彳
前	2	27	9	in front, before	ゼン	まえ,-まえ	刀
民	4	28	5	people, nation, subjects	ミン	たみ	氏
生	1	29	5	life, genuine, birth	セイ,ショウ	い.きる,い.かす,い.ける,う.まれる,うま.れる,う.まれ,うまれ,う.む,お.う,は.える,は.やす,き,なま,なま-,な.る,な.す,む.す,-う	生
連	4	30	10	take along, lead, join, connect, party, gang, clique	レン	つら.なる,つら.ねる,つ.れる,-づ.れ	込
五	1	31	4	five	ゴ	いつ,いつ.つ	二
発	3	32	9	departure, discharge, publish, emit, start from, disclose, counter for gunshots	ハツ,ホツ	た.つ,あば.く,おこ.る,つか.わす,はな.つ	癶
間	2	33	12	interval, space	カン,ケン	あいだ,ま,あい	門
対	3	34	7	vis-a-vis, opposite, even, equal, versus, anti-, compare	タイ,ツイ	あいて,こた.える,そろ.い,つれあ.い,なら.ぶ,むか.う	寸
上	1	35	3	above, up	ジョウ,ショウ,シャン	うえ,-うえ,うわ-,かみ,あ.げる,-あ.げる,あ.がる,-あ.がる,あ.がり,-あ.がり,のぼ.る,のぼ.り,のぼ.せる,のぼ.す,たてまつ.る	一
部	3	36	11	section, bureau, dept, class, copy, part, portion, counter for copies of a newspaper or magazine	ブ	-べ	邦
東	2	37	8	east	トウ	ひがし	木
者	3	38	8	someone, person	シャ	もの	老
党	6	39	10	party, faction, clique	トウ	なかま,むら	儿
地	2	40	6	ground, earth	チ,ジ		土
合	2	41	6	fit, suit, join, 0.1	ゴウ,ガッ,カッ	あ.う,-あ.う,あ.い,あい-,-あ.い,-あい,あ.わす,あ.わせる,-あ.わせる	口
市	2	42	5	market, city, town	シ	いち	巾
業	3	43	13	business, vocation, arts, performance	ギョウ,ゴウ	わざ	木
内	2	44	4	inside, within, between, among, house, home	ナイ,ダイ	うち	冂
相	3	45	9	inter-, mutual, together, each other, minister of state, councillor, aspect, phase, physiognomy	ソウ,ショウ	あい-	目
方	2	46	4	direction, person, alternative	ホウ	かた,-かた,-がた	方
四	1	47	5	four	シ	よ,よ.つ,よっ.つ,よん	囗
定	3	48	8	determine, fix, establish, decide	テイ,ジョウ	さだ.める,さだ.まる,さだ.か	宀
今	2	49	4	now	コン,キン	いま	化
回	2	50	6	-times, round, game, revolve, counter for occurrences	カイ,エ	まわ.る,-まわ.る,-まわ.り,まわ.す,-まわ.す,まわ.し-,-まわ.し,もとお.る,か.える	囗
新	2	51	13	new	シン	あたら.しい,あら.た,あら-,にい-	斤
場	2	52	12	location, place	ジョウ,チョウ	ば	土
金	1	53	8	gold	キン,コン,ゴン	かね,かな-,-がね	金
員	3	54	10	employee, member, number, the one in charge	イン		口
九	1	55	2	nine	キュウ,ク	ここの,ここの.つ	乞
入	1	56	2	enter, insert	ニュウ,ジュ	い.る,-い.る,-い.り,い.れる,-い.れ,はい.る	入
選	4	57	15	elect, select, choose, prefer	セン	えら.ぶ,え.る,よ.る	込
立	1	58	5	stand up, rise, set up, erect	リツ,リュウ,リットル	た.つ,-た.つ,た.ち-,た.てる,-た.てる,た.て-,たて-,-た.て,-だ.て,-だ.てる	立
開	3	59	12	open, unfold, unseal	カイ	ひら.く,ひら.き,-びら.き,ひら.ける,あ.く,あ.ける	門
手	1	60	4	hand	シュ,ズ	て,て-,-て,た-	扎
米	2	61	6	rice, USA, metre	ベイ,マイ,メエトル	こめ,よね	米
力	1	62	2	power, strength, strong, strain, bear up, exert	リョク,リキ,リイ	ちから	力
学	1	63	8	study, learning, science	ガク	まな.ぶ	子
問	3	64	11	question, ask, problem	モン	と.う,と.い,とん	口
高	2	65	10	tall, high, expensive	コウ	たか.い,たか,-だか,たか.まる,たか.める	高
代	3	66	5	substitute, change, convert, replace, period, age, counter for decades of ages, eras, etc., generation, charge, rate, fee	ダイ,タイ	か.わる,かわ.る,かわ.り,か.わり,-がわ.り,-が.わり,か.える,よ,しろ	化
明	2	67	8	bright, light	メイ,ミョウ,ミン	あ.かり,あか.るい,あか.るむ,あか.らむ,あき.らか,あ.ける,-あ.け,あ.く,あ.くる,あ.かす	日
実	3	68	8	reality, truth, seed, fruit, nut	ジツ,シツ	み,みの.る,まこと,みの,みち.る	宀
円	1	69	4	circle, yen, round	エン	まる.い,まる,まど,まど.か,まろ.やか	冂
関	4	70	14	connection, barrier, gateway, involve, concerning	カン	せき,-ぜき,かか.わる,からくり,かんぬき	門
決	3	71	7	decide, fix, agree upon, appoint	ケツ	き.める,-ぎ.め,き.まる,さ.く	汁
子	1	72	3	child, sign of the rat, 11PM-1AM, first sign of Chinese zodiac	シ,ス,ツ	こ,-こ,ね	子
動	3	73	11	move, motion, change, confusion, shift, shake	ドウ	うご.く,うご.かす	力
京	2	74	8	capital, 10**16	キョウ,ケイ,キン	みやこ	亠
全	3	75	6	whole, entire, all, complete, fulfill	ゼン	まった.く,すべ.て	入
目	1	76	5	eye, class, look, insight, experience, care, favor	モク,ボク	め,-め,ま-	目
表	3	77	8	surface, table, chart, diagram	ヒョウ	おもて,-おもて,あらわ.す,あらわ.れる,あら.わす	衣
戦	4	78	13	war, battle, match	セン	いくさ,たたか.う,おのの.く,そよ.ぐ,わなな.く	戈
経	5	79	11	sutra, longitude, pass thru, expire, warp	ケイ,キョウ,キン	へ.る,た.つ,たていと,はか.る,のり	糸
通	2	80	10	traffic, pass through, avenue, commute, counter for letters, notes, documents, etc.	ツウ,ツ	とお.る,とお.り,-とお.り,-どお.り,とお.す,とお.し,-どお.し,かよ.う	込
外	2	81	5	outside	ガイ,ゲ	そと,ほか,はず.す,はず.れる,と-	夕
最	4	82	12	utmost, most, extreme	サイ,シュ	もっと.も,つま	曰
言	2	83	7	say, word	ゲン,ゴン	い.う,こと	言
氏	4	84	4	family name, surname, clan	シ	うじ,-うじ	氏
現	5	85	11	present, existing, actual	ゲン	あらわ.れる,あらわ.す,うつつ,うつ.つ	王
理	2	86	11	logic, arrangement, reason, justice, truth	リ	ことわり	王
調	3	87	15	tune, tone, meter, key (music), writing style, prepare, exorcise, investigate, harmonize, mediate	チョウ	しら.べる,しら.べ,ととの.う,ととの.える	言
体	2	88	7	body, substance, object, reality, counter for images	タイ,テイ	からだ,かたち	化
化	3	89	4	change, take the form of, influence, enchant, delude, -ization	カ,ケ	ば.ける,ば.かす,ふ.ける,け.する	匕
田	1	90	5	rice field, rice paddy	デン	た	田
当	2	91	6	hit, right, appropriate, himself	トウ	あ.たる,あ.たり,あ.てる,あ.て,まさ.に,まさ.にべし	ヨ
八	1	92	2	eight, eight radical (no. 12)	ハチ,ハツ	や,や.つ,やっ.つ,よう	ハ
六	1	93	4	six	ロク,リク	む,む.つ,むっ.つ,むい	ハ
約	4	94	9	promise, approximately, shrink	ヤク	つづ.まる,つづ.める,つづま.やか	糸
主	3	95	5	lord, chief, master, main thing, principal	シュ,ス,シュウ	ぬし,おも,あるじ	丶
題	3	96	18	topic, subject	ダイ		頁
下	1	97	3	below, down, descend, give, low, inferior	カ,ゲ	した,しも,もと,さ.げる,さ.がる,くだ.る,くだ.り,くだ.す,-くだ.す,くだ.さる,お.ろす,お.りる	一
首	2	98	9	neck, counter for songs and poems	シュ	くび	首
意	3	99	13	idea, mind, heart, taste, thought, desire, care, liking	イ		心
法	4	100	8	method, law, rule, principle, model, system	ホウ,ハッ,ホッ,フラン	のり	汁
不	4	101	4	negative, non-, bad, ugly, clumsy	フ,ブ		一
来	2	102	7	come, due, next, cause, become	ライ,タイ	く.る,きた.る,きた.す,き.たす,き.たる,き,こ	木
作	2	103	7	make, production, prepare, build	サク,サ	つく.る,つく.り,-づく.り	化
性	5	104	8	sex, gender, nature	セイ,ショウ	さが	心
的	4	105	8	bull's eye, mark, target, object, adjective ending	テキ	まと	白
要	4	106	9	need, main point, essence, pivot, key to	ヨウ	い.る,かなめ	西
用	2	107	5	utilize, business, service, use, employ	ヨウ	もち.いる	用
制	5	108	8	system, law, rule	セイ		刀
治	4	109	8	reign, be at peace, calm down, subdue, quell, govt, cure, heal, rule, conserve	ジ,チ	おさ.める,おさ.まる,なお.る,なお.す	汁
度	3	110	9	degrees, occurrence, time, counter for occurrences, consider, attitude	ド,ト,タク	たび,-た.い	广
務	5	111	11	task, duties	ム	つと.める	力
強	2	112	11	strong	キョウ,ゴウ	つよ.い,つよ.まる,つよ.める,し.いる,こわ.い	弓
気	1	113	6	spirit, mind, air, atmosphere, mood	キ,ケ	いき,き	气
小	1	114	3	little, small	ショウ	ちい.さい,こ-,お-,さ-	小
七	1	115	2	seven	シチ	なな,なな.つ,なの	一
成	4	116	6	turn into, become, get, grow, elapse, reach	セイ,ジョウ	な.る,な.す,-な.す	戈
期	3	117	12	period, time, date, term	キ,ゴ		月
公	2	118	4	public, prince, official, governmental	コウ,ク	おおやけ	ハ
持	3	119	9	hold, have	ジ	も.つ,-も.ち,も.てる	扎
野	2	120	11	plains, field, rustic, civilian life	ヤ,ショ	の,の-	里
協	4	121	8	co-, cooperation	キョウ		十
取	3	122	8	take, fetch, take up	シュ	と.る,と.り,と.り-,とり,-ど.り	又
都	3	123	11	metropolis, capital, all, everything	ト,ツ	みやこ	邦
和	3	124	8	harmony, Japanese style, peace, soften, Japan	ワ,オ,カ	やわ.らぐ,やわ.らげる,なご.む,なご.やか,あ.える	口
統	5	125	12	overall, relationship, ruling, governing	トウ	す.べる	糸
以	4	126	5	by means of, because, in view of, compared with	イ	もっ.て	化
機	4	127	16	loom, mechanism, machine, airplane, opportunity, potency, efficacy, occasion	キ	はた	木
平	3	128	5	even, flat, peace	ヘイ,ビョウ,ヒョウ	たい.ら,たい.らげる,ひら	干
総	5	129	14	general, whole, all, full, total	ソウ	す.べて,すべ.て,ふさ	糸
加	4	130	5	add, addition, increase, join, include, Canada	カ	くわ.える,くわ.わる	力
山	1	131	3	mountain	サン,セン	やま	山
思	2	132	9	think	シ	おも.う,おもえら.く,おぼ.す	心
家	2	133	10	house, home, family, professional, expert, performer	カ,ケ	いえ,や,うち	宀
話	2	134	13	tale, talk	ワ	はな.す,はなし	言
世	3	135	5	generation, world, society, public	セイ,セ,ソウ	よ	一
受	3	136	8	accept, undergo, answer (phone), take, get, catch, receive	ジュ	う.ける,-う.け,う.かる	又
区	3	137	4	ward, district	ク,オウ,コウ		
領	5	138	14	jurisdiction, dominion, territory, fief, reign	リョウ	えり	頁
多	2	139	6	many, frequent, much	タ	おお.い,まさ.に,まさ.る	夕
県	3	140	9	prefecture	ケン	か.ける	目
続	4	141	13	continue, series, sequel	ゾク,ショク,コウ,キョウ	つづ.く,つづ.ける,つぐ.ない	糸
進	3	142	11	advance, proceed, progress, promote	シン	すす.む,すす.める	込
正	1	143	5	correct, justice, righteous, 10**40	セイ,ショウ	ただ.しい,ただ.す,まさ,まさ.に	止
安	3	144	6	relax, cheap, low, quiet, rested, contented, peaceful	アン	やす.い,やす.まる,やす,やす.らか	宀
設	5	145	11	establishment, provision, prepare	セツ	もう.ける	言
保	5	146	9	protect, guarantee, keep, preserve, sustain, support	ホ,ホウ	たも.つ	化
改	4	147	7	reformation, change, modify, mend, renew, examine, inspect, search	カイ	あらた.める,あらた.まる	攵
数	2	148	13	number, strength, fate, law, figures	スウ,ス,サク,ソク,シュ	かず,かぞ.える,しばしば,せ.める,わずらわ.しい	攵
記	2	149	10	scribe, account, narrative	キ	しる.す	言
院	3	150	10	Inst., institution, temple, mansion, school	イン		阡
女	1	151	3	woman, female	ジョ,ニョ,ニョウ	おんな,め	女
初	4	152	7	first time, beginning	ショ	はじ.め,はじ.めて,はつ,はつ-,うい-,-そ.める,-ぞ.め	刀
北	2	153	5	north	ホク	きた	匕
午	2	154	4	noon, sign of the horse, 11AM-1PM, seventh sign of Chinese zodiac	ゴ	うま	十
指	3	155	9	finger, point to, indicate, put into, play (chess), measure (ruler)	シ	ゆび,さ.す,-さ.し	扎
権	6	156	15	authority, power, rights	ケン,ゴン	おもり,かり,はか.る	木
心	2	157	4	heart, mind, spirit, heart radical (no. 61)	シン	こころ,-ごころ	心
界	3	158	9	world, boundary	カイ		田
支	5	159	4	branch, support, sustain, branch radical (no. 65)	シ	ささ.える,つか.える,か.う	支
第	3	160	11	No., residence	ダイ,テイ		竹
産	4	161	11	products, bear, give birth, yield, childbirth, native, property	サン	う.む,う.まれる,うぶ-,む.す	生
結	4	162	12	tie, bind, contract, join, organize, do up hair, fasten	ケツ,ケチ	むす.ぶ,ゆ.う,ゆ.わえる	糸
百	1	163	6	hundred	ヒャク,ビャク	もも	白
派	6	164	9	faction, group, party, clique, sect, school	ハ		汁
点	2	165	9	spot, point, mark, speck, decimal point	テン	つ.ける,つ.く,た.てる,さ.す,とぼ.す,とも.す,ぼち	火
教	2	166	11	teach, faith, doctrine	キョウ	おし.える,おそ.わる	攵
報	5	167	12	report, news, reward, retribution	ホウ	むく.いる	土
済	6	168	11	settle (debt, etc.), relieve (burden), finish, come to an end, excusable, need not	サイ,セイ	す.む,-ず.み,-ずみ,す.まない,す.ます,-す.ます,すく.う,な.す,わたし,わた.る	汁
書	2	169	10	write	ショ	か.く,-が.き,-がき	曰
府	4	170	8	borough, urban prefecture, govt office, representative body, storehouse	フ		广
活	2	171	9	lively, resuscitation, being helped, living	カツ	い.きる,い.かす,い.ける	汁
原	2	172	10	meadow, original, primitive, field, plain, prairie, tundra, wilderness	ゲン	はら	厂
先	1	173	6	before, ahead, previous, future, precedence	セン	さき,ま.ず	儿
共	4	174	6	together, both, neither, all, and, alike, with	キョウ	とも,とも.に,-ども	ハ
得	5	175	11	gain, get, find, earn, acquire, can, may, able to, profit, advantage, benefit	トク	え.る,う.る	彳
解	5	176	13	unravel, notes, key, explanation, understanding, untie, undo, solve, answer, cancel, absolve, explain, minute	カイ,ゲ	と.く,と.かす,と.ける,ほど.く,ほぐ.す,わか.る,さと.る	角
名	1	177	6	name, noted, distinguished, reputation	メイ,ミョウ	な,-な	口
交	2	178	6	mingle, mixing, association, coming & going	コウ	まじ.わる,まじ.える,ま.じる,まじ.る,ま.ざる,ま.ぜる,-か.う,か.わす,かわ.す,こもごも	亠
資	5	179	13	assets, resources, capital, funds, data, be conducive to, contribute to	シ		貝
予	3	180	4	beforehand, previous, myself, I	ヨ,シャ	あらかじ.め	亅
川	1	181	3	stream, river, river or three-stroke river radical (no. 47)	セン	かわ	巛
向	3	182	6	yonder, facing, beyond, confront, defy, tend toward, approach	コウ	む.く,む.い,-む.き,む.ける,-む.け,む.かう,む.かい,む.こう,む.こう-,むこ,むか.い	口
際	5	183	14	occasion, side, edge, verge, dangerous, adventurous, indecent, time, when	サイ	きわ,-ぎわ	阡
査	5	184	9	investigate	サ		木
勝	3	185	12	victory, win, prevail, excel	ショウ	か.つ,-が.ち,まさ.る,すぐ.れる,かつ	力
面	3	186	9	mask, face, features, surface	メン,ベン	おも,おもて,つら	面
委	3	187	8	committee, entrust to, leave to, devote, discard	イ	ゆだ.ねる	女
告	5	188	7	revelation, tell, inform, announce	コク	つ.げる	口
軍	4	189	9	army, force, troops, war, battle	グン	いくさ	車
文	1	190	4	sentence, literature, style, art, decoration, figures, plan, literary radical (no. 67)	ブン,モン	ふみ,あや	文
反	3	191	4	anti-	ハン,ホン,タン,ホ	そ.る,そ.らす,かえ.す,かえ.る,-かえ.る	又
元	2	192	4	beginning, former time, origin	ゲン,ガン	もと	儿
重	3	193	9	heavy, important, esteem, respect, heap up, pile up, nest of boxes, -fold	ジュウ,チョウ	え,おも.い,おも.り,おも.なう,かさ.ねる,かさ.なる,おも	里
近	2	194	7	near, early, akin, tantamount	キン,コン	ちか.い	込
千	1	195	3	thousand	セン	ち	十
考	2	196	6	consider, think over	コウ	かんが.える,かんが.え	老
判	5	197	7	judgement, judgment, signature, stamp, seal	ハン,バン	わか.る	刀
認	6	198	14	acknowledge, witness, discern, recognize, appreciate, believe	ニン	みと.める,したた.める	言
画	2	199	8	brush-stroke, picture	ガ,カク,エ,カイ	えが.く,かく.する,かぎ.る,はかりごと,はか.る	田
海	2	200	9	sea, ocean	カイ	うみ	汁
参	4	201	8	nonplussed, three (in documents), going, coming, visiting, visit, be defeated, die, be madly in love, participate, take part in	サン,シン	まい.る,まい-,まじわる,みつ	厶
売	2	202	7	sell	バイ	う.る,う.れる	士
利	4	203	7	profit, advantage, benefit	リ	き.く	刀
組	2	204	11	association, braid, plait, construct, assemble, unite, cooperate, grapple	ソ	く.む,くみ,-ぐみ	糸
知	2	205	8	know, wisdom	チ	し.る,し.らせる	矢
案	4	206	10	plan, suggestion, draft, ponder, fear, proposition, idea, expectation, worry, table, bench	アン	つくえ	木
道	2	207	12	road-way, street, district, journey, course, moral, teachings	ドウ,トウ	みち,いう	込
信	4	208	9	faith, truth, fidelity, trust	シン		化
策	6	209	12	scheme, plan, policy, step, means	サク		竹
集	3	210	12	gather, meet, congregate, swarm, flock	シュウ	あつ.まる,あつ.める,つど.う	隹
在	5	211	6	exist, outskirts, suburbs, located in	ザイ	あ.る	土
件	5	212	6	affair, case, matter, item	ケン	くだん	化
団	5	213	6	group, association	ダン,トン	かたまり,まる.い	囗
別	4	214	7	separate, branch off, diverge, fork, another, extra, specially	ベツ	わか.れる,わ.ける	刀
物	3	215	8	thing, object, matter	ブツ,モツ	もの,もの-	牛
側	4	216	11	side, lean, oppose, regret	ソク	かわ,がわ,そば	化
任	5	217	6	responsibility, duty, term, entrust to, appoint	ニン	まか.せる,まか.す	化
引	2	218	4	pull, tug, jerk, admit, install, quote, refer to	イン	ひ.く,ひ.ける	弓
使	3	219	8	use, send on a mission, order, messenger, envoy, ambassador, cause	シ	つか.う,つか.い,-つか.い,-づか.い	化
求	4	220	7	request, want, wish for, require, demand	キュウ,グ	もと.める	汁
所	3	221	8	place, extent	ショ	ところ,-ところ,どころ,とこ	戸
次	3	222	6	next, order, sequence	ジ,シ	つ.ぐ,つぎ	欠
水	1	223	4	water	スイ	みず,みず-	汁
半	2	224	5	half, middle, odd number, semi-, part-	ハン	なか.ば	十
品	3	225	9	goods, refinement, dignity, article, counter for meal courses	ヒン,ホン	しな	口
昨	4	226	9	yesterday, previous	サク		日
論	6	227	15	argument, discourse	ロン	あげつら.う	言
計	2	228	9	plot, plan, scheme, measure	ケイ	はか.る,はか.らう	言
死	3	229	6	death, die	シ	し.ぬ,し.に-	歹
官	4	230	8	bureaucrat, the government, organ	カン		宀
増	5	231	14	increase, add, augment, gain, promote	ゾウ	ま.す,ま.し,ふ.える,ふ.やす	土
係	3	232	9	person in charge, connection, duty, concern oneself	ケイ	かか.る,かかり,-がかり,かか.わる	化
感	3	233	13	emotion, feeling, sensation	カン		心
特	4	234	10	special	トク		牛
情	5	235	11	feelings, emotion, passion, sympathy, circumstances, facts	ジョウ,セイ	なさ.け	心
投	3	236	7	throw, discard, abandon, launch into, join, invest in, hurl, give up, sell at a loss	トウ	な.げる,-な.げ	扎
示	5	237	5	show, indicate, point out, express, display	ジ,シ	しめ.す	示
変	4	238	9	unusual, change, strange	ヘン	か.わる,か.わり,か.える	夂
打	3	239	5	strike, hit, knock, pound, dozen	ダ,ダース	う.つ,う.ち-,ぶ.つ	扎
男	1	240	7	male	ダン,ナン	おとこ,お	田
基	5	241	11	fundamentals, radical (chem), counter for machines, foundation	キ	もと,もとい	土
私	6	242	7	private, I, me	シ	わたくし,わたし	禾
各	4	243	6	each, every, either	カク	おのおの	口
始	3	244	8	commence, begin	シ	はじ.める,-はじ.める,はじ.まる	女
島	3	245	10	island	トウ	しま	山
直	2	246	8	straightaway, honesty, frankness, fix, repair	チョク,ジキ,ジカ	ただ.ちに,なお.す,-なお.す,なお.る,なお.き,す.ぐ	目
両	3	247	6	both, old Japanese coin, counter for carriages (e.g., in a train), two	リョウ	てる,ふたつ	一
朝	2	248	12	morning, dynasty, regime, epoch, period, (North) Korea	チョウ	あさ	月
革	6	249	9	leather, skin, reform, become serious	カク	かわ	革
価	5	250	8	value, price	カ,ケ	あたい	化
式	3	251	6	style, ceremony, rite, function, method, system, form, expression	シキ		弋
確	5	252	15	assurance, firm, tight, hard, solid, confirm, clear, evident	カク,コウ	たし.か,たし.かめる	石
村	1	253	7	village, town	ソン	むら	木
提	5	254	12	propose, take along, carry in hand	テイ,チョウ,ダイ	さ.げる	扎
運	3	255	12	carry, luck, destiny, fate, lot, transport, progress, advance	ウン	はこ.ぶ	込
終	3	256	11	end, finish	シュウ	お.わる,-お.わる,おわ.る,お.える,つい,つい.に	糸
挙	4	257	10	raise, plan, project, behavior, actions	キョ	あ.げる,あ.がる,こぞ.る	扎
果	4	258	8	fruit, reward, carry out, achieve, complete, end, finish, succeed	カ	は.たす,はた.す,-は.たす,は.てる,-は.てる,は.て	木
西	2	259	6	west, Spain	セイ,サイ,ス	にし	西
勢	5	260	13	forces, energy, military strength	セイ,ゼイ	いきお.い,はずみ	力
減	5	261	12	dwindle, decrease, reduce, decline, curtail, get hungry	ゲン	へ.る,へ.らす	汁
台	2	262	5	pedestal, a stand, counter for machines and vehicles	ダイ,タイ	うてな,われ,つかさ	口
広	2	263	5	wide, broad, spacious	コウ	ひろ.い,ひろ.まる,ひろ.める,ひろ.がる,ひろ.げる	广
容	5	264	10	contain, form, looks	ヨウ	い.れる	宀
必	4	265	5	invariably, certain, inevitable	ヒツ	かなら.ず	心
応	5	266	7	apply, answer, yes, OK, reply, accept	オウ,ヨウ,-ノウ	あた.る,まさに,こた.える	心
演	5	267	14	performance, act, play, render, stage	エン		汁
電	2	268	13	electricity	デン		雨
歳	8	269	13	year-end, age, occasion, opportunity	サイ,セイ	とし,とせ,よわい	止
住	3	270	7	dwell, reside, live, inhabit	ジュウ,ヂュウ,チュウ	す.む,す.まう,-ず.まい	化
争	4	271	6	contend, dispute, argue	ソウ	あらそ.う,いか.でか	亅
談	3	272	15	discuss, talk	ダン		言
能	5	273	10	ability, talent, skill, capacity	ノウ	よ.く,あた.う	肉
無	4	274	12	nothingness, none, ain't, nothing, nil, not	ム,ブ	な.い	火
再	5	275	6	again, twice, second time	サイ,サ	ふたた.び	冂
位	4	276	7	rank, grade, throne, crown, about, some	イ	くらい,ぐらい	化
置	4	277	13	placement, put, set, deposit, leave behind, keep, employ, pawn	チ	お.く,-お.き	
企	8	278	6	undertake, scheme, design, attempt, plan	キ	くわだ.てる,たくら.む	化
真	3	279	10	true, reality, Buddhist sect	シン	ま,ま-,まこと	目
流	3	280	10	current, a sink, flow, forfeit	リュウ,ル	なが.れる,なが.れ,なが.す,-なが.す	汁
格	5	281	10	status, rank, capacity, character, case (law, grammar)	カク,コウ,キャク,ゴウ		木
有	3	282	6	possess, have, exist, happen, occur, approx	ユウ,ウ	あ.る	月
疑	6	283	14	doubt, distrust, be suspicious, question	ギ	うたが.う	疋
口	1	284	3	mouth	コウ,ク	くち	口
過	5	285	12	overdo, exceed, go beyond, error	カ	す.ぎる,す.ごす,あやま.ち,あやま.つ,よぎ.る,よ.ぎる	込
局	3	286	7	bureau, board, office, affair, conclusion, court lady, lady-in-waiting, her apartment	キョク	つぼね	尸
少	2	287	4	few, little	ショウ	すく.ない,すこ.し	小
放	3	288	8	set free, release, fire, shoot, emit, banish, liberate	ホウ	はな.す,-っぱな.し,はな.つ,はな.れる,こ.く,ほう.る	攵
税	5	289	12	tax, duty	ゼイ		禾
検	5	290	12	examination, investigate	ケン	しら.べる	木
藤	8	291	18	wisteria	トウ,ドウ	ふじ	艾
町	1	292	7	town, village, block, street	チョウ	まち	田
常	5	293	11	usual, ordinary, normal, common, regular, continually, always, long-lasting	ジョウ	つね,とこ-	巾
校	1	294	10	exam, school, printing, proof, correction	コウ,キョウ		木
料	4	295	10	fee, materials	リョウ		斗
沢	8	296	7	swamp, marsh, brilliance, grace	タク	さわ,うるお.い,うるお.す,つや	汁
裁	6	297	12	tailor, judge, decision, cut out (pattern)	サイ	た.つ,さば.く	衣
状	5	298	7	status quo, conditions, circumstances, form, appearance	ジョウ		犯
工	2	299	3	craft, construction, katakana e radical (no. 48)	コウ,ク,グ		工
建	4	300	9	build	ケン,コン	た.てる,た.て,-だ.て,た.つ	廴
語	2	301	14	word, speech, language	ゴ	かた.る,かた.らう	言
球	3	302	11	ball, sphere	キュウ	たま	王
営	5	303	12	camp, perform, build, conduct (business)	エイ	いとな.む,いとな.み	口
空	1	304	8	empty, sky, void, vacant, vacuum	クウ	そら,あ.く,あ.き,あ.ける,から,す.く,す.かす,むな.しい	穴
職	5	305	18	post, employment, work	ショク,ソク		耳
証	5	306	12	evidence, proof, certificate	ショウ	あかし	言
土	1	307	3	soil, earth, ground, Turkey	ド,ト	つち	土
与	8	308	3	bestow, participate in, give, award, impart, provide, cause, gift, godsend	ヨ	あた.える,あずか.る,くみ.する,ともに	一
急	3	309	9	hurry, emergency, sudden, steep	キュウ	いそ.ぐ,いそ.ぎ,せ.く	心
止	2	310	4	stop, halt	シ	と.まる,-ど.まり,と.める,-と.める,-ど.め,とど.める,とど.め,とど.まる,や.める,や.む,-や.む,よ.す,-さ.す,-さ.し	止
送	3	311	9	escort, send	ソウ	おく.る	込
援	8	312	12	abet, help, save	エン		扎
供	6	313	8	submit, offer, present, serve (meal), accompany	キョウ,ク,クウ,グ	そな.える,とも,-ども	化
可	5	314	5	can, passable, approval	カ,コク	-べ.き,-べ.し	口
役	3	315	7	duty, war, campaign, drafted labor, office, service, role	ヤク,エキ		彳
構	5	316	14	posture, stance, appearance, build, set up	コウ	かま.える,かま.う	木
木	1	317	4	tree, wood	ボク,モク	き,こ-	木
割	6	318	12	proportion, comparatively, divide, cut, separate, split	カツ	わ.る,わり,わ.り,わ.れる,さ.く	刀
聞	2	319	14	hear, ask, listen	ブン,モン	き.く,き.こえる	耳
身	3	320	7	somebody, person, one's station in life	シン	み	身
費	5	321	12	expense, cost, spend, consume, waste	ヒ	つい.やす,つい.える	貝
付	4	322	5	adhere, attach, refer to, append	フ	つ.ける,-つ.ける,-づ.ける,つ.け,つ.け-,-つ.け,-づ.け,-づけ,つ.く,-づ.く,つ.き,-つ.き,-つき,-づ.き,-づき	化
施	8	323	9	give, bestow, perform, alms	シ,セ	ほどこ.す	方
切	2	324	4	cut, cutoff, be sharp	セツ,サイ	き.る,-き.る,き.り,-き.り,-ぎ.り,き.れる,-き.れる,き.れ,-き.れ,-ぎ.れ	刀
由	3	325	5	wherefore, a reason	ユ,ユウ,ユイ	よし,よ.る	田
説	4	326	14	opinion, theory, explanation, rumor	セツ,ゼイ	と.く	言
転	3	327	11	revolve, turn around, change	テン	ころ.がる,ころ.げる,ころ.がす,ころ.ぶ,まろ.ぶ,うたた,うつ.る,くる.めく	車
食	2	328	9	eat, food	ショク,ジキ	く.う,く.らう,た.べる,は.む	食
比	5	329	4	compare, race, ratio, Philippines	ヒ	くら.べる	比
難	6	330	18	difficult, impossible, trouble, accident, defect	ナン	かた.い,-がた.い,むずか.しい,むづか.しい,むつか.しい,-にく.い	隹
防	5	331	7	ward off, defend, protect, resist	ボウ	ふせ.ぐ	阡
補	6	332	12	supplement, supply, make good, offset, compensate, assistant, learner	ホ	おぎな.う	衣
車	1	333	7	car	シャ	くるま	車
優	6	334	17	tenderness, excel, surpass, actor, superiority, gentleness	ユウ,ウ	やさ.しい,すぐ.れる,まさ.る	化
夫	4	335	4	husband, man	フ,フウ,ブ	おっと,それ	大
研	3	336	9	polish, study of, sharpen	ケン	と.ぐ	石
収	6	337	4	income, obtain, reap, pay, supply, store	シュウ	おさ.める,おさ.まる	又
断	5	338	11	severance, decline, refuse, apologize, warn, dismiss, prohibit, decision, judgement, cutting	ダン	た.つ,ことわ.る,さだ.める	斤
井	4	339	4	well, well crib, town, community	セイ,ショウ	い	二
何	2	340	7	what	カ	なに,なん,なに-,なん-	化
南	2	341	9	south	ナン,ナ	みなみ	十
石	1	342	5	stone	セキ,シャク,コク	いし	石
足	1	343	7	leg, foot, be sufficient, counter for pairs of footwear	ソク	あし,た.りる,た.る,た.す	足
違	8	344	13	difference, differ	イ	ちが.う,ちが.い,ちが.える,-ちが.える,たが.う,たが.える	込
消	3	345	10	extinguish, blow out, turn off, neutralize, cancel	ショウ	き.える,け.す	汁
境	5	346	14	boundary, border, region	キョウ,ケイ	さかい	土
神	3	347	9	gods, mind, soul	シン,ジン	かみ,かん-,こう-	示
番	2	348	12	turn, number in a series	バン	つが.い	田
規	5	349	11	standard, measure	キ		見
術	5	350	11	art, technique, skill, means, trick, resources, magic	ジュツ	すべ	行
護	5	351	20	safeguard, protect	ゴ	まも.る	言
展	6	352	10	unfold, expand	テン		尸
態	5	353	14	attitude, condition, figure, appearance, voice (of verbs)	タイ	わざ.と	心
導	5	354	15	guidance, leading, conduct, usher	ドウ	みちび.く	寸
鮮	8	355	17	fresh, vivid, clear, brilliant, Korea	セン	あざ.やか	魚
備	5	356	12	equip, provision, preparation	ビ	そな.える,そな.わる,つぶさ.に	化
宅	6	357	6	home, house, residence, our house, my husband	タク		宀
害	4	358	10	harm, injury	ガイ		宀
配	3	359	10	distribute, spouse, exile, rationing	ハイ	くば.る	酉
副	4	360	11	vice-, assistant, aide, duplicate, copy	フク		刀
算	2	361	14	calculate, divining, number, abacus, probability	サン	そろ	竹
視	6	362	11	inspection, regard as, see, look at	シ	み.る	見
条	5	363	7	article, clause, counter for articles, clauses, paragraphs, etc., twig, item, stripe, streak	ジョウ,チョウ,デキ	えだ,すじ	木
幹	5	364	13	tree trunk, main part, talent, capability	カン	みき	干
独	5	365	9	single, alone, spontaneously, Germany	ドク,トク	ひと.り	犯
警	6	366	19	admonish, commandment	ケイ	いまし.める	言
宮	3	367	10	Shinto shrine, constellations, palace, princess	キュウ,グウ,ク,クウ	みや	宀
究	3	368	7	research, study	キュウ,ク	きわ.める	穴
育	3	369	8	bring up, grow up, raise, rear	イク	そだ.つ,そだ.ち,そだ.てる,はぐく.む	肉
席	4	370	10	seat, mat, occasion, place	セキ	むしろ	巾
輸	5	371	16	transport, send, be inferior	ユ,シュ		車
訪	6	372	11	call on, visit, look up, offer sympathy	ホウ	おとず.れる,たず.ねる,と.う	言
楽	2	373	13	music, comfort, ease	ガク,ラク,ゴウ	たの.しい,たの.しむ,この.む	木
起	3	374	10	rouse, wake up, get up	キ	お.きる,お.こる,お.こす,おこ.す,た.つ	走
万	2	375	3	ten thousand, 10,000	マン,バン	よろず	一
着	3	376	12	don, arrive, wear, counter for suits of clothing	チャク,ジャク	き.る,き.せる,つ.く,つ.ける	目
乗	3	377	9	ride, power, multiplication, record, counter for vehicles, board, mount, join	ジョウ,ショウ	の.る,-の.り,の.せる	ノ
店	2	378	8	store, shop	テン	みせ,たな	广
述	5	379	8	mention, state, speak, relate	ジュツ	の.べる	込
残	4	380	10	remainder, leftover, balance	ザン,サン	のこ.る,のこ.す,そこな.う,のこ.り	歹
想	3	381	13	idea, thought, conception, think	ソウ,ソ	おも.う	心
線	2	382	15	line, track	セン	すじ	糸
率	5	383	11	ratio, rate, proportion, %, factor, lead, spearhead, command	ソツ,リツ,シュツ	ひき.いる	玄
病	3	384	10	ill, sick	ビョウ,ヘイ	や.む,-や.み,やまい	疔
農	3	385	13	agriculture, farmers	ノウ		辰
州	3	386	6	state, province	シュウ,ス	す	巛
武	5	387	8	warrior, military, chivalry, arms	ブ,ム	たけ,たけ.し	止
声	2	388	7	voice	セイ,ショウ	こえ,こわ-	士
質	5	389	15	substance, quality, matter, temperament	シツ,シチ,チ	たち,ただ.す,もと,わりふ	貝
念	4	390	8	wish, sense, idea, thought, feeling, desire, attention	ネン		心
待	3	391	9	wait, depend on	タイ	ま.つ,-ま.ち	彳
試	4	392	13	test, try, attempt, experiment, ordeal	シ	こころ.みる,ため.す	言
族	3	393	11	tribe, family	ゾク		方
象	5	394	12	elephant, pattern after, imitate, image, shape, sign (of the times)	ショウ,ゾウ	かたど.る	豕
銀	3	395	14	silver	ギン	しろがね	金
域	6	396	11	range, region, limits, stage, level	イキ		土
助	3	397	7	help, rescue, assist	ジョ	たす.ける,たす.かる,す.ける,すけ	力
労	4	398	7	labor, thank for, reward for, toil, trouble	ロウ	ろう.する,いたわ.る,いた.ずき,ねぎら,つか.れる,ねぎら.う	力
例	4	399	8	example, custom, usage, precedent	レイ	たと.える	化
衛	5	400	16	defense, protection	エイ,エ		行
然	4	401	12	sort of thing, so, if so, in that case, well	ゼン,ネン	しか,しか.り,しか.し,さ	火
早	1	402	6	early, fast	ソウ,サッ	はや.い,はや,はや-,はや.まる,はや.める,さ-	日
張	5	403	11	counter for bows & stringed instruments, stretch, spread, put up (tent)	チョウ	は.る,-は.り,-ば.り	弓
映	6	404	9	reflect, reflection, projection	エイ	うつ.る,うつ.す,は.える,-ば.え	日
限	5	405	9	limit, restrict, to best of ability	ゲン	かぎ.る,かぎ.り,-かぎ.り	阡
親	2	406	16	parent, intimacy, relative, familiarity, dealer (cards)	シン	おや,おや-,した.しい,した.しむ	見
額	5	407	18	forehead, tablet, plaque, framed picture, sum, amount, volume	ガク	ひたい	頁
監	8	408	15	oversee, official, govt office, rule, administer	カン		皿
環	8	409	17	ring, circle, loop	カン	わ	王
験	4	410	18	verification, effect, testing	ケン,ゲン	あかし,しるし,ため.す,ためし	馬
追	3	411	9	chase, drive away, follow, pursue, meanwhile	ツイ	お.う	込
審	8	412	15	hearing, judge, trial	シン	つまび.らか,つぶさ.に	宀
商	3	413	11	make a deal, selling, dealing in, merchant	ショウ	あきな.う	口
葉	3	414	12	leaf, plane, lobe, needle, blade, spear, counter for flat things, fragment, piece	ヨウ	は	艾
義	5	415	13	righteousness, justice, morality, honor, loyalty, meaning	ギ		羊
伝	4	416	6	transmit, go along, walk along, follow, report, communicate, legend, tradition	デン,テン	つた.わる,つた.える,つた.う,つだ.う,-づた.い,つて	化
働	4	417	13	work, (kokuji)	ドウ	はたら.く	化
形	2	418	7	shape, form, style	ケイ,ギョウ	かた,-がた,かたち,なり	彡
景	4	419	12	scenery, view	ケイ		日
落	3	420	12	fall, drop, come down, village, hamlet	ラク	お.ちる,お.ち,お.とす	艾
欧	8	421	8	Europe	オウ	うた.う,は.く	欠
担	6	422	8	shouldering, carry, raise, bear	タン	かつ.ぐ,にな.う	扎
好	4	423	6	fond, pleasing, like something	コウ	この.む,す.く,よ.い,い.い	女
退	6	424	9	retreat, withdraw, retire, resign, repel, expel, reject	タイ	しりぞ.く,しりぞ.ける,ひ.く,の.く,の.ける,ど.く	込
準	5	425	13	semi-, correspond to, proportionate to, conform, imitate	ジュン	じゅん.じる,じゅん.ずる,なぞら.える,のり,ひと.しい,みずもり	汁
賞	5	426	15	prize, reward, praise	ショウ	ほ.める	貝
訴	8	427	12	accusation, sue, complain of pain, appeal to	ソ	うった.える	言
辺	4	428	5	environs, boundary, border, vicinity	ヘン	あた.り,ほと.り,-べ	込
造	5	429	10	create, make, structure, physique	ゾウ	つく.る,つく.り,-づく.り	込
英	4	430	8	England, English, hero, outstanding, calyx	エイ	はなぶさ	艾
被	8	431	10	incur, cover, veil, brood over, shelter, wear, put on, be exposed (film), receiving	ヒ	こうむ.る,おお.う,かぶ.る,かぶ.せる	衣
株	6	432	10	stocks, stump, shares, stock, counter for small plants	シュ	かぶ	木
頭	2	433	16	head, counter for large animals	トウ,ズ,ト	あたま,かしら,-がしら,かぶり	頁
技	5	434	7	skill, art, craft, ability, feat, performance, vocation, arts	ギ	わざ	扎
低	4	435	7	lower, short, humble	テイ	ひく.い,ひく.める,ひく.まる	化
毎	2	436	6	every	マイ	ごと,-ごと.に	毋
医	3	437	7	doctor, medicine	イ	い.やす,い.する,くすし	
復	5	438	12	restore, return to, revert, resume	フク	また	彳
仕	3	439	5	attend, doing, official, serve	シ,ジ	つか.える	化
去	3	440	5	gone, past, quit, leave, elapse, eliminate, divorce	キョ,コ	さ.る,-さ.る	厶
姿	6	441	9	figure, form, shape	シ	すがた	女
味	3	442	8	flavor, taste	ミ	あじ,あじ.わう	口
負	3	443	9	defeat, negative, -, minus, bear, owe, assume a responsibility	フ	ま.ける,ま.かす,お.う	貝
閣	6	444	14	tower, tall building, palace	カク		門
韓	8	445	18	Korea	カン	から,いげた	韋
渡	8	446	12	transit, ford, ferry, cross, import, deliver, diameter, migrate	ト	わた.る,-わた.る,わた.す	汁
失	4	447	5	lose, error, fault, disadvantage, loss	シツ	うしな.う,う.せる	大
移	5	448	11	shift, move, change, drift, catch (cold, fire), pass into	イ	うつ.る,うつ.す	禾
差	4	449	10	distinction, difference, variation, discrepancy, margin, balance	サ	さ.す,さ.し	工
衆	6	450	12	masses, great numbers, multitude, populace	シュウ,シュ	おお.い	血
個	5	451	10	individual, counter for articles	コ,カ		化
門	2	452	8	gate, counter for cannons	モン	かど,と	門
写	3	453	5	copy, be photographed, describe	シャ,ジャ	うつ.す,うつ.る,うつ-,うつ.し	冖
評	5	454	12	evaluate, criticism, comment	ヒョウ		言
課	4	455	15	chapter, lesson, section, department, division, counter for chapters (of a book)	カ		言
末	4	456	5	end, close, tip, powder, posterity	マツ,バツ	すえ,うら,うれ	木
守	3	457	6	guard, protect, defend, obey	シュ,ス	まも.る,まも.り,もり,-もり,かみ	宀
若	6	458	8	young, if, perhaps, possibly, low number, immature	ジャク,ニャク,ニャ	わか.い,わか-,も.しくわ,も.し,も.しくは,ごと.し	艾
脳	6	459	11	brain, memory	ノウ,ドウ	のうずる	肉
極	4	460	12	extreme, pole, extremely, very, highly, most, end, settlement, conclusion, highest rank	キョク,ゴク	きわ.める,きわ.まる,きわ.まり,きわ.み,き.める,-ぎ.め,き.まる	木
種	4	461	14	species, kind, class, variety, seed	シュ	たね,-ぐさ	禾
美	3	462	9	beauty, beautiful	ビ,ミ	うつく.しい	羊
岡	4	463	8	mount, hill, knoll	コウ	おか	山
影	8	464	15	shadow, silhouette, phantom	エイ	かげ	彡
命	3	465	8	fate, command, decree, destiny, life, appoint	メイ,ミョウ	いのち	口
含	8	466	7	contain, include, hold in the mouth, bear in mind, understand, cherish	ガン	ふく.む,ふく.める	口
福	3	467	13	blessing, fortune, luck, wealth	フク		示
蔵	6	468	15	storehouse, hide, own, have, possess	ゾウ,ソウ	くら,おさ.める,かく.れる	艾
量	4	469	12	quantity, measure, weight, amount, consider, estimate, surmise	リョウ	はか.る	里
望	4	470	11	ambition, full moon, hope, desire, aspire to, expect	ボウ,モウ	のぞ.む,もち	月
松	4	471	8	pine tree	ショウ	まつ	木
非	5	472	8	un-, mistake, negative, injustice, non-	ヒ	あら.ず	非
撃	8	473	15	beat, attack, defeat, conquer	ゲキ	う.つ	扎
佐	4	474	7	assistant, help	サ		化
核	8	475	10	nucleus, core, kernel	カク		木
観	4	476	18	outlook, look, appearance, condition, view	カン	み.る,しめ.す	見
察	4	477	14	guess, presume, surmise, judge, understand	サツ		宀
整	3	478	16	organize, arranging, tune, tone, meter, key (music)	セイ	ととの.える,ととの.う	攵
段	6	479	9	grade, steps, stairs	ダン,タン		殳
横	3	480	15	sideways, side, horizontal, width, woof, unreasonable, perverse	オウ	よこ	木
融	8	481	16	dissolve, melt	ユウ	と.ける,と.かす	虫
型	5	482	9	mould, type, model	ケイ	かた,-がた	土
白	1	483	5	white	ハク,ビャク	しろ,しら-,しろ.い	白
深	3	484	11	deep, heighten, intensify, strengthen	シン	ふか.い,-ぶか.い,ふか.まる,ふか.める,み-	汁
字	1	485	6	character, letter, word, section of village	ジ	あざ,あざな,-な	子
答	2	486	12	solution, answer	トウ	こた.える,こた.え	竹
夜	2	487	8	night, evening	ヤ	よ,よる	夕
製	5	488	14	made in..., manufacture	セイ		衣
票	4	489	11	ballot, label, ticket, sign	ヒョウ		示
況	8	490	8	condition, situation	キョウ	まし.て,いわ.んや,おもむき	汁
音	1	491	9	sound, noise	オン,イン,-ノン	おと,ね	音
申	3	492	5	have the honor to, sign of the monkey, 3-5PM, ninth sign of Chinese zodiac	シン	もう.す,もう.し-,さる	田
様	3	493	14	Esq., way, manner, situation, polite suffix	ヨウ,ショウ	さま,さん	木
財	5	494	10	property, money, wealth, assets	ザイ,サイ,ゾク	たから	貝
港	3	495	12	harbor	コウ	みなと	汁
識	5	496	19	discriminating, know, write	シキ	し.る,しる.す	言
注	3	497	8	pour, irrigate, shed (tears), flow into, concentrate on, notes, comment, annotate	チュウ	そそ.ぐ,さ.す,つ.ぐ	汁
呼	6	498	8	call, call out to, invite	コ	よ.ぶ	口
渉	8	499	11	ford, go cross, transit, ferry, import, involve	ショウ	わた.る	汁
達	4	500	12	accomplished, reach, arrive, attain	タツ,ダ	-たち	込
彼	8	648	8	he, that, the	ヒ	かれ,かの,か.の	彳
処	6	547	5	dispose, manage, deal with, sentence, condemn, act, behave, place	ショ	ところ,-こ,お.る	几
否	6	561	7	negate, no, noes, refuse, decline, deny	ヒ	いな,いや	口
如	8	1704	6	likeness, like, such as, as if, better, best, equal	ジョ,ニョ	ごと.し	女
居	5	836	8	reside, to be, exist, live with	キョ,コ	い.る,-い,お.る	尸
御	8	1087	12	honorable, manipulate, govern	ギョ,ゴ	おん-,お-,み-	彳
座	6	588	10	squat, seat, cushion, gathering, sit	ザ	すわ.る	广
握	8	1003	12	grip, hold, mould sushi, bribe	アク	にぎ.る	扎
菓	8	1719	11	candy, cakes, fruit	カ		艾
願	4	894	19	petition, request, vow, wish, hope	ガン	ねが.う,-ねがい	頁
致	8	870	10	doth, do, send, forward, cause, exert, incur, engage	チ	いた.す	至
帰	2	504	10	homecoming, arrive at, lead to, result in	キ	かえ.る,かえ.す,おく.る,とつ.ぐ	巾
客	3	557	9	guest, visitor, customer, client	キャク,カク		宀
休	1	642	6	rest, day off, retire, sleep	キュウ	やす.む,やす.まる,やす.める	化
兄	2	1219	5	elder brother, big brother	ケイ,キョウ	あに	儿
焼	4	982	12	bake, burning	ショウ	や.く,や.き,や.き-,-や.き,や.ける	火
絞	8	1288	12	strangle, constrict, wring	コウ	しぼ.る,し.める,し.まる	糸
舞	8	655	15	dance, flit, circle, wheel	ブ	ま.う,-ま.う,まい	舛
遣	8	664	13	dispatch, despatch, send, give, donate, do, undertake	ケン	つか.う,-つか.い,-づか.い,つか.わす,や.る	込
姉	2	1473	8	elder sister	シ	あね,はは	女
辞	4	633	13	resign, word, term, expression	ジ	や.める,いな.む	辛
儀	8	739	15	ceremony, rule, affair, case, a matter	ギ		化
邪	8	1612	8	wicked, injustice, wrong	ジャ	よこし.ま	邦
魔	8	1514	21	witch, demon, evil spirit	マ		鬼
洗	6	1168	9	wash, inquire into, probe	セン	あら.う	汁
巡	8	1262	6	patrol, go around, circumference	ジュン	めぐ.る,めぐ.り	巛
祖	5	1226	9	ancestor, pioneer, founder	ソ		示
父	2	646	4	father	フ	ちち	父
母	2	570	5	mother	ボ	はは,も	毋
袋	8	1125	11	sack, bag, pouch	タイ,ダイ	ふくろ	衣
誕	6	1024	15	nativity, be born, declension, lie, be arbitrary	タン		言
茶	2	1116	9	tea	チャ,サ		艾
天	1	512	4	heavens, sky, imperial	テン	あまつ,あめ,あま-	大
疲	8	1263	10	exhausted, tire, weary	ヒ	つか.れる,-づか.れ,つか.らす	疔
腹	6	1286	13	abdomen, belly, stomach	フク	はら	肉
返	3	685	7	return, answer, fade, repay	ヘン	かえ.す,-かえ.す,かえ.る,-かえ.る	込
墨	8	1616	14	black ink, India ink, ink stick, Mexico	ボク	すみ	土
敵	6	1205	15	enemy, foe, opponent	テキ	かたき,あだ,かな.う	攵
適	5	670	14	suitable, occasional, rare, qualified, capable	テキ	かな.う	込
弱	2	958	10	weak, frail	ジャク	よわ.い,よわ.る,よわ.まる,よわ.める	弓
刻	6	866	8	engrave, cut fine, chop, hash, mince, time, carving	コク	きざ.む,きざ.み	刀
草	1	967	9	grass, weeds, herbs, pasture, write, draft	ソウ	くさ,くさ-,-ぐさ	艾
較	8	1172	13	contrast, compare	カク,コウ	くら.べる	車
競	4	610	20	emulate, compete with, bid, sell at auction, bout, contest, race	キョウ,ケイ	きそ.う,せ.る,くら.べる	立
愚	8	1551	13	foolish, folly, absurdity, stupid	グ	おろ.か	心
図	2	539	7	map, drawing, plan, extraordinary, audacious	ズ,ト	え,はか.る	囗
拘	8	1336	8	arrest, seize, concerned, adhere to, despite	コウ	かか.わる	扎
尽	8	1234	6	exhaust, use up, run out of, deplete, befriend, serve	ジン,サン	つ.きる,つ.くす,つ.かす,-づ.く,-ず.く,ことごと.く	尸
是	8	1045	9	just so, this, right, justice	ゼ,シ	これ,この,ここ	日
等	3	798	12	etc., and so forth, class (first), quality, equal, similar	トウ	ひと.しい,など,-ら	竹
之	9	1318	3	of, this	シ	の,これ,ゆく,この	ノ
箱	3	1357	15	box, chest, case, bin, railway car	ソウ	はこ	竹
芥	9	1929	7	mustard, rape, dust, trash, rubbish	カイ,ケ	からし,ごみ,あくた	艾
苦	3	623	8	suffering, trial, worry, hardship, feel bitter, scowl	ク	くる.しい,-ぐる.しい,くる.しむ,くる.しめる,にが.い,にが.る	艾
走	2	626	7	run	ソウ	はし.る	走
頻	8	1590	17	repeatedly, recur	ヒン	しき.りに	頁
執	8	800	11	tenacious, take hold, grasp, take to heart	シツ,シュウ	と.る	土
染	6	837	9	dye, color, paint, stain, print	セン	そ.める,そ.まる,し.みる,し.み	木
逆	5	683	9	inverted, reverse, opposite, wicked	ギャク,ゲキ	さか,さか.さ,さか.らう	込
凝	8	1712	16	congeal, freeze, stiff, be absorbed in	ギョウ	こ.る,こ.らす,こご.らす,こご.らせる,こご.る	冫
拳	8	1935	10	fist	ケン,ゲン	こぶし	扎
擦	8	1485	17	grate, rub, scratch, scrape, chafe, scour	サツ	す.る,す.れる,-ず.れ,こす.る,こす.れる	扎
摩	8	1252	15	chafe, rub, polish, grind, scrape	マ	ま.する,さす.る,す.る	扎
其	9	1930	8	that	キ,ギ,ゴ	それ,その	ハ
奴	8	1932	5	guy, slave, manservant, fellow	ド	やつ,やっこ	女
他	3	543	5	other, another, the others	タ	ほか	化
抑	8	834	7	repress, well, now, in the first place, push, shove, press, seal, do in spite of	ヨク	おさ.える	扎
風	2	558	9	wind, air, style, manner	フウ,フ	かぜ,かざ-	風
微	8	1108	13	delicate, minuteness, insignificance	ビ	かす.か	彳
程	5	514	12	extent, degree, law, formula, distance, limits, amount	テイ	ほど,-ほど	禾
丈	8	1375	3	length, ten shaku, measure, Mr., Ms., height, stature, all (one has), only, that's all, merely	ジョウ	たけ,だけ	一
怠	8	1703	9	neglect, laziness	タイ	おこた.る,なま.ける	心
序	5	1160	7	preface, beginning, order, precedence, occasion, chance, incidentally	ジョ	つい.で,ついで	广
熟	6	1415	15	mellow, ripen, mature, acquire skill	ジュク	う.れる	火
詰	8	1020	13	packed, close, pressed, reprove, rebuke, blame	キツ,キチ	つ.める,つ.め,-づ.め,つ.まる,つ.む	言
飛	4	580	9	fly, skip (pages), scatter	ヒ	と.ぶ,と.ばす,-と.ばす	飛
泥	8	1589	8	mud, mire, adhere to, be attached to	デイ,ナイ,デ,ニ	どろ,なず.む	汁
閑	8	1994	12	leisure	カン		門
故	5	612	9	happenstance, especially, intentionally, reason, cause, circumstances, the late, therefore, consequently	コ	ゆえ,ふる.い,もと	攵
柔	8	1187	9	tender, weakness, gentleness, softness	ジュウ,ニュウ	やわ.らか,やわ.らかい,やわ,やわ.ら	木
因	5	636	6	cause, factor, be associated with, depend on, be limited to	イン	よ.る,ちな.む	囗
依	8	906	8	reliant, depend on, consequently, therefore, due to	イ,エ	よ.る	化
異	6	631	11	uncommon, different, queerness, strangeness, wonderful, curious, unusual	イ	こと,こと.なる,け	田
拠	8	858	8	foothold, based on, follow, therefore	キョ,コ	よ.る	扎
就	6	624	12	concerning, settle, take position, depart, study, per	シュウ,ジュ	つ.く,つ.ける	尢
延	6	747	8	prolong, stretching	エン	の.びる,の.べる,の.べ,の.ばす	廴
許	5	720	11	permit, approve	キョ	ゆる.す,もと	言
緊	8	677	15	tense, solid, hard, reliable, tight	キン	し.める,し.まる	糸
管	4	517	14	pipe, tube, wind instrument, drunken talk, control, jurisdiction	カン	くだ	竹
棒	6	1455	12	rod, stick, cane, pole, club, line	ボウ		木
呆		1848	7	be amazed, disgusted, shocked	ホウ	ほけ.る,ぼ.ける,あき.れる,おろか	口
忠	6	1113	8	loyalty, fidelity, faithfulness	チュウ		心
矢	2	1294	5	dart, arrow	シ	や	矢
繰	8	872	19	winding, reel, spin, turn (pages), look up, refer to	ソウ	く.る	糸
揺	8	1079	12	swing, shake, sway, rock, tremble, vibrate	ヨウ	ゆ.れる,ゆ.る,ゆ.らぐ,ゆ.るぐ,ゆ.する,ゆ.さぶる,ゆ.すぶる,うご.く	扎
寄	5	673	11	draw near, stop in, bring near, gather, collect, send, forward	キ	よ.る,-よ.り,よ.せる	宀
越	8	897	12	surpass, cross over, move to, exceed, Vietnam	エツ,オツ	こ.す,-こ.す,-ご.し,こ.える,-ご.え	走
亜	8	1509	7	Asia, rank next, come after, -ous	ア	つ.ぐ	二
細	2	537	11	dainty, get thin, taper, slender, narrow, detailed, precise	サイ	ほそ.い,ほそ.る,こま.か,こま.かい	糸
酸	5	1218	14	acid, bitterness, sour, tart	サン	す.い	酉
里	2	1096	7	ri, village, parent's home, league	リ	さと	里
尼	8	1844	5	nun	ニ	あま	尸
吉	8	711	6	good luck, joy, congratulations	キチ,キツ	よし	口
色	2	621	6	color	ショク,シキ	いろ	色
列	3	927	6	file, row, rank, tier, column	レツ,レ		刀
伊	9	703	6	Italy, that one	イ	かれ	化
太	2	552	4	plump, thick, big around	タイ,タ	ふと.い,ふと.る	大
久	5	688	3	long time, old story	キュウ,ク	ひさ.しい	ノ
蘭	9	1886	19	orchid, Holland	ラン,ラ		艾
印	4	682	6	stamp, seal, mark, imprint, symbol, emblem, trademark, evidence, souvenir, India	イン	しるし,-じるし,しる.す	卩
那	8	1621	7	what?	ナ,ダ	なに,なんぞ,いかん	邦
克	8	1333	7	overcome, kindly, skillfully	コク	か.つ	儿
宇	6	883	6	eaves, roof, house, heaven	ウ		宀
柳	8	1169	9	willow	リュウ	やなぎ	木
貝	1	1787	7	shellfish	バイ	かい	貝
具	3	629	8	tool, utensil, means, possess, ingredients, counter for armor, suits, sets of furniture	グ	そな.える,つぶさ.に	ハ
幾	8	1725	12	how many, how much, how far, how long, some, several	キ	いく-,いく.つ,いく.ら	幺
及	8	544	3	reach out, exert, exercise, cause	キュウ	およ.ぶ,およ.び,および,およ.ぼす	又
歴	5	632	14	curriculum, continuation, passage of time	レキ,レッキ		止
豪	8	1104	14	overpowering, great, powerful, excelling, Australia	ゴウ	えら.い	豕
牛	2	1202	4	cow	ギュウ	うし	牛
津	8	1036	9	haven, port, harbor, ferry	シン	つ	汁
阿	9	1126	8	Africa, flatter, fawn upon, corner, nook, recess	ア,オ	おもね.る,くま	阡
児	4	679	7	newborn babe, child, young of animals	ジ,ニ,ゲイ	こ,-こ,-っこ	儿
録	4	546	16	record	ロク	しる.す,と.る	金
奈	4	841	8	Nara, what?	ナ,ナイ,ダイ	いかん,からなし	大
糸	1	1488	6	thread	シ	いと	糸
雀	9	1856	11	sparrow	ジャク,ジャン,サク,シャク	すずめ	隹
瓦	8	1850	5	tile, gram	ガ	かわら,ぐらむ	瓦
沈	8	1271	7	sink, be submerged, subside, be depressed, aloes	チン,ジン	しず.む,しず.める	汁
菜	4	1327	11	vegetable, side dish, greens	サイ	な	艾
馬	2	639	10	horse	バ	うま,うま-,ま	馬
丹	8	1402	4	rust-colored, red, red lead, pills, sincerity	タン	に	丶
鬼	8	1557	10	ghost, devil	キ	おに,おに-	鬼
督	8	534	13	coach, command, urge, lead, supervise	トク		目
希	4	896	7	hope, beg, request, pray, beseech, Greece, dilute (acid), rare, few, phenomenal	キ,ケ	まれ,こいねが.う	巾
科	2	531	9	department, course, section	カ		禾
威	8	1103	9	intimidate, dignity, majesty, menace, threaten	イ	おど.す,おど.し,おど.かす	女
留	5	731	10	detain, fasten, halt, stop	リュウ,ル	と.める,と.まる,とど.める,とど.まる,るうぶる	田
徳	4	1091	14	benevolence, virtue, goodness, commanding respect	トク		彳
耳	1	1328	6	ear	ジ	みみ	耳
古	2	509	5	old	コ	ふる.い,ふる-,-ふる.す	口
洋	3	763	9	ocean, sea, foreign, Western style	ヨウ		汁
杯	8	1235	8	counter for cupfuls, wine glass, glass, toast	ハイ	さかずき	木
骨	6	936	10	skeleton, bone, remains, frame	コツ	ほね	骨
混	5	824	11	mix, blend, confuse	コン	ま.じる,-ま.じり,ま.ざる,ま.ぜる,こ.む	汁
砂	6	1146	9	sand	サ,シャ	すな	石
漠	8	1611	13	vague, obscure, desert, wide	バク		汁
沙	8	1897	7	sand	サ,シャ	すな,よなげる	汁
舎	5	1170	8	cottage, inn, hut, house, mansion	シャ,セキ	やど.る	化
路	3	529	13	path, route, road, distance	ロ,ル	-じ,みち	足
雪	2	1131	11	snow	セツ	ゆき	雨
伯	8	1741	7	chief, count, earl, uncle, Brazil	ハク		化
玉	1	737	5	jewel, ball	ギョク	たま,たま-,-だま	王
酒	3	1006	10	sake, alcohol	シュ	さけ,さか-	酉
叙	8	1954	9	confer, relate, narrate, describe	ジョ	つい.ず,ついで	又
嘉	9	1553	14	applaud, praise, esteem, happy, auspicious	カ	よみ.する,よい	口
星	2	844	9	star, spot, dot, mark	セイ,ショウ	ほし,-ぼし	日
買	2	520	12	buy	バイ	か.う	貝
寿	8	1245	7	longevity, congratulations, one's natural life	ジュ,ス,シュウ	ことぶき,ことぶ.く,ことほ.ぐ	寸
汗	8	1502	6	sweat, perspire	カン	あせ	汁
瑞	9	1873	13	congratulations	ズイ,スイ	みず-,しるし	王
典	4	1055	8	code, ceremony, law, rule	テン,デン	ふみ,のり	ハ
士	5	526	3	gentleman, scholar, samurai, samurai radical (no. 33)	シ	さむらい	士
篤	8	1942	16	fervent, kind, cordial, serious, deliberate	トク	あつ.い	竹
恒	8	1314	9	constancy, always	コウ	つね,つねに	心
獅	9	1914	13	lion	シ	しし	犯
班	6	1592	10	squad, corps, unit, group	ハン		王
服	3	873	8	clothing, admit, obey, discharge	フク		月
維	8	643	14	fiber, tie, rope	イ		糸
仙	8	1157	5	hermit, wizard, cent	セン,セント		化
蘇	9	1968	19	be resuscitated, revived, perilla, shiso	ソ,ス	よみがえ.る	艾
頼	8	708	16	trust, request	ライ	たの.む,たの.もしい,たよ.る	頁
窒	8	1776	11	plug up, obstruct	チツ		穴
扶	8	1879	7	aid, help, assist	フ	たす.ける	扎
突	8	521	8	stab, protruding, thrust, pierce, prick, collision, sudden	トツ,カ	つ.く	穴
智	9	1002	12	wisdom, intellect, reason	チ		日
逸	8	1524	11	deviate, idleness, leisure, miss the mark, evade, elude, parry, diverge	イツ	そ.れる,そ.らす,はぐ.れる	込
乙	8	1841	1	the latter, duplicate, strange, witty, fishhook radical (no. 5)	オツ,イツ	おと-,きのと	乞
息	3	882	10	breath, respiration, son, interest (on money), rest, coming to an end	ソク	いき	心
羅	8	1831	19	gauze, thin silk, Rome, arrange, spread out	ラ	うすもの	
布	5	877	5	linen, cloth, spread, distribute	フ,ホ	ぬの,し.く,きれ	巾
穴	6	1366	5	hole, aperture, slit, cave, den	ケツ	あな	穴
尻	8	1692	5	buttocks, hips, butt, rear	コウ	しり	尸
停	5	733	11	halt, stopping	テイ	と.める,と.まる	化
弾	8	853	12	bullet, twang, flip, snap	ダン,タン	ひ.く,-ひ.き,はず.む,たま,はじ.く,はじ.ける,ただ.す,はじ.きゆみ	弓
塔	8	1708	12	pagoda, tower, steeple	トウ		土
晩	6	1424	12	nightfall, night	バン		日
香	4	859	9	incense, smell, perfume	コウ,キョウ	か,かお.り,かお.る	香
波	3	740	8	waves, billows, Poland	ハ	なみ	汁
谷	2	508	7	valley	コク	たに,きわ.まる	谷
盤	8	881	15	tray, shallow bowl, platter, tub, board, phonograph record	バン		皿
屋	3	616	9	roof, house, shop, dealer, seller	オク	や	尸
粉	5	1484	10	flour, powder, dust	フン	デシメートル,こ,こな	米
倶		1842	10	both, together, alike	グ,ク	とも.に	化
律	6	992	9	rhythm, law, regulation, gauge, control	リツ,リチ,レツ		彳
賓	8	1677	15	V.I.P., guest	ヒン	まろうど,したがう	貝
郎	8	569	9	son, counter for sons	ロウ,リョウ	おとこ	邦
板	3	926	8	plank, board, plate, stage	ハン,バン	いた	木
秘	6	862	10	secret, conceal	ヒ	ひ.める,ひそ.か,かく.す	禾
露	8	928	21	dew, tears, expose, Russia	ロ,ロウ	つゆ	雨
青	1	589	8	blue, green	セイ,ショウ	あお,あお-,あお.い	青
封	8	1143	9	seal, closing	フウ,ホウ		寸
寸	6	1669	3	measurement, tenth of a shaku, a little, small	スン		寸
満	4	515	12	full, fullness, enough, satisfy	マン,バン	み.ちる,み.つ,み.たす	汁
俺	8	1946	10	I, myself	エン	おれ,われ	化
乃	9	1978	2	from, possessive particle, whereupon, accordingly	ナイ,ダイ,ノ,アイ	の,すなわ.ち,なんじ	ノ
弥	8	1687	8	all the more, increasingly	ミ,ビ	や,いや,いよ.いよ,わた.る	弓
級	3	785	9	class, rank, grade	キュウ		糸
猶	8	1799	12	furthermore, still, yet	ユウ,ユ	なお	犯
老	4	803	6	old man, old age, grow old	ロウ	お.いる,ふ.ける	老
丁	3	1312	2	street, ward, town, counter for guns, tools, leaves or cakes of something, even number, 4th calendar sign	チョウ,テイ,チン,トウ,チ	ひのと	一
浪	8	1508	10	wandering, waves, billows, reckless, unrestrained	ロウ		汁
漫	8	1408	14	cartoon, involuntarily, unrestrained, in spite of oneself, corrupt	マン	みだり.に,そぞ.ろ	汁
倫	8	1322	10	ethics, companion	リン		化
敦	9	1695	12	industry, kindliness	トン,タイ,ダン,チョウ	あつ.い	攵
華	8	1085	10	splendor, flower, petal, shine, luster, ostentatious, showy, gay, gorgeous	カ,ケ	はな	艾
盛	6	712	11	boom, prosper, copulate	セイ,ジョウ	も.る,さか.る,さか.ん	皿
鉛	8	1710	13	lead	エン	なまり	金
熱	4	700	15	heat, temperature, fever, mania, passion	ネツ	あつ.い	火
帯	4	746	10	sash, belt, obi, zone, region	タイ	お.びる,おび	巾
哀	8	1715	9	pathetic, grief, sorrow, pathos, pity, sympathize	アイ	あわ.れ,あわ.れむ,かな.しい	口
悼	8	1645	11	lament, grieve over	トウ	いた.む	心
愛	4	640	13	love, affection, favourite	アイ	いと.しい,かな.しい,め.でる,お.しむ,まな	心
敬	6	1078	12	awe, respect, honor, revere	ケイ,キョウ	うやま.う	攵
犬	1	1326	4	dog	ケン	いぬ,いぬ-	犯
称	8	985	10	appellation, praise, admire, name, title, fame	ショウ	たた.える,とな.える,あ.げる,かな.う,はか.り,はか.る,ほめ.る	禾
読	2	618	14	read	ドク,トク,トウ	よ.む,-よ.み	言
悪	3	530	11	bad, vice, rascal, false, evil, wrong	アク,オ	わる.い,わる-,あ.し,にく.い,-にく.い,ああ,いずくに,いずくんぞ,にく.む	心
響	8	502	20	echo, sound, resound, ring, vibrate	キョウ	ひび.く	音
寒	3	1456	12	cold	カン	さむ.い	宀
戯	8	1880	15	frolic, play, sport	ギ,ゲ	たわむ.れる,ざ.れる,じゃ.れる	戈
賢	8	1159	16	intelligent, wise, wisdom, cleverness	ケン	かしこ.い	貝
臭	8	1760	9	stinking, ill-smelling, suspicious looking, odor, savor, fragrance, be fragrant, stink, glow, be bright	シュウ	くさ.い,-くさ.い,にお.う,にお.い	自
循	8	1699	12	sequential, follow	ジュン		彳
候	4	510	10	climate, season, weather, wait for, expect	コウ	そうろう	化
夢	5	943	13	dream, vision, illusion	ム,ボウ	ゆめ,ゆめ.みる,くら.い	夕
司	4	759	5	director, official, govt office, rule, administer	シ	つかさど.る	口
締	8	797	15	tighten, tie, shut, lock, fasten	テイ	し.まる,し.まり,し.める,-し.め,-じ.め	糸
圧	5	718	5	pressure, push, overwhelm, oppress, dominate	アツ,エン,オウ	お.す,へ.す,おさ.える,お.さえる	土
巻	6	944	9	scroll, volume, book, part, roll up, wind up, tie, coil, counter for texts (or book scrolls)	カン,ケン	ま.く,まき,ま.き	已
縮	6	909	17	shrink, contract, shrivel, wrinkle, reduce	シュク	ちぢ.む,ちぢ.まる,ちぢ.める,ちぢ.れる,ちぢ.らす	糸
倒	8	791	10	overthrow, fall, collapse, drop, break down	トウ	たお.れる,-だお.れ,たお.す,さかさま,さかさ,さかしま	化
迫	8	773	8	urge, force, imminent, spur on	ハク	せま.る	込
旋	8	1801	11	rotation, go around	セン	め.ぐる,いばり	方
扱	8	1057	6	handle, entertain, thresh, strip	ソウ,キュウ	あつか.い,あつか.う,あつか.る,こ.く	扎
易	5	571	8	easy, ready to, simple, fortune-telling, divination	エキ,イ	やさ.しい,やす.い	日
静	4	764	14	quiet	セイ,ジョウ	しず-,しず.か,しず.まる,しず.める	青
障	6	742	14	hinder, hurt, harm	ショウ	さわ.る	阡
泰	8	1281	10	peaceful, calm, peace, easy, Thailand, extreme, excessive, great	タイ		汁
値	6	518	10	price, cost, value	チ	ね,あたい	化
眠	8	1315	10	sleep, die, sleepy	ミン	ねむ.る,ねむ.い	目
暗	3	1040	13	darkness, disappear, shade, informal, grow dark, be blinded	アン	くら.い,くら.む,くれ.る	日
闇	8	1969	17	get dark, gloom, disorder	アン,オン	やみ,くら.い	門
雲	2	1256	12	cloud	ウン	くも,-ぐも	雨
号	3	585	5	nickname, number, item, title, pseudonym, name, call	ゴウ	さけ.ぶ,よびな	口
殺	5	581	10	kill, murder, butcher, slice off, split, diminish, reduce, spoil	サツ,サイ,セツ	ころ.す,-ごろ.し,そ.ぐ,あや.める	殳
礁	8	1977	17	reef, sunken rock	ショウ		石
黙	8	1338	15	silence, become silent, stop speaking, leave as is	モク,ボク	だま.る,もだ.す	黒
降	6	596	10	descend, precipitate, fall, surrender	コウ,ゴ	お.りる,お.ろす,ふ.る,ふ.り,くだ.る,くだ.す	阡
偉	8	1639	12	admirable, greatness, remarkable, conceited, famous, excellent	イ	えら.い	化
囲	5	771	7	surround, besiege, store, paling, enclosure, encircle, preserve, keep	イ	かこ.む,かこ.う,かこ.い	囗
碁	8	1609	13	Go	ゴ		石
託	8	1021	10	consign, requesting, entrusting with, pretend, hint	タク	かこつ.ける,かこ.つ,かこ.つける	言
厳	6	638	17	stern, strictness, severity, rigidity	ゲン,ゴン	おごそ.か,きび.しい,いか.めしい,いつくし	厂
込	8	675	5	crowded, mixture, in bulk, included, (kokuji)		-こ.む,こ.む,こ.み,-こ.み,こ.める	込
志	5	823	7	intention, plan, resolve, aspire, motive, hopes, shilling	シ	シリング,こころざ.す,こころざし	心
匠	8	1718	6	artisan, workman, carpenter	ショウ	たくみ	匚
慰	8	1158	15	consolation, amusement, seduce, cheer, make sport of, comfort, console	イ	なぐさ.める,なぐさ.む	心
霊	8	1458	15	spirits, soul	レイ,リョウ	たま	雨
祭	3	1124	11	ritual, offer prayers, celebrate, deify, enshrine, worship	サイ	まつ.る,まつ.り,まつり	示
為	8	831	9	do, change, make, benefit, welfare, be of use, reach to, try, practice, cost, serve as, good, advantage, as a result of	イ	ため,な.る,な.す,す.る,たり,つく.る,なり	火
替	8	979	12	exchange, spare, substitute, per-	タイ	か.える,か.え-,か.わる	曰
句	5	1244	5	phrase, clause, sentence, passage, paragraph, counter for haiku	ク		口
端	8	960	14	edge, origin, end, point, border, verge, cape	タン	はし,は,はた,-ばた,はな	立
遷	8	1937	15	transition, move, change	セン	うつ.る,うつ.す,みやこがえ	込
植	3	699	12	plant	ショク	う.える,う.わる	木
殖	8	1362	12	augment, increase, multiply, raise	ショク	ふ.える,ふ.やす	歹
籍	8	907	20	enroll, domiciliary register, membership	セキ		竹
緯	8	1430	16	horizontal, woof, left & right, (parallels of) latitude, prediction	イ	よこいと,ぬき	糸
胃	6	1647	9	stomach, paunch, crop, craw	イ		肉
腸	6	1807	13	intestines, guts, bowels, viscera	チョウ	はらわた,わた	肉
衣	4	1214	6	garment, clothes, dressing	イ,エ	ころも,きぬ,-ぎ	衣
装	6	657	12	attire, dress, pretend, disguise, profess	ソウ,ショウ	よそお.う,よそお.い	衣
憲	6	551	16	constitution, law	ケン		心
遺	6	647	15	bequeath, leave behind, reserve	イ,ユイ	のこ.す	込
憾	8	1682	16	remorse, regret, be sorry	カン	うら.む	心
恨	8	1877	9	regret, bear a grudge, resentment, malice, hatred	コン	うら.む,うら.めしい	心
跡	8	953	13	tracks, mark, print, impression	セキ	あと	足
師	5	563	10	expert, teacher, master, model, exemplar, army (incl. counter), war	シ	いくさ	巾
薬	3	702	16	medicine, chemical, enamel, gunpowder, benefit	ヤク	くすり	艾
療	8	600	17	heal, cure	リョウ		疔
戸	2	575	4	door, counter for houses, door radical (no. 63)	コ	と	戸
往	5	1421	8	journey, travel, chase away, let go, going, before, formerly	オウ	い.く,いにしえ,さき.に,ゆ.く	彳
億	4	716	15	hundred million, 10**8	オク		化
階	3	513	12	storey, stair, counter for storeys of a building	カイ	きざはし	阡
概	8	1335	14	outline, condition, approximation, generally	ガイ	おおむ.ね	木
角	2	805	7	angle, corner, square, horn, antlers	カク	かど,つの	角
括	8	1026	9	fasten, tie up, arrest, constrict	カツ	くく.る	扎
貫	8	1156	11	pierce, 8 1/3lbs, penetrate, brace	カン	つらぬ.く,ぬ.く,ぬき	貝
丸	2	542	3	round, full (month), perfection, -ship, pills, make round, roll up, curl up, seduce, explain away	ガン	まる,まる.める,まる.い	丶
喜	5	769	12	rejoice, take pleasure in	キ	よろこ.ぶ,よろこ.ばす	口
憂	8	1625	15	melancholy, grieve, lament, be anxious, sad, unhappy	ユウ	うれ.える,うれ.い,う.い,う.き	心
曲	3	810	6	bend, music, melody, composition, pleasure, injustice, fault, curve, crooked, perverse, lean	キョク	ま.がる,ま.げる,くま	曰
軒	8	1416	10	flats, counter for houses, eaves	ケン	のき	車
冊	6	1313	5	tome, counter for books, volume	サツ,サク	ふみ	冂
炭	3	1307	9	charcoal, coal	タン	すみ	火
素	5	660	10	elementary, principle, naked, uncovered	ソ,ス	もと	糸
室	2	550	9	room, apartment, chamber, greenhouse, cellar	シツ	むろ	宀
周	4	562	8	circumference, circuit, lap	シュウ	まわ.り	口
週	2	540	11	week	シュウ		込
瞬	8	1265	18	wink, blink, twinkle	シュン	またた.く,まじろ.ぐ	目
緒	8	952	14	thong, beginning, inception, end, cord, strap, mental or emotional state	ショ,チョ	お,いとぐち	糸
歩	2	554	8	walk, counter for steps	ホ,ブ,フ	ある.く,あゆ.む	止
娘	8	1145	10	daughter, girl	ジョウ	むすめ,こ	女
鳥	2	1043	11	bird, chicken	チョウ	とり	鳥
懸	8	889	20	state of suspension, hang, depend, consult, distant, far apart	ケン,ケ	か.ける,か.かる	心
斉	8	1209	8	adjusted, alike, equal, similar variety of	セイ,サイ	そろ.う,ひと.しい,ひと.しく,あたる,はやい	文
昔	3	1197	8	once upon a time, antiquity, old times	セキ,シャク	むかし	日
層	6	801	14	stratum, social class, layer, story, floor	ソウ		尸
掃	8	1255	11	sweep, brush	ソウ,シュ	は.く	扎
堂	5	1010	11	public chamber, hall	ドウ		土
敗	4	516	11	failure, defeat, reversal	ハイ	やぶ.れる	攵
倍	3	714	10	double, twice, times, fold	バイ		化
泊	8	1233	8	overnight stay, put up at, ride at anchor	ハク	と.まる,と.める	汁
般	8	649	10	carrier, carry, all, general, sort, kind	ハン		舟
匹	8	1384	4	equal, head, counter for small animals, roll of cloth	ヒツ	ひき	
遍	8	1845	12	everywhere, times, widely, generally	ヘン	あまね.く	込
枚	6	911	8	sheet of..., counter for flat thin objects or sheets	マイ,バイ		木
岩	2	787	8	boulder, rock, cliff	ガン	いわ	山
幕	6	835	13	curtain, bunting, act of play	マク,バク	とばり	巾
躍	8	900	21	leap, dance, skip	ヤク	おど.る	足
翼	8	1201	17	wing, plane, flank	ヨク	つばさ	羽
覧	6	1510	17	perusal, see	ラン	み.る	見
塚	8	869	12	hillock, mound	チョウ	つか,-づか	土
塁	8	651	12	bases, fort, rampart, walls, base(ball)	ルイ,ライ,スイ	とりで	土
速	3	576	10	quick, fast	ソク	はや.い,はや-,はや.める,すみ.やか	込
脱	8	782	11	undress, removing, escape from, get rid of, be left out, take off	ダツ	ぬ.ぐ,ぬ.げる	肉
稲	8	1038	14	rice plant	トウ,テ	いね,いな-	禾
刈	8	1738	4	reap, cut, clip, trim, prune	ガイ,カイ	か.る	刀
妻	5	691	8	wife, spouse	サイ	つま	女
穂	8	1656	15	ear, ear (grain), head, crest (wave)	スイ	ほ	禾
標	4	686	15	signpost, seal, mark, stamp, imprint, symbol, emblem, trademark, evidence, souvenir, target	ヒョウ	しるべ,しるし	木
鑑	8	1391	23	specimen, take warning from, learn from	カン	かんが.みる,かがみ	金
刷	4	1352	8	printing, print, brush	サツ	す.る,-ず.り,-ずり,は.く	刀
紙	2	559	10	paper	シ	かみ	糸
縁	8	1291	15	affinity, relation, connection, edge, border, verge, brink	エン,-ネン	ふち,ふち.どる,ゆかり,よすが,へり,えにし	糸
魅	8	1206	15	fascination, charm, bewitch	ミ		鬼
継	8	743	13	inherit, succeed, continue, patch, graft (tree)	ケイ	つ.ぐ,まま-	糸
抜	8	726	7	slip out, extract, pull out, pilfer, quote, remove, omit	バツ,ハツ,ハイ	ぬ.く,-ぬ.く,ぬ.き,ぬ.ける,ぬ.かす,ぬ.かる	扎
戻	8	890	7	re-, return, revert, resume, restore, go backwards	レイ	もど.す,もど.る	戸
離	8	555	19	detach, separation, disjoin, digress	リ	はな.れる,はな.す	隹
裂	8	1041	12	split, rend, tear	レツ	さ.く,さ.ける,-ぎ.れ	衣
掛	8	1027	11	hang, suspend, depend, arrive at, tax, pour	カイ,ケイ	か.ける,-か.ける,か.け,-か.け,-が.け,か.かる,-か.かる,-が.かる,か.かり,-が.かり,かかり,-がかり	扎
責	5	598	11	blame, condemn, censure	セキ	せ.める	貝
飲	3	969	12	drink, smoke, take	イン,オン	の.む,-の.み	食
陰	8	1393	11	shade, yin, negative, sex organs, secret, shadow	イン	かげ,かげ.る	阡
謀	8	1370	16	conspire, cheat, impose on, plan, devise, scheme, have in mind, deceive	ボウ,ム	はか.る,たばか.る,はかりごと	言
隠	8	1089	14	conceal, hide, cover	イン,オン	かく.す,かく.し,かく.れる,よ.る	阡
滅	8	1222	13	destroy, ruin, overthrow, perish	メツ	ほろ.びる,ほろ.ぶ,ほろ.ぼす	汁
右	1	602	5	right	ウ,ユウ	みぎ	口
左	1	630	5	left	サ,シャ	ひだり	工
折	4	962	7	fold, break, fracture, bend, yield, submit	セツ,シャク	お.る,おり,お.り,-お.り,お.れる	扎
脚	8	1228	11	skids, leg, undercarriage, lower part, base	キャク,キャ,カク	あし	肉
腕	8	1163	12	arm, ability, talent	ワン	うで	肉
宙	6	1005	8	mid-air, air, space, sky, memorization, interval of time	チュウ		宀
魚	2	1208	11	fish	ギョ	うお,さかな,-ざかな	魚
羽	2	748	6	feathers, counter for birds, rabbits	ウ	は,わ,はね	羽
根	3	620	10	root, radical, head (pimple)	コン	ね,-ね	木
織	5	608	18	weave, fabric	ショク,シキ	お.る,お.り,おり,-おり,-お.り	糸
毛	2	1179	4	fur, hair, feather, down	モウ	け	毛
破	5	590	10	rend, rip, tear, break, destroy, defeat, frustrate	ハ	やぶ.る,やぶ.れる,わ.れる	石
雨	1	950	8	rain	ウ	あめ,あま-,-さめ	雨
宿	3	701	11	inn, lodging, relay station, dwell, lodge, be pregnant, home, dwelling	シュク	やど,やど.る,やど.す	宀
漏	8	1298	14	leak, escape, time	ロウ	も.る,も.れる,も.らす	汁
渦	8	1789	12	whirlpool, eddy, vortex	カ	うず	汁
吐	8	1674	6	spit, vomit, belch, confess, tell (lies)	ト	は.く,つ.く	口
浦	8	977	10	bay, creek, inlet, gulf, beach, seacoast	ホ	うら	汁
良	4	501	7	good, pleasing, skilled	リョウ	よ.い,-よ.い,い.い,-い.い	艮
河	5	663	8	river	カ	かわ	汁
航	5	665	10	navigate, sail, cruise, fly	コウ		舟
賃	6	961	13	fare, fee, hire, rent, wages, charge	チン		貝
免	8	1080	8	excuse, dismissal	メン	まぬか.れる,まぬが.れる	儿
搬	8	1664	13	conveyor, carry, transport	ハン		扎
省	4	548	9	government ministry, conserve, omit	セイ,ショウ	かえり.みる,はぶ.く	目
絵	2	895	12	picture, drawing, painting, sketch	カイ,エ		糸
館	3	613	16	building, mansion, large building, palace	カン	やかた,たて	食
像	5	856	14	statue, picture, image, figure, portrait	ゾウ		化
栄	4	920	9	flourish, prosperity, honor, glory, splendor	エイ,ヨウ	さか.える,は.え,-ば.え,は.える,え	木
冠	8	1503	9	crown, best, peerless	カン	かんむり	冖
枯	8	1749	9	wither, die, dry up, be seasoned	コ	か.れる,か.らす	木
光	2	527	6	ray, light	コウ	ひか.る,ひかり	儿
誉	8	1064	13	reputation, praise, honor, glory	ヨ	ほま.れ,ほ.める	言
養	4	888	15	foster, bring up, rear, develop, nurture	ヨウ,リョウ	やしな.う	食
永	5	846	5	eternity, long, lengthy	エイ	なが.い	汁
遠	2	887	13	distant, far	エン,オン	とお.い	込
泳	3	1223	8	swim	エイ	およ.ぐ	汁
単	4	586	9	simple, one, single, merely	タン	ひとえ	十
訳	6	1050	11	translate, reason, circumstance, case	ヤク	わけ	言
雄	8	669	12	masculine, male, hero, leader, superiority, excellence	ユウ	お-,おす,おん	隹
詠	8	2000	12	recitation, poem, song, composing	エイ	よ.む,うた.う	言
鋭	8	1395	15	pointed, sharpness, edge, weapon, sharp, violent	エイ	するど.い	金
敏	8	1042	10	cleverness, agile, alert	ビン	さとい	攵
液	5	1210	11	fluid, liquid, juice, sap, secretion	エキ		汁
晶	8	1613	12	sparkle, clear, crystal	ショウ		日
駅	3	724	14	station	エキ		馬
弁	5	619	5	valve, petal, braid, speech, dialect, discrimination, dispose of, distinguish, conical cap	ベン,ヘン	かんむり,わきま.える,わ.ける,はなびら,あらそ.う	廾
超	8	597	12	transcend, super-, ultra-	チョウ	こ.える,こ.す	走
冬	2	1090	5	winter	トウ	ふゆ	冫
閲	8	1855	15	review, inspection, revision	エツ	けみ.する	門
卓	8	1348	8	eminent, table, desk, high	タク		十
柱	3	1119	9	pillar, post, cylinder, support	チュウ	はしら	木
筒	8	1631	12	cylinder, pipe, tube, gun barrel, sleeve	トウ	つつ	竹
園	2	628	13	park, garden, yard, farm	エン	その	囗
芸	4	719	7	technique, art, craft, performance, acting, trick, stunt	ゲイ,ウン	う.える,のり,わざ	艾
宴	8	1675	10	banquet, feast, party	エン	うたげ	宀
滞	8	1107	13	stagnate, be delayed, overdue, arrears	タイ,テイ	とどこお.る	汁
沿	6	1121	8	run alongside, follow along, run along, lie along	エン	そ.う,-ぞ.い	汁
岸	3	556	8	beach	ガン	きし	山
歌	2	519	14	song, sing	カ	うた,うた.う	欠
劇	6	662	15	drama, play	ゲキ		刀
習	3	706	11	learn	シュウ,ジュ	なら.う,なら.い	羽
舌	6	1830	6	tongue, reed, clapper	ゼツ	した	舌
奏	6	1067	9	play music, speak to a ruler, complete	ソウ	かな.でる	大
壇	8	1512	16	podium, stage, rostrum, terrace	ダン,タン		土
炎	8	1242	8	inflammation, flame, blaze	エン	ほのお	火
症	8	1111	10	symptoms, illness	ショウ		疔
煙	8	1290	13	smoke	エン	けむ.る,けむり,けむ.い	火
猿	8	1772	13	monkey	エン	さる	犯
隔	8	1382	13	isolate, alternate, distance, separate, gulf	カク	へだ.てる,へだ.たる	阡
距	8	1191	12	long-distance, spur, fetlock	キョ	へだ.たる,けづめ	足
征	8	1578	8	subjugate, attack the rebellious, collect taxes	セイ		彳
浅	4	1253	9	shallow, superficial, frivolous, wretched, shameful	セン	あさ.い	汁
慮	8	916	15	prudence, thought, concern, consider, deliberate, fear	リョ	おもんぱく.る,おもんぱか.る	心
筆	3	1132	12	writing brush, writing, painting brush, handwriting	ヒツ	ふで	竹
塩	4	1148	13	salt	エン	しお	土
汚	8	908	6	dirty, pollute, disgrace, rape, defile	オ	けが.す,けが.れる,けが.らわしい,よご.す,よご.れる,きたな.い	汁
濁	8	1883	16	voiced, uncleanness, wrong, nigori, impurity	ダク,ジョク	にご.る,にご.す	汁
奥	8	1018	12	heart, interior	オウ	おく,おく.まる,くま	大
診	8	1019	12	checkup, seeing, diagnose, examine	シン	み.る	言
徹	8	968	15	penetrate, clear, pierce, strike home, sit up (all night)	テツ		彳
酬	8	1515	13	repay, reward, retribution	シュウ,シュ,トウ	むく.いる	酉
召	8	1540	5	seduce, call, send for, wear, put on, ride in, buy, eat, drink, catch (cold)	ショウ	め.す	口
接	5	523	11	touch, contact, adjoin, piece together	セツ,ショウ	つ.ぐ	扎
募	8	809	12	recruit, campaign, gather (contributions), enlist, grow violent	ボ	つの.る	力
押	8	789	8	push, stop, check, subdue, attach, seize, weight, shove, press, seal, do in spite of	オウ	お.す,お.し-,お.っ-,お.さえる,おさ.える	扎
顔	2	676	18	face, expression	ガン	かお	頁
綱	8	1053	14	hawser, class (genus), rope, cord, cable	コウ	つな	糸
幅	8	641	12	hanging scroll, width	フク	はば	巾
柄	8	1140	9	design, pattern, build, nature, character, handle, crank, grip, knob, shaft	ヘイ	がら,え,つか	木
暴	5	692	15	outburst, rave, fret, force, violence, cruelty, outrage	ボウ,バク	あば.く,あば.れる	日
洲	9	1979	9	continent, sandbar, island, country	シュウ,ス	しま	汁
殴	8	1622	8	assault, hit, beat, thrash	オウ	なぐ.る	殳
撲	8	1283	15	slap, strike, hit, beat, tell, speak	ボク		扎
王	1	684	4	king, rule, magnate	オウ,-ノウ		王
将	6	634	10	leader, commander, general, admiral, or, and again, soon, from now on, just about	ショウ,ソウ	まさ.に,はた,まさ,ひきい.る,もって	寸
妃	8	1752	6	queen, princess	ヒ	きさき	女
黄	2	1240	11	yellow	コウ,オウ	き,こ-	黄
沖	4	929	7	open sea, offing, rise high into sky	チュウ	おき,おきつ,ちゅう.する,わく	汁
縄	4	1075	15	straw rope, cord	ジョウ	なわ,ただ.す	糸
荻	9	1630	10	reed, rush	テキ	おぎ	艾
憶	8	1324	16	recollection, think, remember	オク		心
卸	8	1520	9	wholesale	シャ	おろ.す,おろし,おろ.し	卩
恩	6	1418	10	grace, kindness, goodness, favor, mercy, blessing, benefit	オン		心
給	4	615	12	salary, wage, gift, allow, grant, bestow on	キュウ	たま.う,たも.う,-たま.え	糸
恵	8	925	10	favor, blessing, grace, kindness	ケイ,エ	めぐ.む,めぐ.み	心
赦	8	1868	11	pardon, forgiveness	シャ	ゆる.す	赤
温	3	838	12	warm	オン	あたた.か,あたた.かい,あたた.まる,あたた.める,ぬく	汁
緩	8	933	15	slacken, loosen, relax, lessen, be moderate, ease	カン	ゆる.い,ゆる.やか,ゆる.む,ゆる.める	糸
厚	5	768	9	thick, heavy, rich, kind, cordial, brazen, shameless	コウ	あつ.い,あか	厂
床	8	1175	7	bed, counter for beds, floor, padding, tatami	ショウ	とこ,ゆか	广
泉	6	1086	9	spring, fountain	セン	いずみ	汁
存	6	577	6	exist, suppose, be aware of, believe, feel	ソン,ゾン	ながら.える,あ.る,たも.つ,と.う	子
暖	6	1371	13	warmth	ダン,ノン	あたた.か,あたた.かい,あたた.まる,あたた.める	日
穏	8	1535	16	calm, quiet, moderation	オン	おだ.やか	禾
健	4	572	11	healthy, health, strength, persistence	ケン	すこ.やか	化
便	4	729	9	convenience, facility, excrement, feces, letter, chance	ベン,ビン	たよ.り	化
訓	4	1134	10	instruction, Japanese character reading, explanation, read	クン,キン	おし.える,よ.む,くん.ずる	言
符	8	1798	11	token, sign, mark, tally, charm	フ		竹
坂	3	865	7	slope, incline, hill	ハン	さか	土
火	1	574	4	fire	カ	ひ,-び,ほ-	火
旬	8	1162	6	decameron, ten-day period, season (for specific products)	ジュン,シュン		日
駄	8	1500	14	burdensome, pack horse, horse load, send by horse, trivial, worthless	ダ,タ		馬
敷	8	1212	15	spread, pave, sit, promulgate	フ	し.く,-し.き	攵
肥	5	1469	8	fertilizer, get fat, fertile, manure, pamper	ヒ	こ.える,こえ,こ.やす,こ.やし,ふと.る	肉
兵	4	522	7	soldier, private, troops, army, warfare, strategy, tactics	ヘイ,ヒョウ	つわもの	ハ
器	4	525	15	utensil, vessel, receptacle, implement, instrument, ability, container, tool, set	キ	うつわ	口
繊	8	1451	17	slender, fine, thin kimono	セン		糸
仮	5	1039	6	sham, temporary, interim, assumed (name), informal	カ,ケ	かり,かり-	化
才	2	1497	3	genius, years old, cubic shaku	サイ		扎
卒	4	772	8	graduate, soldier, private, die	ソツ,シュツ	そっ.する,お.える,お.わる,ついに,にわか	十
佳	8	1643	8	excellent, beautiful, good, pleasing, skilled	カ		化
盟	6	587	13	alliance, oath	メイ		皿
笑	4	913	10	laugh	ショウ	わら.う,え.む	竹
奇	8	1367	8	strange, strangeness, curiosity	キ	く.しき,あや.しい,くし,めずら.しい	大
怪	8	1634	8	suspicious, mystery, apparition	カイ,ケ	あや.しい,あや.しむ	心
燃	5	948	16	burn, blaze, glow	ネン	も.える,も.やす,も.す	火
夏	2	659	10	summer	カ,ガ,ゲ	なつ	
至	6	996	6	climax, arrive, proceed, reach, attain, result in	シ	いた.る	至
嫁	8	1581	13	marry into, bride	カ	よめ,とつ.ぐ,い.く,ゆ.く	女
婦	5	671	11	lady, woman, wife, bride	フ	よめ	女
鴨	9	1797	16	wild duck, easy mark	オウ	かも,あひる	鳥
系	6	567	7	lineage, system	ケイ		糸
簿	8	1358	19	register, record book	ボ		竹
畜	8	1824	10	livestock, domestic fowl and animals	チク		田
庭	3	816	10	courtyard, garden, yard	テイ	にわ	广
礼	3	1185	5	salute, bow, ceremony, thanks, remuneration	レイ,ライ		示
占	8	694	5	fortune-telling, divining, forecasting, occupy, hold, have, get, take	セン	し.める,うらな.う	卜
庁	6	793	5	government office	チョウ,テイ	やくしょ	广
暇	8	1386	13	spare time, rest, leisure, time, leave of absence	カ	ひま,いとま	日
涯	8	1525	11	horizon, shore, limit, bound	ガイ	はて	汁
敢	8	1859	12	daring, brave, bold, sad, tragic, pitiful	カン	あ.えて,あ.えない,あ.えず	攵
樹	6	988	16	timber, trees, wood, establish, set up	ジュ	き	木
汁	8	1843	5	soup, juice, broth, sap, gravy, pus	ジュウ	しる,-しる,つゆ	汁
架	8	1555	9	erect, frame, mount, support, shelf, construct	カ	か.ける,か.かる	木
詩	3	1196	13	poem, poetry	シ	うた	言
詞	6	1636	12	part of speech, words, poetry	シ	ことば	言
唱	4	1123	11	chant, recite, call upon, yell	ショウ	とな.える	口
姫	8	1566	10	princess	キ	ひめ,ひめ-	女
謡	8	1580	16	song, sing, ballad, noh chanting	ヨウ	うた.い,うた.う	言
瓶	8	1528	11	bottle, vial, jar, jug, vat, urn	ビン,ヘイ	かめ	瓦
花	1	578	7	flower	カ,ケ	はな	艾
災	5	976	7	disaster, calamity, woe, curse, evil	サイ	わざわ.い	火
険	5	707	11	precipitous, inaccessible place, impregnable position, steep place, sharp eyes	ケン	けわ.しい	阡
灰	6	1717	6	ashes, puckery juice, cremate	カイ	はい	火
葬	8	754	12	interment, bury, shelve	ソウ	ほうむ.る	艾
鉢	8	1890	13	bowl, rice tub, pot, crown	ハチ,ハツ		金
曜	2	940	18	weekday	ヨウ		日
稼	8	1264	15	earnings, work, earn money	カ	かせ.ぐ	禾
片	6	1076	4	one-sided, leaf, sheet, right-side kata radical (no. 91)	ヘン	かた-,かた	片
束	4	918	7	bundle, sheaf, ream, tie in bundles, govern, manage, control	ソク	たば,たば.ねる,つか,つか.ねる	木
輪	4	693	15	wheel, ring, circle, link, loop, counter for wheels and flowers	リン	わ	車
虐	8	1464	9	tyrannize, oppress	ギャク	しいた.げる	虍
荷	3	1230	10	baggage, shoulder-pole load, bear (a burden), shoulder (a gun), load, cargo, freight	カ	に	艾
札	4	921	5	tag, paper money, counter for bonds, placard, bid	サツ	ふだ	木
揚	8	1316	12	raise, elevate, hoist, praise, extol, fry in deep fat	ヨウ	あ.げる,-あ.げ,あ.がる	扎
麗	8	1758	19	lovely, beautiful, graceful, resplendent	レイ	うるわ.しい,うら.らか	鹿
徴	8	850	14	indications, sign, omen, symptom, collect, seek, refer to, question	チョウ,チ	しるし	彳
貨	4	822	11	freight, goods, property	カ	たから	貝
幣	8	1803	15	cash, bad habit, humble prefix, gift, Shinto offerings of cloth, rope, cut paper	ヘイ	ぬさ	巾
弊	8	1750	15	abuse, evil, vice, breakage	ヘイ		廾
誤	6	1150	14	mistake, err, do wrong, mislead	ゴ	あやま.る,-あやま.る	言
激	6	560	16	violent, get excited, enraged, chafe, incite	ゲキ	はげ.しい	汁
剰	8	1448	11	surplus, besides	ジョウ	あまつさえ,あま.り,あま.る	刀
疎	8	1572	12	alienate, rough, neglect, shun, sparse, penetrate	ソ,ショ	うと.い,うと.む,まば.ら	疋
密	6	815	11	secrecy, density (pop), minuteness, carefulness	ミツ	ひそ.か	宀
霞	9	1603	17	be hazy, grow dim, blurred	カ,ゲ	かすみ,かす.む	雨
我	6	829	7	ego, I, selfish, our, oneself	ガ	われ,わ,わ.が-,わが-	戈
吾	9	1828	7	I, my, our, one's own	ゴ	われ,わが-,あ-	口
慢	8	1368	14	ridicule, laziness	マン		心
廊	8	1598	12	corridor, hall, tower	ロウ		广
芽	4	1691	8	bud, sprout, spear, germ	ガ	め	艾
賀	4	1056	12	congratulations, joy	ガ		貝
雅	8	1192	13	gracious, elegant, graceful, refined	ガ	みや.び	隹
介	8	617	4	jammed in, shellfish, mediate, concern oneself with	カイ		化
遭	8	1554	14	encounter, meet, party, association, interview, join	ソウ	あ.う,あ.わせる	込
遇	8	1343	12	meet, encounter, interview, treat, entertain, receive, deal with	グウ	あ.う	込
釈	8	1097	11	explanation	シャク,セキ	とく,す.てる,ゆる.す	釆
則	5	753	9	rule, law, follow, based on, model after	ソク	のっと.る,のり,すなわち	刀
禁	5	681	13	prohibition, ban, forbid	キン		示
雇	8	975	12	employ, hire	コ	やと.う	隹
散	4	758	12	scatter, disperse, spend, squander	サン	ち.る,ち.らす,-ち.らす,ち.らかす,ち.らかる,ち.らばる,ばら,ばら.ける	攵
除	6	594	10	exclude, division (x/3), remove, abolish, cancel, except	ジョ,ジ	のぞ.く,-よ.け	阡
析	8	980	8	chop, divide, tear, analyze	セキ		木
剖	8	1918	10	divide	ボウ		刀
忌	8	1882	7	mourning, abhor, detestable, death anniversary	キ	い.む,い.み,い.まわしい	心
顧	8	1058	21	look back, review, examine oneself, turn around	コ	かえり.みる	頁
券	6	583	8	ticket	ケン		刀
避	8	756	16	evade, avoid, avert, ward off, shirk, shun	ヒ	さ.ける,よ.ける	込
快	5	1074	7	cheerful, pleasant, agreeable, comfortable	カイ	こころよ.い	心
壊	8	727	16	demolition, break, destroy	カイ,エ	こわ.す,こわ.れる,やぶ.る	土
晴	2	1022	12	clear up	セイ	は.れる,は.れ,は.れ-,-ば.れ,は.らす	日
獣	8	1714	16	animal, beast	ジュウ	けもの,けだもの	犯
悔	8	1460	9	repent, regret	カイ	く.いる,く.やむ,くや.しい	心
泣	4	1380	8	cry, weep, moan	キュウ	な.く	汁
懐	8	1493	16	feelings, heart, yearn, miss someone, become attached to, bosom, breast, pocket	カイ,エ	ふところ,なつ.かしい,なつ.かしむ,なつ.く,なつ.ける,なず.ける,いだ.く,おも.う	心
灯	4	1605	6	lamp, a light, light, counter for lights	トウ	ひ,ほ-,ともしび,とも.す,あかり	火
戒	8	1062	7	commandment	カイ	いまし.める	戈
令	4	804	5	orders, laws, command, decree, good	レイ		化
宗	6	997	8	religion, sect, denomination, main point, origin, essence	シュウ,ソウ	むね	宀
修	5	603	10	discipline, conduct oneself well, study, master	シュウ,シュ	おさ.める,おさ.まる	化
善	6	765	12	virtuous, good, goodness	ゼン	よ.い,い.い,よ.く,よし.とする	口
築	5	821	16	fabricate, build, construct	チク	きず.く	竹
訂	8	1690	9	revise, correct, decide	テイ	ただ.す	言
版	5	802	8	printing block, printing plate, edition, impression, label	ハン		片
編	5	591	15	compilation, knit, plait, braid, twist, editing, completed poem, part of a book	ヘン	あ.む,-あ.み	糸
峡	8	1833	9	gorge, ravine	キョウ,コウ	はざま	山
溝	8	1736	13	gutter, ditch, sewer, drain, 10**32	コウ	みぞ	汁
浴	4	1136	10	bathe, be favored with, bask in	ヨク	あ.びる,あ.びせる	汁
紫	8	1516	12	purple, violet	シ	むらさき	糸
底	4	867	8	bottom, sole, depth, bottom price, base, kind, sort	テイ	そこ	广
豚	8	1864	11	pork, pig	トン	ぶた	豕
浜	8	645	10	seacoast, beach, seashore	ヒン	はま	汁
隊	4	605	12	regiment, party, company, squad	タイ		阡
皿	3	1812	5	dish, a helping, plate	ベイ	さら	皿
皆	8	1267	9	all, everything	カイ	みな,みんな	白
辛	8	1607	7	spicy, bitter, hot, acrid	シン	から.い,つら.い,-づら.い,かのと	辛
催	8	536	13	sponsor, hold (a meeting), give (a dinner)	サイ	もよう.す,もよお.す	化
城	4	795	9	castle	ジョウ,セイ	しろ	土
拓	8	1526	8	clear (the land), open, break up (land)	タク	ひら.く	扎
廷	8	1439	7	courts, imperial court, government office	テイ		廴
途	8	717	10	route, way, road	ト	みち	込
閉	6	951	11	closed, shut	ヘイ	と.じる,と.ざす,し.める,し.まる,た.てる	門
殻	8	1892	11	husk, nut shell	カク,コク,バイ	から,がら	殳
郭	8	1670	11	enclosure, quarters, fortification, red-light district	カク	くるわ	邦
需	8	935	14	demand, request, need	ジュ		雨
傷	6	845	13	wound, hurt, injure, impair, pain, injury, cut, gash, scar, weak point	ショウ	きず,いた.む,いた.める	化
壁	8	1037	16	wall, lining (stomach), fence	ヘキ	かべ	土
堀	8	1285	11	ditch, moat, canal	クツ	ほり	土
遊	3	941	12	play	ユウ,ユ	あそ.ぶ,あそ.ばす	込
虫	1	1351	6	insect, bug, temper	チュウ,キ	むし	虫
略	5	774	11	abbreviation, omission, outline, shorten, capture, plunder	リャク	ほぼ,はぶ.く,おか.す,おさ.める,はかりごと,はか.る	田
街	4	891	12	boulevard, street, town	ガイ,カイ	まち	行
該	8	1648	13	above-stated, the said, that specific	ガイ		言
甲	8	1073	5	armor, high (voice), A grade, first class, former, instep, carapace	コウ,カン	きのえ	田
垣	8	1539	9	hedge, fence, wall	エン	かき	土
柿	8	1745	9	persimmon	シ	かき	木
拡	6	611	8	broaden, extend, expand, enlarge	カク,コウ	ひろ.がる,ひろ.げる,ひろ.める	扎
充	8	949	6	allot, fill	ジュウ	あ.てる,み.たす	儿
闘	8	751	18	fight, war	トウ	たたか.う,あらそ.う	門
獲	8	964	16	seize, get, find, earn, acquire, can, may, able to	カク	え.る	犯
固	4	750	8	harden, set, clot, curdle	コ	かた.める,かた.まる,かた.まり,かた.い	囗
覚	4	710	12	memorize, learn, remember, awake, sober up	カク	おぼ.える,さ.ます,さ.める,さと.る	見
悟	8	1411	10	enlightenment, perceive, discern, realize, understand	ゴ	さと.る	心
膜	8	1804	14	membrane	マク		肉
僚	8	709	14	colleague, official, companion	リョウ		化
靴	8	1561	13	shoes	カ	くつ	革
皮	3	1092	5	pelt, skin, hide, leather, skin radical (no. 107)	ヒ	かわ	皮
徒	4	817	10	on foot, junior, emptiness, vanity, futility, uselessness, ephemeral thing, gang, set, party, people	ト	いたずら,あだ	彳
童	3	1138	12	juvenile, child	ドウ	わらべ	立
友	2	622	4	friend	ユウ	とも	又
齢	8	770	17	age	レイ	よわい,とし	歯
岳	8	1334	8	point, peak, mountain	ガク	たけ	山
愉	8	1974	12	pleasure, happy, rejoice	ユ	たの.しい,たの.しむ	心
娯	8	1827	10	recreation, pleasure	ゴ		女
章	3	990	11	badge, chapter, composition, poem, design	ショウ		立
譜	8	1919	19	musical score, music, note, staff, table, genealogy	フ		言
笠	9	1499	11	bamboo hat, one's influence	リュウ	かさ	竹
潟	4	1204	15	lagoon	セキ	かた,-がた	汁
譲	8	984	20	defer, turnover, transfer, convey	ジョウ	ゆず.る	言
喝	8	1858	11	hoarse, scold	カツ		口
渇	8	1944	11	thirst, dry up, parch	カツ	かわ.く	汁
滑	8	1238	13	slippery, slide, slip, fail exam	カツ,コツ	すべ.る,なめ.らか	汁
葛	8	1547	11	arrowroot, kudzu	カツ,カチ	つづら,くず	艾
包	4	954	5	wrap, pack up, cover, conceal	ホウ	つつ.む,くる.む	勹
蒲	9	1887	13	bullrush, flag, cattail	ホ,ボ,フ,ブ	がま,かば,かま	艾
釜	8	1761	10	kettle, cauldron, iron pot	フ	かま	金
乾	8	1453	11	drought, dry, desiccate, drink up, heaven, emperor	カン,ケン	かわ.く,かわ.かす,ほ.す,ひ.る,いぬい	乞
燥	8	1819	17	parch, dry up	ソウ	はしゃ.ぐ	火
池	2	827	6	pond, cistern, pool, reservoir	チ	いけ	汁
婚	8	767	11	marriage	コン		女
冷	4	667	7	cool, cold (beer, person), chill	レイ	つめ.たい,ひ.える,ひ.や,ひ.ややか,ひ.やす,ひ.やかす,さ.める,さ.ます	冫
刊	5	855	5	publish, carve, engrave	カン		刀
勘	8	1494	11	intuition, perception, check, compare, sixth sense	カン		力
勧	8	1068	13	persuade, recommend, advise, encourage, offer	カン,ケン	すす.める	力
薦	8	1082	16	recommend, mat, advise, encourage, offer	セン	すす.める	艾
奨	8	1445	13	exhort, urge, encourage	ショウ,ソウ	すす.める	大
懲	8	1303	18	penal, chastise, punish, discipline	チョウ	こ.りる,こ.らす,こ.らしめる	心
誘	8	993	14	entice, lead, tempt, invite, ask, call for, seduce, allure	ユウ	さそ.う,いざな.う	言
喚	8	1120	12	yell, cry, call, scream, summon	カン	わめ.く	口
叫	8	1426	6	shout, exclaim, yell	キョウ	さけ.ぶ	口
耐	8	1295	9	-proof, enduring	タイ	た.える	而
堪	8	1953	12	withstand, endure, support, resist	カン,タン	た.える,たま.る,こら.える,こた.える	土
完	4	595	7	perfect, completion, end	カン		宀
遂	8	1423	12	consummate, accomplish, attain, commit (suicide)	スイ	と.げる,つい.に	込
了	8	792	2	complete, finish	リョウ		亅
邸	8	905	8	residence, mansion	テイ	やしき	邦
房	8	808	8	tassel, tuft, fringe, bunch, lock (hair), segment (orange), house, room	ボウ	ふさ	戸
寛	8	1377	13	tolerant, leniency, generosity, relax, feel at home, be at ease, broadminded	カン	くつろ.ぐ,ひろ.い,ゆる.やか	宀
干	6	1349	3	dry, parch, ebb, recede, interfere, intercede	カン	ほ.す,ほ.し-,-ぼ.し,ひ.る	干
患	8	796	11	afflicted, disease, suffer from, be ill	カン	わずら.う	心
慨	8	1875	13	rue, be sad, sigh, lament	ガイ	なげ.く	心
謝	5	1028	17	apologize, thank, refuse	シャ	あやま.る	言
触	8	904	13	contact, touch, feel, hit, proclaim, announce, conflict	ショク	ふ.れる,さわ.る,さわ	角
嘆	8	1584	13	sigh, lament, moan, grieve, sigh of admiration	タン	なげ.く,なげ.かわしい	口
銘	8	1394	14	inscription, signature (of artisan)	メイ		金
肝	8	1118	7	liver, pluck, nerve, chutzpah	カン	きも	肉
涙	8	1381	10	tears, sympathy	ルイ,レイ	なみだ	汁
慣	5	1177	14	accustomed, get used to, become experienced	カン	な.れる,な.らす	心
換	8	687	12	interchange, period, change, convert, replace, renew	カン	か.える,-か.える,か.わる	扎
扇	8	1805	10	fan, folding fan	セン	おうぎ	戸
歓	8	1065	15	delight, joy	カン	よろこ.ぶ	欠
迎	8	625	7	welcome, meet, greet	ゲイ	むか.える	込
款	8	1854	12	goodwill, article, section, friendship, collusion	カン		欠
漢	3	1487	13	Sino-, China	カン		汁
還	8	910	16	send back, return	カン	かえ.る	込
甘	8	1248	5	sweet, coax, pamper, be content, sugary	カン	あま.い,あま.える,あま.やかす,うま.い	甘
酢	8	1955	12	vinegar, sour, acid, tart	サク	す	酉
獄	8	1529	14	prison, jail	ゴク		犯
看	6	1060	9	watch over, see	カン	み.る	目
轄	8	1771	17	control, wedge	カツ	くさび	車
弦	8	1773	8	bowstring, chord, hypotenuse	ゲン	つる	弓
簡	6	983	18	simplicity, brevity	カン,ケン	えら.ぶ,ふだ	竹
潔	5	1595	15	undefiled, pure, clean, righteous, gallant	ケツ	いさぎよ.い	汁
短	3	689	12	short, brevity, fault, defect, weak point	タン	みじか.い	矢
衝	8	972	15	collide, brunt, highway, opposition (astronomy), thrust, pierce, stab, prick	ショウ	つ.く	行
缶	8	1543	6	tin can, container, jar radical (no. 121)	カン	かま	缶
胆	8	1449	9	gall bladder, courage, pluck, nerve	タン	きも	肉
硬	8	1101	12	stiff, hard	コウ	かた.い	石
臓	6	991	19	entrails, viscera, bowels	ゾウ	はらわた	肉
艦	8	1363	21	warship	カン		舟
船	2	713	11	ship, boat	セン	ふね,ふな-	舟
艇	8	1433	13	rowboat, small boat	テイ		舟
測	5	761	12	fathom, plan, scheme, measure	ソク	はか.る	汁
暦	8	1765	14	calendar, almanac	レキ,リャク	こよみ	日
髪	8	1474	14	hair of the head	ハツ	かみ	髟
借	4	932	10	borrow, rent	シャク	か.りる	化
節	4	934	13	node, season, period, occasion, verse, clause, stanza, honor, joint, knuckle, knob, knot, tune, melody	セツ,セチ	ふし,-ぶし,のっと	竹
聯		1967	17	party, gang, clique	レン	つら.なる,つら.ねる	耳
脇	8	1806	10	armpit, the other way, another place, flank, supporting role	キョウ	わき,わけ	肉
陥	8	1154	10	collapse, fall into, cave in, fall (castle), slide into	カン	おちい.る,おとしい.れる	阡
没	8	1385	7	drown, sink, hide, fall into, disappear, die	ボツ,モツ	おぼ.れる,しず.む,ない	汁
蓄	8	1260	13	amass, raise, hoard, store	チク	たくわ.える	艾
眼	5	1527	11	eyeball	ガン,ゲン	まなこ,め	目
巌	9	1986	20	rock, crag, boulder	ガン	いわ,いわお,けわ.しい	山
磐	9	1701	15	rock, crag, cliff, wall (in a mine)	バン,ハン	いわ	石
頑	8	1247	13	stubborn, foolish, firmly	ガン	かたく.な	頁
危	6	606	6	dangerous, fear, uneasy	キ	あぶ.ない,あや.うい,あや.ぶむ	卩
悦	8	1762	10	ecstasy, joy, rapture	エツ	よろこ.ぶ,よろこ.ばす	心
慶	8	1300	15	jubilation, congratulate, rejoice, be happy	ケイ	よろこ.び	心
怒	8	1221	9	angry, be offended	ド,ヌ	いか.る,おこ.る	心
材	4	565	7	lumber, log, timber, wood, materials, ingredients, talent	ザイ		木
礎	8	1224	18	cornerstone, foundation stone	ソ	いしずえ	石
襲	8	1130	22	attack, advance on, succeed to, pile, heap	シュウ	おそ.う,かさ.ね	衣
妙	8	1122	7	exquisite, strange, queer, mystery, miracle, excellent, delicate, charming	ミョウ,ビョウ	たえ	女
岐	4	1428	7	branch off, fork in road, scene, arena, theater	キ,ギ		山
揮	6	946	12	brandish, wave, wag, swing, shake	キ	ふる.う	扎
机	6	1671	6	desk, table	キ	つくえ	木
旗	4	1190	14	flag, banner, standard	キ	はた	方
幡	9	1948	15	flag	マン,ハン,バン,ホン	はた	巾
既	8	1081	10	previously, already, long ago	キ	すで.に	无
棋	8	1311	12	chess piece, Japanese chess, shogi	キ	ご	木
棄	8	901	13	abandon, throw away, discard, resign, reject, sacrifice	キ	す.てる	木
却	8	959	7	instead, on the contrary, rather, step back, withdraw, retreat	キャク	かえ.って,しりぞ.く,しりぞ.ける	卩
械	4	1321	11	contraption, fetter, machine, instrument	カイ	かせ	木
銃	8	1013	14	gun, arms	ジュウ	つつ	金
嫌	8	1207	13	dislike, detest, hate	ケン,ゲン	きら.う,きら.い,いや	女
雷	8	1491	13	thunder, lightning bolt	ライ	かみなり,いかずち,いかづち	雨
属	5	912	12	belong, genus, subordinate official, affiliated	ゾク,ショク	さかん,つく,やから	尸
毒	5	1419	8	poison, virus, venom, germ, harm, injury, spite	ドク		毋
狂	8	1425	7	lunatic, insane, crazy, confuse	キョウ	くる.う,くる.おしい,くるお.しい	犯
軽	3	790	12	lightly, trifling, unimportant	ケイ,キョウ,キン	かる.い,かろ.やか,かろ.んじる	車
兼	8	1164	10	concurrently, and, beforehand, in advance	ケン	か.ねる,-か.ねる	ハ
絶	5	784	12	discontinue, sever, cut off, abstain, interrupt, suppress, be beyond, without match, peerless, unparalleled	ゼツ	た.える,た.やす,た.つ	糸
泡	8	1872	8	bubbles, foam, suds, froth	ホウ	あわ	汁
笛	3	1928	11	flute, clarinet, pipe, whistle, bagpipe, piccolo	テキ	ふえ	竹
祈	8	1462	8	pray, wish	キ	いの.る	示
季	4	842	8	seasons	キ		子
紀	5	780	9	chronicle, account, narrative, history, annals, geologic period	キ		糸
模	6	668	14	imitation, copy, mock	モ,ボ		木
誌	6	851	14	document, records	シ		言
載	8	825	13	ride, board, get on, place, spread, 10**44, record, publish	サイ	の.せる,の.る	車
帳	3	1459	11	notebook, account book, album, curtain, veil, net, tent	チョウ	とばり	巾
碑	8	1792	14	tombstone, monument	ヒ	いしぶみ	石
貴	6	970	12	precious, value, prize, esteem, honor	キ	たっと.い,とうと.い,たっと.ぶ,とうと.ぶ	貝
債	8	728	13	bond, loan, debt	サイ		化
爆	8	735	19	bomb, burst open, pop, split	バク	は.ぜる	火
伏	8	1604	6	prostrated, bend down, bow, cover, lay (pipes)	フク	ふ.せる,ふ.す	化
軌	8	1480	9	rut, wheel, track, model, way of doing	キ		車
輝	8	1259	15	radiance, shine, sparkle, gleam, twinkle	キ	かがや.く	車
飢	8	1659	10	hungry, starve	キ	う.える	食
餓	8	1754	15	starve, hungry, thirst	ガ	う.える	食
騎	8	1696	18	equestrian, riding on horses, counter for equestrians	キ		馬
亀	8	1353	11	tortoise, turtle	キ,キュウ,キン	かめ	乞
偽	8	1171	11	falsehood, lie, deceive, pretend, counterfeit, forgery	ギ,カ	いつわ.る,にせ,いつわ.り	化
詐	8	1511	12	lie, falsehood, deceive, pretend	サ	いつわ.る	言
宜	8	1766	8	best regards, good	ギ	よろ.しい,よろ.しく	宀
宣	6	695	9	proclaim, say, announce	セン	のたま.う	宀
巧	8	1537	5	adroit, skilled, ingenuity	コウ	たく.み,たく.む,うま.い	工
欺	8	1541	12	deceit, cheat, delude	ギ	あざむ.く	欠
犠	8	1189	17	sacrifice	ギ,キ	いけにえ	牛
牲	8	1274	9	animal sacrifice, offering	セイ		牛
惑	8	777	12	beguile, delusion, perplexity	ワク	まど.う	心
歯	3	1106	12	tooth, cog	シ	よわい,は,よわ.い,よわい.する	止
弟	2	1161	7	younger brother, faithful service to elders	テイ,ダイ,デ	おとうと	弓
妹	2	1446	8	younger sister	マイ	いもうと	女
菊	8	1287	11	chrysanthemum	キク		艾
兆	4	1174	6	portent, 10**12, trillion, sign, omen, symptoms	チョウ	きざ.す,きざ.し	儿
驚	8	1141	22	wonder, be surprised, frightened, amazed	キョウ	おどろ.く,おどろ.かす	馬
喫	8	1347	12	consume, eat, drink, smoke, receive (a blow)	キツ	の.む	口
効	5	538	8	merit, efficacy, efficiency, benefit	コウ	き.く,ききめ,なら.う	力
丘	8	1405	5	hill, knoll	キュウ	おか	一
陵	8	1746	11	mausoleum, imperial tomb, mound, hill	リョウ	みささぎ	阡
振	8	614	10	shake, wave, wag, swing	シン	ふ.る,ふ.れる,ふ.るう	扎
憩	8	1731	16	recess, rest, relax, repose	ケイ	いこ.い,いこ.う	心
講	5	653	17	lecture, club, association	コウ		言
吸	6	1054	6	suck, imbibe, inhale, sip	キュウ	す.う	口
血	3	832	6	blood	ケツ	ち	血
殿	8	1199	13	Mr., hall, mansion, palace, temple, lord	デン,テン	との,-どの	殳
弓	2	1802	3	bow, bow (archery, violin)	キュウ	ゆみ	弓
騰	8	1420	20	leaping up, jumping up, rising, advancing, going	トウ	あが.る,のぼ.る	馬
救	5	799	11	salvation, save, help, rescue, reclaim	キュウ	すく.う	攵
刑	8	864	6	punish, penalty, sentence, punishment	ケイ		刀
菌	8	1586	11	germ, fungus, bacteria	キン		艾
窮	8	1756	15	hard up, destitute, suffer, perplexed, cornered	キュウ,キョウ	きわ.める,きわ.まる,きわ.まり,きわ.み	穴
屈	8	1434	8	yield, bend, flinch, submit	クツ	かが.む,かが.める	尸
乏	8	1646	4	destitution, scarce, limited	ボウ	とぼ.しい,とも.しい	ノ
糾	8	1820	9	twist, ask, investigate, verify	キュウ	ただ.す	糸
鳩	9	1637	13	pigeon, dove	キュウ,ク	はと,あつ.める	鳥
油	3	690	8	oil, fat	ユ,ユウ	あぶら	汁
旧	5	549	5	old times, old things, old friend, former, ex-	キュウ	ふる.い,もと	日
姓	8	1628	8	surname	セイ,ショウ		女
肉	2	986	6	meat	ニク	しし	肉
乳	6	1289	8	milk, breasts	ニュウ	ちち,ち	乞
睡	8	1739	13	drowsy, sleep, die	スイ	ねむ.る,ねむ.い	目
巨	8	892	5	gigantic, big, large, great	キョ		工
拒	8	863	8	repel, refuse, reject, decline	キョ,ゴ	こば.む	扎
虚	8	1454	11	void, emptiness, unpreparedness, crack, fissure, untruth	キョ,コ	むな.しい,うつ.ろ	虍
聴	8	781	17	listen, headstrong, naughty, careful inquiry	チョウ,テイ	き.く,ゆる.す	耳
諾	8	1490	15	consent, assent, agreement	ダク		言
漁	4	1094	14	fishing, fishery	ギョ,リョウ	あさ.る	汁
類	4	678	18	sort, kind, variety, class, genus	ルイ	たぐ.い	頁
群	4	1012	13	flock, group, crowd, herd, swarm, cluster	グン	む.れる,む.れ,むら,むら.がる	羊
享	8	1893	8	enjoy, receive, undergo, answer (phone), take, get, catch	キョウ,コウ	う.ける	亠
阪	4	503	7	heights, slope	ハン	さか	阡
伴	8	886	7	consort, accompany, bring with, companion	ハン,バン	ともな.う	化
著	6	849	11	renowned, publish, write, remarkable, phenomenal, put on, don, wear, arrival, finish (race), counter for suits of clothing, literary work	チョ,チャク	あらわ.す,いちじる.しい	艾
犯	5	874	5	crime, sin, offense	ハン,ボン	おか.す	犯
鳴	2	1279	14	chirp, cry, bark, sound, ring, echo, honk	メイ	な.く,な.る,な.らす	鳥
凶	8	1673	4	villain, evil, bad luck, disaster	キョウ		凵
賛	5	868	15	approve, praise, title or inscription on picture, assist, agree with	サン	たす.ける,たた.える	貝
剛	8	1576	10	sturdy, strength	ゴウ		刀
請	8	524	15	solicit, invite, ask	セイ,シン,ショウ	こ.う,う.ける	言
壮	8	1657	6	robust, manhood, prosperity	ソウ	さかん	士
奪	8	974	14	rob, take by force, snatch away, dispossess, plunder, usurp	ダツ	うば.う	大
盗	8	1051	11	steal, rob, pilfer	トウ	ぬす.む,ぬす.み	皿
烈	8	1397	10	ardent, violent, vehement, furious, severe, extreme	レツ	はげ.しい	火
脅	8	1183	10	threaten, coerce	キョウ	おびや.かす,おど.す,おど.かす	肉
恐	8	878	10	fear, dread, awe	キョウ	おそ.れる,おそ.る,おそ.ろしい,こわ.い,こわ.がる	心
怖	8	1325	8	dreadful, be frightened, fearful	フ,ホ	こわ.い,こわ.がる,お.じる,おそ.れる	心
慌	8	1826	12	disconcerted, be confused, lose one's head	コウ	あわ.てる,あわ.ただしい	心
挟	8	1870	9	pinch, between	キョウ,ショウ	はさ.む,はさ.まる,わきばさ.む,さしはさ.む	扎
唆	8	1278	10	tempt, seduce, instigate, promote	サ	そそ.る,そそのか.す	口
授	5	535	11	impart, instruct, grant, confer	ジュ	さず.ける,さず.かる	扎
諭	8	1461	16	rebuke, admonish, charge, warn, persuade	ユ	さと.す	言
橋	3	553	16	bridge	キョウ	はし	木
奔	8	1884	8	run, bustle	ホン	はし.る	大
乱	6	755	7	riot, war, disorder, disturb	ラン,ロン	みだ.れる,みだ.る,みだ.す,みだ,おさ.める,わた.る	乞
狭	8	1346	9	cramped, narrow, contract, tight	キョウ,コウ	せま.い,せば.める,せば.まる,さ	犯
胸	6	1144	10	bosom, breast, chest, heart, feelings	キョウ	むね,むな-	肉
興	5	734	16	entertain, revive, retrieve, interest, pleasure	コウ,キョウ	おこ.る,おこ.す	臼
奮	6	1521	16	stirred up, be invigorated, flourish	フン	ふる.う	大
隆	8	1109	11	hump, high, noble, prosperity	リュウ		阡
麦	2	1615	7	barley, wheat	バク	むぎ	麦
郷	6	1077	11	home town, village, native place, district	キョウ,ゴウ	さと	邦
鏡	4	1506	19	mirror, speculum, barrel-head, round rice-cake offering	キョウ,ケイ	かがみ	金
仰	8	1573	6	face-up, look up, depend, seek, respect, revere, drink, take	ギョウ,コウ	あお.ぐ,おお.せ,お.っしゃる,おっしゃ.る	化
暁	8	1924	12	daybreak, dawn, in the event	ギョウ,キョウ	あかつき,さと.る	日
績	5	820	17	exploits, achievements, unreeling cocoons	セキ		糸
珠	8	1711	10	pearl, gem, jewel	シュ	たま	王
砕	8	1579	9	smash, break, crush, familiar, popular	サイ	くだ.く,くだ.ける	石
桐	9	1668	10	paulownia	トウ,ドウ	きり	木
勤	6	830	12	diligence, become employed, serve	キン,ゴン	つと.める,-づと.め,つと.まる,いそ.しむ	力
努	4	749	7	toil, diligent, as much as possible	ド	つと.める	力
勉	3	1066	10	exertion, endeavour, encourage, strive, make effort, diligent	ベン	つと.める	力
均	5	715	7	level, average	キン	なら.す	土
衡	8	1847	16	equilibrium, measuring rod, scale	コウ		行
錦	8	1440	16	brocade, fine dress, honors	キン	にしき	金
琴	8	1591	12	harp, koto	キン,ゴン	こと	王
筋	6	744	12	muscle, sinew, tendon, fiber, plot, plan, descent	キン	すじ	竹
慎	8	999	13	humility, be careful, discreet, prudent	シン	つつし.む,つつ.ましい,つつし,つつし.み	心
畿	8	1683	15	capital, suburbs of capital	キ	みやこ	田
郊	8	1304	9	outskirts, suburbs, rural area	コウ		邦
隣	8	1083	16	neighboring	リン	とな.る,となり	阡
塊	8	1800	13	clod, lump, chunk, clot, mass	カイ,ケ	かたまり,つちくれ	土
庫	3	852	10	warehouse, storehouse	コ,ク	くら	广
銭	6	1008	14	coin, .01 yen, money	セン,ゼン	ぜに,すき	金
縛	8	1764	16	truss, arrest, bind, tie, restrain	バク	しば.る	糸
脈	5	1477	10	vein, pulse, hope	ミャク	すじ	肉
網	8	1194	14	netting, network	モウ	あみ	糸
吟	8	1956	7	versify, singing, recital	ギン		口
渋	8	1011	11	astringent, hesitate, reluctant, have diarrhea	ジュウ,シュウ	しぶ,しぶ.い,しぶ.る	汁
痛	6	903	12	pain, hurt, damage, bruise	ツウ	いた.い,いた.む,いた.ましい,いた.める	疔
悩	8	1084	10	trouble, worry, in pain, distress, illness	ノウ	なや.む,なや.ます,なや.ましい,なやみ	心
駆	8	1033	14	drive, run, gallop, advance, inspire, impel	ク	か.ける,か.る	馬
駒	8	1452	15	pony, horse, colt	ク	こま	馬
痴	8	1663	13	stupid, foolish	チ	し.れる,おろか	疔
唐	8	1727	10	T'ang, China, foreign	トウ	から	口
洞	8	1618	9	den, cave, excavation	ドウ	ほら	汁
胴	8	1904	10	trunk, torso, hull (ship), hub of wheel	ドウ		肉
欄	8	1523	20	column, handrail, blank, space	ラン	てすり	木
偶	8	1602	11	accidentally, even number, couple, man & wife, same kind	グウ	たま	化
隅	8	1601	12	corner, nook	グウ	すみ	阡
辱	8	1769	10	embarrass, humiliate, shame	ジョク	はずかし.める	辰
掘	8	1257	11	dig, delve, excavate	クツ	ほ.る	扎
履	8	1619	15	perform, complete, footgear, shoes, boots, put on (the feet)	リ	は.く	尸
窪	9	1853	14	depression, cave in, sink, become hollow	ワ,ア	くぼ.む,くぼ.み,くぼ.まる,くぼ	穴
熊	4	1105	14	bear	ユウ	くま	火
栗	9	1550	10	chestnut	リツ,リ	くり,おののく	木
桑	8	1650	10	mulberry	ソウ	くわ	木
畑	3	1176	9	farm, field, garden, one's specialty, (kokuji)		はた,はたけ,-ばたけ	田
畠	9	1860	10	field, farm, garden, (kokuji)		はたけ,はた	田
勲	8	1513	15	meritorious deed, merit	クン	いさお	力
君	3	947	7	mister, you, ruler, male name suffix	クン	きみ,-ぎみ	口
臨	6	722	18	look to, face, meet, confront, attend, call on	リン	のぞ.む	臣
練	3	788	14	practice, gloss, train, drill, polish, refine	レン	ね.る,ね.り	糸
郡	4	965	10	county, district	グン	こおり	邦
傾	8	938	13	lean, incline, tilt, trend, wane, sink, ruin, bias	ケイ	かたむ.く,かたむ.ける,かたぶ.く,かた.げる,かし.げる	化
斜	8	1504	11	diagonal, slanting, oblique	シャ	なな.め,はす	斗
罰	8	1220	14	penalty, punishment	バツ,バチ,ハツ	ばっ.する	
啓	8	1403	11	disclose, open, say	ケイ	ひら.く,さと.す	口
契	8	898	9	pledge, promise, vow	ケイ	ちぎ.る	大
須	8	1339	12	ought, by all means, necessarily	ス,シュ	すべから.く,すべし,ひげ,まつ,もち.いる,もと.める	頁
祝	4	1184	9	celebrate, congratulate	シュク,シュウ	いわ.う	示
弔	8	1840	4	condolences, mourning, funeral	チョウ	とむら.う,とぶら.う	弓
掲	8	899	11	put up (a notice), put up, hoist, display, hang out, publish, describe	ケイ	かか.げる	扎
携	8	1017	13	portable, carry (in hand), armed with, bring along	ケイ	たずさ.える,たずさ.わる	扎
桂	9	1651	10	Japanese Judas-tree, cinnamon tree	ケイ	かつら	木
径	4	1435	8	diameter, path, method	ケイ	みち,こみち,さしわたし,ただちに	彳
承	6	775	8	acquiesce, hear, listen to, be informed, receive	ショウ,ジョウ	うけたまわ.る,う.ける	扎
署	6	725	13	signature, govt office, police station	ショ		
鐘	8	1681	20	bell, gong, chimes	ショウ	かね	金
震	8	893	15	quake, shake, tremble, quiver, shiver	シン	ふる.う,ふる.える,ふる.わせる,ふる.わす	雨
薄	8	1009	16	dilute, thin, weak (tea), pampas grass	ハク	うす.い,うす-,-うす,うす.める,うす.まる,うす.らぐ,うす.ら-,うす.れる,すすき	艾
鶏	8	1901	19	chicken	ケイ	にわとり,とり	鳥
卵	6	1342	7	egg, ovum, spawn, roe	ラン	たまご	卩
討	6	528	10	chastise, attack, defeat, destroy, conquer	トウ	う.つ	言
鯨	8	1486	19	whale	ゲイ	くじら	魚
射	6	937	10	shoot, shine into, onto, archery	シャ	い.る,さ.す,う.つ	寸
墜	8	1466	15	crash, fall (down)	ツイ	お.ちる,お.つ	土
励	8	1254	7	encourage, be diligent, inspire	レイ	はげ.む,はげ.ます	力
透	8	1035	10	transparent, permeate, filter, penetrate	トウ	す.く,す.かす,す.ける,とう.る,とう.す	込
傑	8	1926	13	greatness, excellence	ケツ	すぐ.れる	化
欠	4	860	4	lack, gap, fail, yawning radical (no. 76)	ケツ,ケン	か.ける,か.く	欠
伸	8	730	7	expand, stretch, extend, lengthen, increase	シン	の.びる,の.ばす,の.べる,の.す	化
損	5	807	13	damage, loss, disadvantage, hurt, injure	ソン	そこ.なう,そこな.う,-そこ.なう,そこ.ねる,-そこ.ねる	扎
癖	8	1973	18	mannerism, habit, vice, trait, fault, kink	ヘキ	くせ,くせ.に	疔
埋	8	1110	10	bury, be filled up, embedded	マイ	う.める,う.まる,う.もれる,うず.める,うず.まる,い.ける	土
痕	8	1958	11	mark, foot print	コン	あと	疔
糖	6	1471	16	sugar	トウ		米
並	6	599	8	row, and, besides, as well as, line up, rank with, rival, equal	ヘイ,ホウ	な.み,なみ,なら.べる,なら.ぶ,なら.びに	一
康	4	760	11	ease, peace	コウ		广
剣	8	1305	10	sabre, sword, blade, clock hand	ケン	つるぎ	刀
圏	8	1216	12	sphere, circle, radius, range	ケン	かこ.い	囗
堅	8	1049	12	strict, hard, solid, tough, tight, reliable	ケン	かた.い,-がた.い	土
垂	6	1720	8	droop, suspend, hang, slouch	スイ	た.れる,た.らす,た.れ,-た.れ,なんなんと.す	土
疫	8	1661	9	epidemic	エキ,ヤク		疔
索	8	1127	10	cord, rope, searching, inquiring	サク		糸
益	5	674	10	benefit, gain, profit, advantage	エキ,ヤク	ま.す	皿
仲	4	919	6	go-between, relationship	チュウ	なか	化
献	8	637	13	offering, counter for drinks, present, offer	ケン,コン	たてまつ.る	犯
絹	6	1916	13	silk	ケン	きぬ	糸
肩	8	1215	8	shoulder	ケン	かた	肉
捨	6	1266	11	discard, throw away, abandon, resign, reject, sacrifice	シャ	す.てる	扎
謙	8	1582	17	self-effacing, humble oneself, condescend, be modest	ケン	へりくだ.る	言
峻	9	1997	10	high, steep	シュン	けわ.しい,たか.い	山
顕	8	1536	18	appear, existing	ケン	あきらか,あらわ.れる	頁
彰	8	1310	14	patent, clear	ショウ		彡
稿	8	1400	15	draft, copy, manuscript, straw	コウ	わら,したがき	禾
炉	8	1359	8	hearth, furnace, kiln, reactor	ロ	いろり	火
潜	8	1329	15	submerge, conceal, hide, lower (voice), hush	セン	ひそ.む,もぐ.る,かく.れる,くぐ.る,ひそ.める	汁
酷	8	1596	14	cruel, severe, atrocious, unjust	コク	ひど.い	酉
粛	8	1549	11	solemn, quietly, softly	シュク,スク	つつし.む	聿
幻	8	1564	4	phantasm, vision, dream, illusion, apparition	ゲン	まぼろし	幺
償	8	854	17	reparation, make up for, recompense, redeem	ショウ	つぐな.う	化
俸	8	1834	10	stipend, salary	ホウ		化
源	6	738	13	source, origin	ゲン	みなもと	汁
玄	8	1409	5	mysterious, occultness, black, deep, profound	ゲン	くろ,くろ.い	玄
黒	2	573	11	black	コク	くろ,くろ.ずむ,くろ.い	黒
巣	4	1588	11	nest, rookery, hive, cobweb, den	ソウ	す,す.くう	巛
墳	8	1822	15	tomb, mound	フン		土
孤	8	1239	9	orphan, alone	コ		子
己	6	1098	3	self	コ,キ	おのれ,つちのと,な	已
棚	8	1594	12	shelf, ledge, rack, mount, mantle, trellis	ホウ	たな,-だな	木
湖	3	1344	12	lake	コ	みずうみ	汁
沼	8	1467	8	marsh, lake, bog, swamp, pond	ショウ	ぬま	汁
俣	9	1585	9	crotch, thigh, groin, fork, junction, (kokuji)		また	化
胡	9	1995	9	barbarian, foreign	ウ,コ,ゴ	なんぞ	肉
桃	8	1784	10	peach	トウ	もも	木
麻	8	1142	11	hemp, flax, numb	マ,マア	あさ	麻
虎	8	1653	8	tiger, drunkard	コ	とら	虍
誇	8	1272	13	boast, be proud, pride, triumphantly	コ	ほこ.る	言
鼓	8	1795	13	drum, beat, rouse, muster	コ	つづみ	鼓
伍	9	1881	6	five, five-man squad, file, line	ゴ	いつつ	化
互	8	914	4	mutually, reciprocally, together	ゴ	たが.い,かたみ.に	二
后	6	1583	6	empress, queen, after, behind, back, later	コウ,ゴ	きさき	口
呉	8	1729	7	give, do something for, kingdom of Wu	ゴ	く.れる,くれ	口
舟	8	1786	6	boat, ship	シュウ	ふね,ふな-,-ぶね	舟
盾	8	1476	9	shield, escutcheon, pretext	ジュン	たて	目
輩	8	1365	15	comrade, fellow, people, companions	ハイ	-ばら,やから,やかい,ともがら	車
釣	8	1542	11	angling, fish, catch, allure, ensnare	チョウ	つ.る,つ.り,つ.り-	金
飯	4	1046	12	meal, boiled rice	ハン	めし	食
絡	8	806	12	entwine, coil around, get caught in	ラク	から.む,から.まる	糸
雑	5	839	14	miscellaneous	ザツ,ゾウ	まじ.える,まじ.る	隹
錯	8	1740	16	confused, mix, be in disorder	サク,シャク		金
彩	8	1251	11	coloring, paint, makeup	サイ	いろど.る	彡
功	4	857	5	achievement, merits, success, honor, credit	コウ,ク	いさお	力
紅	6	1299	9	crimson, deep red	コウ,ク	べに,くれない,あか.い	糸
孝	6	1030	7	filial piety, child's respect	コウ,キョウ		子
拙	8	1938	8	bungling, clumsy, unskillful	セツ	つたな.い	扎
幸	3	786	8	happiness, blessing, fortune	コウ	さいわ.い,さち,しあわ.せ	干
宏	9	1277	7	wide, large	コウ	ひろ.い	宀
弘	9	1059	5	vast, broad, wide	コウ,グ	ひろ.い	弓
範	8	1088	15	pattern, example, model	ハン		竹
抗	8	666	7	confront, resist, defy, oppose	コウ	あらが.う	扎
控	8	1000	11	withdraw, draw in, hold back, refrain from, be moderate	コウ	ひか.える,ひか.え	扎
攻	8	532	7	aggression, attack, criticize, polish	コウ	せ.める	攵
更	8	861	7	grow late, night watch, sit up late, of course, renew, renovate, again, more and more, further	コウ	さら,さら.に,ふ.ける,ふ.かす	曰
迭	8	1907	8	transfer, alternation	テツ		込
江	8	704	6	creek, inlet, bay	コウ	え	汁
洪	8	1778	9	deluge, flood, vast	コウ		汁
湾	8	545	12	gulf, bay, inlet	ワン	いりえ	汁
皇	6	721	9	emperor	コウ,オウ		白
帝	8	1276	9	sovereign, the emperor, god, creator	テイ	みかど	巾
梅	4	1232	10	plum	バイ	うめ	木
耕	5	1568	10	till, plow, cultivate	コウ	たがや.す	耒
肯	8	1813	8	agreement, consent, comply with	コウ	がえんじ.る	肉
荒	8	1099	9	laid waste, rough, rude, wild	コウ	あ.らす,あ.れる,あら.い,すさ.ぶ,すさ.む,あ.らし	艾
粗	8	1689	11	coarse, rough, rugged	ソ	あら.い,あら-	米
廃	8	698	12	abolish, obsolete, cessation, discarding, abandon	ハイ	すた.れる,すた.る	广
届	6	939	8	deliver, reach, arrive, report, notify, forward	カイ	とど.ける,-とど.け,とど.く	尸
貢	8	956	10	tribute, support, finance	コウ,ク	みつ.ぐ	貝
購	8	945	17	subscription, buy	コウ		貝
酵	8	1862	14	fermentation	コウ		酉
鉱	5	1376	13	mineral, ore	コウ	あらがね	金
鋼	6	1246	16	steel	コウ	はがね	金
刃	8	1763	3	blade, sword, edge	ジン,ニン	は,やいば,き.る	刀
鉄	3	672	13	iron	テツ	くろがね	金
項	8	884	12	paragraph, nape of neck, clause, item, term (expression)	コウ	うなじ	頁
尚	8	1531	8	esteem, furthermore, still, yet	ショウ	なお	小
僧	8	1724	13	Buddhist priest, monk	ソウ		化
峰	8	1836	10	summit, peak	ホウ	みね,ね	山
併	8	966	8	join, get together, unite, collective	ヘイ	あわ.せる	化
掌	8	1757	12	palm of hand, rule, administer, conduct	ショウ	てのひら,たなごころ	扎
麹		1988	15	malt, yeast	キク	こうじ	麦
富	4	644	12	wealth, enrich, abundant	フ,フウ	と.む,とみ	宀
宝	6	1139	8	treasure, wealth, valuables	ホウ	たから	宀
臣	4	1249	7	retainer, subject	シン,ジン		臣
穀	6	1744	14	cereals, grain	コク		禾
倉	4	1114	10	godown, warehouse, storehouse, cellar, treasury	ソウ	くら	化
似	5	923	7	becoming, resemble, counterfeit, imitate, suitable	ジ	に.る,ひ.る	化
暑	3	1442	12	sultry, hot, summer heat	ショ	あつ.い	日
霧	8	1747	19	fog, mist	ム,ボウ,ブ	きり	雨
潮	6	1231	15	tide, salt water, opportunity	チョウ	しお,うしお	汁
腰	8	1306	13	loins, hips, waist, low wainscoting	ヨウ	こし	肉
髄	8	1652	19	marrow, pith, essence	ズイ		骨
秋	2	635	9	autumn	シュウ	あき,とき	禾
春	2	579	9	springtime, spring (season)	シュン	はる	日
困	6	843	7	quandary, become distressed, annoyed	コン	こま.る	囗
姻	8	1985	9	matrimony, marry	イン		女
懇	8	1135	17	sociable, kind, courteous, hospitable, cordial	コン	ねんご.ろ	心
昆	8	1688	8	descendants, elder brother, insect	コン		日
紡	8	1876	10	spinning	ボウ	つむ.ぐ	糸
迷	5	942	9	astray, be perplexed, in doubt, lost, err, illusion	メイ	まよ.う	込
紺	8	1825	11	dark blue, navy	コン		糸
魂	8	1748	14	soul, spirit	コン	たましい,たま	鬼
鎖	8	1250	18	chain, irons, connection	サ	くさり,とざ.す	金
禅	8	1902	13	Zen, silent meditation	ゼン,セン	しずか,ゆず.る	示
挫	8	1869	10	crush, break, sprain, discourage	ザ,サ	くじ.く,くじ.ける	扎
促	8	998	9	stimulate, urge, press, demand, incite	ソク	うなが.す	化
販	8	627	11	marketing, sell, trade	ハン		貝
宰	8	1597	10	superintend, manager, rule	サイ		宀
採	5	607	11	pick, take, fetch, take up	サイ	と.る	扎
択	8	847	7	choose, select, elect, prefer	タク	えら.ぶ	扎
栽	8	1496	10	plantation, planting	サイ		木
培	8	1431	11	cultivate, foster	バイ	つちか.う	土
暮	6	978	14	evening, twilight, season's end, livelihood, make a living, spend time	ボ	く.れる,く.らす	日
斎	8	1155	11	purification, Buddhist food, room, worship, avoid, alike	サイ	とき,つつし.む,ものいみ,い.む,いわ.う,いつ.く	文
胞	8	1379	9	placenta, sac, sheath	ホウ		肉
縫	8	1723	16	sew, stitch, embroider	ホウ	ぬ.う	糸
罪	5	732	13	guilt, sin, crime, fault, blame, offense	ザイ	つみ	
閥	8	1072	14	clique, lineage, pedigree, faction, clan	バツ		門
咲	8	1534	9	blossom, bloom	ショウ	さ.く,-ざき	口
崎	4	533	11	promontory, cape, spit	キ	さき,さい,みさき	山
岬	8	1972	8	headland, cape, spit, promontory	コウ	みさき	山
埼	4	971	11	cape, spit, promontory	キ	さき,さい,みさき	土
創	6	741	12	genesis, wound, injury, hurt, start, originate	ソウ,ショウ	つく.る,はじ.める,きず,けず.しける	刀
削	8	814	9	plane, sharpen, whittle, pare, shave	サク	けず.る,はつ.る,そ.ぐ	刀
撮	8	1023	15	snapshot, take pictures	サツ	と.る,つま.む,-ど.り	扎
剤	8	1151	10	dose, medicine, drug	ザイ,スイ,セイ	かる,けず.る	刀
到	8	1032	8	arrival, proceed, reach, attain, result in	トウ	いた.る	刀
薩	9	1984	17	salvation, Buddha	サツ,サチ		艾
煮	8	1565	12	boil, cook	シャ	に.る,-に,に.える,に.やす	火
炊	8	1777	8	cook, boil	スイ	た.く,-だ.き	火
林	1	656	8	grove, forest	リン	はやし	木
傘	8	1694	12	umbrella	サン	かさ	化
照	4	1004	13	illuminate, shine, compare, bashful	ショウ	て.る,て.らす,て.れる	火
拝	6	1443	8	worship, adore, pray to	ハイ	おが.む,おろが.む	扎
寺	2	879	6	Buddhist temple	ジ	てら	寸
荘	8	1489	9	villa, inn, cottage, feudal manor, solemn, dignified	ソウ,ショウ,チャン	ほうき,おごそ.か	艾
頂	6	1350	11	place on the head, receive, top of head, top, summit, peak	チョウ	いただ.く,いただき	頁
登	3	566	12	ascend, climb up	トウ,ト,ドウ,ショウ,チョウ	のぼ.る,あ.がる	癶
猫	8	1702	11	cat	ビョウ	ねこ	犯
崩	8	778	11	crumble, die, demolish, level	ホウ	くず.れる,-くず.れ,くず.す	山
惨	8	1463	11	wretched, disaster, cruelty, harsh	サン,ザン	みじ.め,いた.む,むご.い	心
暫	8	1112	15	temporarily, a while, moment, long time	ザン	しばら.く	日
忍	8	1700	7	endure, bear, put up with, conceal, secrete, spy, sneak	ニン	しの.ぶ,しの.ばせる	心
刺	8	1031	8	thorn, pierce, stab, prick, sting, calling card	シ	さ.す,さ.さる,さ.し,さし,とげ	刀
史	5	511	5	history, chronicle	シ		口
畳	8	1665	12	tatami mat, counter for tatami mats, fold, shut up, do away with	ジョウ,チョウ	たた.む,たたみ,かさ.なる	田
孫	4	1388	10	grandchild, descendants	ソン	まご	子
針	6	505	10	needle, pin, staple, stinger	シン	はり	金
摘	8	564	14	pinch, pick, pluck, trim, clip, summarize	テキ	つ.む	扎
紋	8	1519	10	family crest, figures	モン		糸
払	8	813	5	pay, clear out, prune, banish, dispose of	フツ,ヒツ,ホツ	はら.う,-はら.い,-ばら.い	扎
旨	8	1166	6	delicious, relish, show a liking for, purport, will, clever, expert	シ	むね,うま.い	日
枝	5	1401	8	bough, branch, twig, limb, counter for branches	シ	えだ	木
豆	3	1422	7	beans, pea, midget	トウ,ズ	まめ,まめ-	豆
駐	8	955	15	stop-over, reside in, resident	チュウ		馬
亡	6	661	3	deceased, the late, dying, perish	ボウ,モウ	な.い,な.き-,ほろ.びる,ほろ.ぶ,ほろ.ぼす	亠
塾	8	1297	14	cram school, private school	ジュク		土
芝	8	1052	6	turf, lawn	シ	しば	艾
陽	3	1071	12	sunshine, yang principle, positive, male, heaven, daytime	ヨウ	ひ	阡
脂	8	1548	10	fat, grease, tallow, lard, rosin, gum, tar	シ	あぶら	肉
肪	8	1878	8	obese, fat	ボウ		肉
諮	8	1345	16	consult with	シ	はか.る	言
雌	8	1951	14	feminine, female	シ	め-,めす,めん	隹
飼	5	1392	13	domesticate, raise, keep, feed	シ	か.う	食
侍	8	1939	8	waiter, samurai, wait upon, serve	ジ,シ	さむらい,はべ.る	化
従	6	601	10	accompany, obey, submit to, comply, follow, secondary, incidental, subordinate	ジュウ,ショウ,ジュ	したが.う,したが.える,より	彳
慈	8	1811	13	mercy	ジ	いつく.しむ	心
悲	3	1014	12	grieve, sad, deplore, regret	ヒ	かな.しい,かな.しむ	心
圭	9	1837	6	square jewel, corner, angle, edge	ケイ,ケ		土
滋	4	1563	12	nourishing, more & more, be luxuriant, planting, turbidity	ジ,シ		汁
癒	8	1667	18	healing, cure, quench (thirst), wreak	ユ	い.える,いや.す,い.やす	疔
磁	6	1686	14	magnet, porcelain	ジ		石
鼻	3	1632	14	nose, snout	ビ	はな	鼻
紹	8	963	11	introduce, inherit, help	ショウ		糸
尊	6	1181	12	revered, valuable, precious, noble, exalted	ソン	たっと.い,とうと.い,たっと.ぶ,とうと.ぶ	寸
鹿	4	957	11	deer	ロク	しか,か	鹿
軸	8	1261	12	axis, pivot, stem, stalk, counter for book scrolls	ジク		車
漆	8	1971	14	lacquer, varnish, seven	シツ	うるし	汁
喪	8	885	12	miss, mourning	ソウ	も	口
恋	8	1296	10	romance, in love, yearn for, miss, darling	レン	こ.う,こい,こい.しい	心
湿	8	1517	12	damp, wet, moist	シツ,シュウ	しめ.る,しめ.す,うるお.う,うるお.す	汁
塗	8	1414	13	paint, plaster, daub, smear, coating	ト	ぬ.る,ぬ.り,まみ.れる	土
疾	8	1577	10	rapidly	シツ	はや.い	疔
稔	9	1775	13	harvest, ripen	ネン,ジン,ニン	みの.る,みのり	禾
践	8	1570	13	tread, step on, trample, practice, carry through	セン	ふ.む	足
精	5	752	14	refined, ghost, fairy, energy, vitality, semen, excellence, purity, skill	セイ,ショウ	しら.げる,くわ.しい	米
祉	8	1063	8	welfare, happiness	シ		示
窓	6	1186	11	window, pane	ソウ,ス	まど,てんまど,けむだし	穴
遮	8	1865	14	intercept, interrupt, obstruct	シャ	さえぎ.る	込
蛇	8	1721	11	snake, serpent, hard drinker	ジャ,ダ,イ,ヤ	へび	虫
貸	5	995	12	lend	タイ	か.す,か.し-,かし-	貝
尺	6	1940	4	shaku, Japanese foot, measure, scale, rule	シャク,セキ	さし	尸
稚	8	1560	13	immature, young	チ,ジ	いとけない,おさない,おくて,おでる	禾
寂	8	1599	11	loneliness, quietly, mellow, mature, death of a priest	ジャク,セキ	さび,さび.しい,さび.れる,さみ.しい	宀
砲	8	1268	10	cannon, gun	ホウ		石
穫	8	1642	18	harvest, reap	カク		禾
摂	8	1779	13	vicarious, surrogate, act in addition to, take in, absorb	セツ,ショウ	おさ.める,かね.る,と.る	扎
順	4	779	12	obey, order, turn, right, docility, occasion	ジュン		頁
招	5	840	8	beckon, invite, summon, engage	ショウ	まね.く	扎
錠	8	1934	16	lock, fetters, shackles	ジョウ		金
探	6	930	11	grope, search, look for	タン	さぐ.る,さが.す	扎
遅	8	833	12	slow, late, back, later	チ	おく.れる,おく.らす,おそ.い	込
堤	8	1658	12	dike, bank, embankment	テイ	つつみ	土
朱	8	1788	6	vermilion, cinnabar, scarlet, red, bloody	シュ	あけ	木
殊	8	1361	10	particularly, especially, exceptionally	シュ	こと	歹
狩	8	1785	9	hunt, raid, gather	シュ	か.る,か.り,-が.り	犯
猟	8	1851	11	game-hunting, shooting, game, bag	リョウ	かり,か.る	犯
趣	8	1153	15	purport, gist, elegance, interest, proceed to, tend, become	シュ	おもむき,おもむ.く	走
飾	8	1193	13	decorate, ornament, adorn, embellish	ショク	かざ.る,かざ.り	食
尾	8	875	7	tail, end, counter for fish, lower slope of mountain	ビ	お	尸
胎	8	1861	9	womb, uterus	タイ		肉
納	6	987	10	settlement, obtain, reap, pay, supply, store	ノウ,ナッ,ナ,ナン,トウ	おさ.める,-おさ.める,おさ.まる	糸
拾	3	1479	9	pick up, gather, find, go on foot, ten	シュウ,ジュウ	ひろ.う	扎
賄	8	1282	13	bribe, board, supply, finance	ワイ	まかな.う	貝
即	8	1167	7	instant, namely, as is, conform, agree, adapt	ソク	つ.く,つ.ける,すなわ.ち	卩
寝	8	1034	13	lie down, sleep, rest, bed, remain unsold	シン	ね.る,ね.かす,い.ぬ,みたまや,や.める	宀
旅	3	783	10	trip, travel	リョ	たび	方
覆	8	1378	18	capsize, cover, shade, mantle, be ruined	フク	おお.う,くつがえ.す,くつがえ.る	西
秀	8	848	7	excel, excellence, beauty, surpass	シュウ	ひい.でる	禾
積	4	541	16	volume, product (x*y), acreage, contents, pile up, stack, load, amass	セキ	つ.む,-づ.み,つ.もる,つ.もり	禾
憎	8	1808	14	hate, detest	ゾウ	にく.む,にく.い,にく.らしい,にく.しみ	心
専	6	506	9	specialty, exclusive, mainly, solely	セン	もっぱ.ら	寸
随	8	1396	12	follow, though, notwithstanding, while, during, both, all, obey, submit to, comply, at the mercy of (the waves)	ズイ	まにま.に,したが.う	阡
軟	8	1269	11	soft	ナン	やわ.らか,やわ.らかい	車
縦	6	1258	16	vertical, length, height, self-indulgent, wayward	ジュウ	たて	糸
鎮	8	1617	18	tranquilize, ancient peace-preservation centers	チン	しず.める,しず.まる,おさえ	金
淑	8	1922	11	graceful, gentle, pure	シュク	しと.やか	汁
清	4	705	11	pure, purify, cleanse, exorcise, Manchu dynasty	セイ,ショウ,シン	きよ.い,きよ.まる,きよ.める	汁
陣	8	828	10	camp, battle array, ranks, position, sudden, brief time	ジン		阡
陳	8	1323	11	exhibit, state, relate, explain	チン	ひ.ねる	阡
俊	8	1007	9	sagacious, genius, excellence	シュン		化
駿	9	1817	17	a good horse, speed, a fast person	シュン,スン	すぐ.れる	馬
擬	8	1990	17	mimic, aim (a gun) at, nominate, imitate	ギ	まが.い,もど.き	扎
准	8	1441	10	quasi-, semi-, associate	ジュン		冫
潤	8	1644	15	wet, be watered, profit by, receive benefits, favor, charm, steep	ジュン	うるお.う,うるお.す,うる.む	汁
純	6	1044	10	genuine, purity, innocence, net (profit)	ジュン		糸
粋	8	1768	10	chic, style, purity, essence, pith, cream, elite, choice	スイ	いき	米
曙	9	1518	17	dawn, daybreak	ショ	あけぼの	日
庶	8	1558	11	commoner, all, bastard	ショ		广
諸	6	658	15	various, many, several, together	ショ	もろ	言
輔	9	1898	14	help	ホ,フ	たす.ける	車
徐	8	1470	10	gradually, slowly, deliberately, gently	ジョ	おもむ.ろに	彳
斗	8	1885	4	Big Dipper, ten sho (vol), sake dipper, dots and cross radical (no. 68)	ト,トウ		斗
刀	2	1794	2	sword, saber, knife	トウ	かたな,そり	刀
昇	8	826	8	rise up	ショウ	のぼ.る	日
昭	3	697	9	shining, bright	ショウ		日
焦	8	973	12	char, hurry, impatient, irritate, burn, scorch, singe	ショウ	こ.げる,こ.がす,こ.がれる,あせ.る,じ.れる,じ.らす	火
肖	8	1889	7	resemblance	ショウ	あやか.る	肉
詳	8	1178	13	detailed, full, minute, accurate, well-informed	ショウ	くわ.しい,つまび.らか	言
陸	4	736	11	land, six	リク,ロク	おか	阡
冗	8	1782	4	superfluous, uselessness	ジョウ		冖
余	5	680	7	too much, myself, surplus, other, remainder	ヨ	あま.る,あま.り,あま.す,あんま.り	化
浄	8	1383	9	clean, purify, cleanse, exorcise, Manchu Dynasty	ジョウ,セイ	きよ.める,きよ.い	汁
蒸	6	1552	13	steam, heat, sultry, foment, get musty	ジョウ,セイ	む.す,む.れる,む.らす	艾
醸	8	1838	20	brew, cause	ジョウ	かも.す	酉
嘱	8	1903	15	entrust, request, send a message	ショク	しょく.する,たの.む	口
媒	8	1900	12	mediator, go-between	バイ	なこうど	女
添	8	1501	11	annexed, accompany, marry, suit, meet, satisfy, attach, append, garnish, imitate	テン	そ.える,そ.う	汁
欲	6	902	11	longing, covetousness, greed, passion, desire, craving	ヨク	ほっ.する,ほ.しい	欠
糧	8	1354	18	provisions, food, bread	リョウ,ロウ	かて	米
奉	8	1624	8	observance, offer, present, dedicate	ホウ,ブ	たてまつ.る,まつ.る,ほう.ずる	大
侵	8	1025	9	encroach, invade, raid, trespass, violate	シン	おか.す	化
唇	8	1992	10	lips	シン	くちびる	口
坊	8	1832	7	boy, priest's residence, priest	ボウ,ボッ		土
酔	8	1640	11	drunk, feel sick, poisoned, elated, spellbound	スイ	よ.う,よ.い,よ	酉
緑	3	1180	14	green	リョク,ロク	みどり	糸
森	1	609	12	forest, woods	シン	もり	木
浸	8	1447	10	immersed, soak, dip, steep, moisten, wet, dunk	シン	ひた.す,ひた.る,つ.かる	汁
漬	8	1818	14	pickling, soak, moisten, steep	シ	つ.ける,つ.かる,-づ.け,-づけ	汁
赤	1	584	7	red	セキ,シャク	あか,あか-,あか.い,あか.らむ,あか.らめる	赤
聖	6	1165	13	holy, saint, sage, master, priest	セイ,ショウ	ひじり	耳
紳	8	1790	11	sire, good belt, gentleman	シン		糸
仁	6	1332	4	humanity, virtue, benevolence, charity, man, kernel	ジン,ニ,ニン		化
睦	8	1993	13	intimate, friendly, harmonious	ボク,モク	むつ.まじい,むつ.む,むつ.ぶ	目
抱	8	871	8	embrace, hug, hold in arms	ホウ	だ.く,いだ.く,かか.える	扎
呈	8	1571	7	display, offer, present, send, exhibit	テイ		口
尋	8	1398	12	inquire, fathom, look for	ジン	たず.ねる,ひろ	寸
甚	8	1961	9	tremendously, very, great, exceedingly	ジン	はなは.だ,はなは.だしい	甘
腎	8	1755	13	kidney	ジン		肉
迅	8	1888	6	swift, fast	ジン		込
吹	8	1133	7	blow, breathe, puff, emit, smoke	スイ	ふ.く	口
推	6	507	11	conjecture, infer, guess, suppose, support, push (for)	スイ	お.す	扎
槽	8	1809	15	vat, tub, tank	ソウ	ふね	木
溶	8	1364	13	melt, dissolve, thaw	ヨウ	と.ける,と.かす,と.く	汁
衰	8	1432	10	decline, wane, weaken	スイ	おとろ.える	衣
崇	8	1970	11	adore, respect, revere, worship	スウ	あが.める	山
枢	8	1791	8	hinge, pivot, door, center of things	スウ,シュ	とぼそ,からくり	木
据	8	1468	11	set, lay a foundation, install, equip, squat down, sit down	キョ	す.える,す.わる	扎
杉	8	1095	7	cedar, cryptomeria	サン	すぎ	木
澄	8	1722	15	lucidity, be clear, clear, clarify, settle, strain, look grave	チョウ	す.む,す.ます,-す.ます	汁
瀬	8	1152	19	rapids, current, torrent, shallows, shoal	ライ	せ	汁
覇	8	1173	19	hegemony, supremacy, leadership, champion	ハ,ハク	はたがしら	西
貧	5	1211	11	poverty, poor	ヒン,ビン	まず.しい	貝
涼	8	1783	11	refreshing, nice and cool	リョウ	すず.しい,すず.む,すず.やか,うす.い,ひや.す,まことに	汁
姜		1915	9	Chinese surname, ginger	キョウ,ガ	こう	女
誠	6	1128	13	sincerity, admonish, warn, prohibit, truth, fidelity	セイ	まこと	言
誓	8	1567	14	vow, swear, pledge	セイ	ちか.う	言
銅	5	1505	14	copper	ドウ	あかがね	金
惜	8	1641	11	pity, be sparing of, frugal, stingy, regret	セキ	お.しい,お.しむ	心
仏	5	819	4	Buddha, the dead, France	ブツ,フツ	ほとけ	化
劣	8	1620	6	inferiority, be inferior to, be worse	レツ	おと.る	力
窃	8	1871	9	stealth, steal, secret, private, hushed	セツ	ぬす.む,ひそ.か	穴
操	6	1016	16	maneuver, manipulate, operate, steer, chastity, virginity, fidelity	ソウ,サン	みさお,あやつ.る	扎
濯	8	1698	17	laundry, wash, pour on, rinse	タク	すす.ぐ,ゆす.ぐ	汁
辻	9	1614	5	crossing, crossroad, street corners, (kokuji)		つじ	込
舶	8	1753	11	liner, ship	ハク		舟
湯	3	1356	12	hot water, bath, hot spring	トウ	ゆ	汁
哨	9	1999	10	scout, sentinel	ショウ	みはり	口
未	4	650	5	un-, not yet, hitherto, still, even now, sign of the ram, 1-3PM, eighth sign of Chinese zodiac	ミ,ビ	いま.だ,ま.だ,ひつじ	木
措	8	818	11	set aside, give up, suspend, discontinue, lay aside, except	ソ	お.く	扎
狙	8	745	8	aim at, sight, shadow, stalk	ソ,ショ	ねら.う,ねら.い	犯
描	8	876	11	sketch, compose, write, draw, paint	ビョウ	えが.く,か.く	扎
朴	8	1626	6	crude, simple, plain, docile	ボク	ほう,ほお,えのき	木
粒	8	1635	11	grains, drop, counter for tiny particles	リュウ	つぶ	米
訟	8	1061	11	sue, accuse	ショウ		言
阻	8	1280	8	thwart, separate from, prevent, obstruct, deter, impede	ソ	はば.む	阡
双	8	1029	4	pair, set, comparison, counter for pairs	ソウ	ふた,たぐい,ならぶ,ふたつ	又
捜	8	592	10	search, look for, locate	ソウ,シュ,シュウ	さが.す	扎
挿	8	1908	10	insert, put in, graft, wear (sword)	ソウ	さ.す,はさ.む	扎
氷	3	1450	5	icicle, ice, hail, freeze, congeal	ヒョウ	こおり,ひ,こお.る	汁
粧	8	1545	12	cosmetics, adorn (one's person)	ショウ		米
跳	8	1716	13	hop, leap up, spring, jerk, prance, buck, splash, sputter, snap	チョウ	は.ねる,と.ぶ,-と.び	足
騒	8	1069	18	boisterous, make noise, clamor, disturb, excite	ソウ	さわ.ぐ,うれい,さわ.がしい	馬
贈	8	1001	18	presents, send, give to, award to, confer on, presenting something	ゾウ,ソウ	おく.る	貝
傍	8	1660	12	bystander, side, besides, while, nearby, third person	ボウ	かたわ.ら,わき,おか-,はた,そば	化
把	8	1569	7	grasp, faggot, bunch, counter for bundles	ハ,ワ		扎
踏	8	723	15	step, trample, carry through, appraise, evade payment	トウ	ふ.む,ふ.まえる	足
俗	8	1610	9	vulgar, customs, manners, worldliness, mundane things	ゾク		化
袖	8	1960	10	sleeve, wing (building), extension, give cold shoulder	シュウ	そで	衣
賠	8	1243	15	compensation, indemnify	バイ		貝
忙	8	1475	6	busy, occupied, restless	ボウ,モウ	いそが.しい,せわ.しい,おそ.れる,うれえるさま	心
妥	8	1102	7	gentle, peace, satisfactory, appropriate	ダ		女
拍	8	1373	8	clap, beat (music)	ハク,ヒョウ		扎
梶	9	1355	11	sculling oar	ビ	かじ,こずえ	木
逮	8	766	11	apprehend, chase	タイ		込
捕	8	604	10	catch, capture	ホ	と.らえる,と.らわれる,と.る,とら.える,とら.われる,つか.まえる,つか.まる	扎
抵	8	1182	8	resist, reach, touch	テイ		扎
鷹	9	1676	24	hawk	ヨウ,オウ	たか	鳥
滝	8	1478	13	waterfall, rapids, cascade	ロウ,ソウ	たき	汁
磨	8	1608	16	grind, polish, scour, improve, brush (teeth)	マ	みが.く,す.る	石
辰	9	1600	7	sign of the dragon, 7-9AM, fifth sign of Chinese zodiac, shin dragon radical (no. 161)	シン,ジン	たつ	辰
誰	8	1933	15	who, someone, somebody	スイ	だれ,たれ,た	言
赴	8	1649	9	proceed, get, become, tend	フ	おもむ.く	走
偵	8	1857	11	spy	テイ		化
淡	8	1436	11	thin, faint, pale, fleeting	タン	あわ.い	汁
鍛	8	1793	17	forge, discipline, train	タン	きた.える	金
肌	8	1559	6	texture, skin, body, grain	キ	はだ	肉
膚	8	1679	15	skin, body, grain, texture, disposition	フ	はだ	肉
恥	8	1575	10	shame, dishonor	チ	は.じる,はじ,は.じらう,は.ずかしい	心
鈍	8	1574	12	dull, slow, foolish, blunt	ドン	にぶ.い,にぶ.る,にぶ-,なま.る,なまく.ら	金
竹	1	593	6	bamboo	チク	たけ	竹
秩	8	1275	10	regularity, salary, order	チツ		禾
央	3	582	5	center, middle	オウ		大
抽	8	1437	8	pluck, pull, extract, excel	チュウ	ひき-	扎
昼	2	1115	9	daytime, noon	チュウ	ひる	日
屯	8	1980	4	barracks, police station, camp, ton	トン	たむろ	屮
猪	9	1684	11	boar	チョ	い,いのしし	犯
貯	5	1100	12	savings, store, lay in, keep, wear mustache	チョ	た.める,たくわ.える	貝
鄭	9	1732	15	an ancient Chinese province	テイ,ジョウ		邦
寧	8	1697	14	rather, preferably, peaceful, quiet, tranquility	ネイ	むし.ろ	宀
彫	8	1533	11	carve, engrave, chisel	チョウ	ほ.る,-ぼ.り	彡
挑	8	989	9	challenge, contend for, make love to	チョウ	いど.む	扎
旭	9	1417	6	rising sun, morning sun	キョク	あさひ	日
夕	1	924	3	evening	セキ	ゆう	夕
眺	8	1726	11	stare, watch, look at, see, scrutinize	チョウ	なが.める	目
翔	9	1936	12	soar, fly	ショウ	かけ.る,と.ぶ	羽
珍	8	1330	9	rare, curious, strange	チン	めずら.しい,たから	王
腐	8	1225	14	rot, decay, sour	フ	くさ.る,-くさ.る,くさ.れる,くさ.れ,くさ.らす,くさ.す	肉
椎	8	1911	12	chinquapin, mallet, spine	ツイ,スイ	つち,う.つ	木
捉	8	1976	10	catch, capture	ソク,サク	とら.える	扎
椿	9	1829	13	camellia	チン,チュン	つばき	木
坪	8	1823	8	two-mat area, approx. thirty-six sq ft	ヘイ	つぼ	土
楊	9	1815	13	willow	ヨウ	やなぎ	木
鶴	8	1369	21	crane, stork	カク	つる	鳥
亭	8	1627	9	pavilion, restaurant, mansion, arbor, cottage, vaudeville, music hall, stage name	テイ,チン		亠
哲	8	1093	10	philosophy, clear	テツ	さとい,あきらか	口
撤	8	811	15	remove, withdraw, disarm, dismantle, reject, exclude	テツ		扎
陛	6	1429	10	highness, steps (of throne)	ヘイ		阡
舗	8	1412	15	shop, store, pave	ホ		化
亘	9	1728	6	span, range, extend over	コウ,カン,セン	わた.る,もと.める	二
賭	8	1989	15	gamble, wager, bet	ト	か.ける,かけ	貝
壌	8	1407	16	lot, earth, soil	ジョウ	つち	土
俵	6	1481	10	bag, bale, sack, counter for bags	ヒョウ	たわら	化
塀	8	1991	12	fence, wall, (kokuji)	ヘイ,ベイ		土
凍	8	1284	10	frozen, congeal, refrigerate	トウ	こお.る,こご.える,こご.る,い.てる,し.みる	冫
嶋	10	1633	14	island	トウ	しま	山
函	9	1781	8	box (archaic)	カン	はこ,い.れる	凵
搭	8	1472	12	board, load (a vehicle), ride	トウ		扎
邦	8	654	7	home country, country, Japan	ホウ	くに	邦
棟	8	1406	12	ridgepole, ridge	トウ	むね,むな-	木
沸	8	1709	8	seethe, boil, ferment, uproar, breed	フツ	わ.く,わ.かす	汁
尿	8	1672	7	urine	ニョウ	ゆばり,いばり,しと	尸
冨	10	1906	11	enrich, wealthy, abundant	フ,フウ	と.む,とみ	冖
逃	8	931	9	escape, flee, shirk, evade, set free	トウ	に.げる,に.がす,のが.す,のが.れる	込
陶	8	1680	11	pottery, porcelain	トウ	すえ	阡
峠	8	1941	9	mountain peak, mountain pass, climax, crest, (kokuji)		とうげ	山
寅	9	1975	11	sign of the tiger, 3-5AM, third sign of Chinese zodiac	イン	とら	宀
曇	8	1899	16	cloudy weather, cloud up	ドン	くも.る	日
裏	6	812	13	back, amidst, in, reverse, inside, palm, sole, rear, lining, wrong side	リ	うら	衣
鍋	8	1810	17	pot, pan, kettle	カ	なべ	金
幼	6	1227	5	infancy, childhood	ヨウ	おさな.い	幺
妊	8	1413	7	pregnancy	ニン,ジン	はら.む,みごも.る	女
娠	8	1623	10	with child, pregnancy	シン		女
背	6	696	9	stature, height, back, behind, disobey, defy, go back on, rebel	ハイ	せ,せい,そむ.く,そむ.ける	肉
粘	8	1410	11	sticky, glutinous, greasy, persevere	ネン	ねば.る	米
濃	8	1200	16	concentrated, thick, dark, undiluted	ノウ	こ.い	汁
俳	6	1137	10	haiku, actor	ハイ		化
排	8	1047	11	repudiate, exclude, expel, reject, line up, arrange	ハイ		扎
肺	6	1387	9	lungs	ハイ		肉
陪	8	1917	11	obeisance, follow, accompany, attend on	バイ		阡
萩	9	1544	12	bush clover	シュウ	はぎ	艾
博	4	794	12	Dr., command, esteem, win acclaim, Ph.D., exposition, fair	ハク,バク		十
柏	9	1606	9	oak, cypress	ハク,ヒャク,ビャク	かしわ	木
樺	9	1982	14	birch, dark red	カ	かば,かんば	木
桜	5	1237	10	cherry	オウ,ヨウ	さくら	木
祥	8	1273	10	auspicious, happiness, blessedness, good omen, good fortune	ショウ	さいわ.い,きざ.し,よ.い,つまび.らか	示
伐	8	1816	6	fell, strike, attack, punish	バツ,ハツ,カ,ボチ	き.る,そむ.く,う.つ	化
帆	8	1923	6	sail	ハン	ほ	巾
繁	8	1198	16	luxuriant, thick, overgrown, frequency, complexity, trouble	ハン	しげ.る,しげ.く	糸
昌	9	1372	8	prosperous, bright, clear	ショウ	さかん	日
茂	8	1188	8	overgrown, grow thick, be luxuriant	モ	しげ.る	艾
藩	8	1896	18	clan, enclosure	ハン		艾
勇	4	1319	9	courage, cheer up, be in high spirits, bravery, heroism	ユウ	いさ.む	力
扉	8	1866	12	front door, title page, front page	ヒ	とびら	戸
批	6	568	7	criticism, strike	ヒ		扎
披	8	1438	8	expose, open	ヒ		扎
琵	9	1965	12	glissando on strings, lute	ビ,ヒ		王
琶	9	1966	12	lute	ハ,ベ,ワ		王
漂	8	1492	14	drift, float (on liquid)	ヒョウ	ただよ.う	汁
秒	3	1015	9	second (1/60 minute)	ビョウ		禾
苗	8	1713	8	seedling, sapling, shoot	ビョウ,ミョウ	なえ,なわ-	艾
朽	8	1891	6	decay, rot, remain in seclusion	キュウ	く.ちる	木
偏	8	1340	11	partial, side, left-side radical, inclining, biased	ヘン	かたよ.る	化
裕	8	1048	12	abundant, rich, fertile	ユウ		衣
祐	9	1706	9	help	ユウ,ウ	たす.ける	示
普	8	757	12	universal, wide(ly), generally, Prussia	フ	あまね.く,あまねし	日
預	6	981	13	deposit, custody, leave with, entrust to	ヨ	あず.ける,あず.かる	頁
浮	8	776	10	floating, float, rise to surface	フ	う.く,う.かれる,う.かぶ,う.かべる	汁
踊	8	1308	14	jump, dance, leap, skip	ヨウ	おど.る	足
鈴	8	880	13	small bell, buzzer	レイ,リン	すず	金
複	5	915	14	duplicate, double, compound, multiple	フク		衣
淵	9	1593	12	abyss, edge, deep pool, the depths	エン,カク,コウ	ふち,かた.い,はなわ	汁
渕		1399	11	edge	エン,カク,コウ	ふち,かた.い,はなわ	汁
噴	8	1270	15	erupt, spout, emit, flush out	フン	ふ.く	口
墓	5	1337	13	grave, tomb	ボ	はか	土
憤	8	1863	15	aroused, resent, be indignant, anger	フン	いきどお.る	心
紛	8	994	10	distract, be mistaken for, go astray, divert	フン	まぎ.れる,-まぎ.れ,まぎ.らす,まぎ.らわす,まぎ.らわしい	糸
雰	8	1341	12	atmosphere, fog	フン		雨
凡	8	1730	3	commonplace, ordinary, mediocre	ボン,ハン	およ.そ,おうよ.そ,すべ.て	几
虜	8	1678	13	captive, barbarian, low epithet for the enemy	リョ,ロ	とりこ,とりく	虍
嶺	9	1959	17	peak, summit	レイ,リョウ	みね	山
牧	4	1360	8	breed, care for, shepherd, feed, pasture	ボク	まき	牛
曹	8	1998	11	office, official, comrade, fellow	ソウ,ゾウ		曰
芳	8	1302	7	perfume, balmy, favorable, fragrant	ホウ	かんば.しい	艾
豊	5	762	13	bountiful, excellent, rich	ホウ,ブ	ゆた.か,とよ	豆
飽	8	1780	13	sated, tired of, bored, satiate	ホウ	あ.きる,あ.かす,あ.く	食
妨	8	1482	7	disturb, prevent, hamper, obstruct	ボウ	さまた.げる	女
帽	8	1742	12	cap, headgear	ボウ,モウ	ずきん,おお.う	巾
忘	6	1129	7	forget	ボウ	わす.れる	心
冒	8	1317	9	risk, face, defy, dare, damage, assume (a name)	ボウ	おか.す	冂
膨	8	1293	16	swell, get fat, thick	ボウ	ふく.らむ,ふく.れる	肉
貿	5	652	12	trade, exchange	ボウ		貝
僕	8	1236	14	me, I (male), servant, manservant	ボク	しもべ	化
翻	8	1465	18	flip, turn over, wave, flutter, change (mind)	ホン,ハン	ひるがえ.る,ひるがえ.す	羽
盆	8	1654	9	basin, lantern festival, tray	ボン		皿
又	8	1874	2	or again, furthermore, on the other hand	ユウ	また,また-,また.の-	又
矛	8	1538	5	halberd, arms, festival float	ム,ボウ	ほこ	矛
翌	6	1070	11	the following, next	ヨク		羽
亮	9	1821	9	clear, help	リョウ	あきらか	亠
朗	6	1374	10	melodious, clear, bright, serene, cheerful	ロウ	ほが.らか,あき.らか	月
綿	5	1495	14	cotton	メン	わた	糸
猛	8	1301	11	fierce, rave, rush, become furious, wildness, strength	モウ		犯
盲	8	1767	8	blind, blind man, ignoramus	モウ	めくら	目
唯	8	1292	11	solely, only, merely, simply	ユイ,イ	ただ	口
幽	8	1996	9	seclude, confine to a room, deep, profound, secluded, faint, dark, tranquil, calm	ユウ	ふか.い,かす.か,くら.い,しろ.い	幺
悠	8	1921	11	permanence, distant, long time, leisure	ユウ		心
拐	8	1498	8	kidnap, falsify	カイ		扎
郵	6	917	11	mail, stagecoach stop	ユウ		邦
妖	8	1964	7	attractive, bewitching, calamity	ヨウ	あや.しい,なま.めく,わざわ.い	女
擁	8	1213	16	hug, embrace, possess, protect, lead	ヨウ		扎
羊	3	1852	6	sheep	ヨウ	ひつじ	羊
裸	8	1796	13	naked, nude, uncovered, partially clothed	ラ	はだか	衣
嵐	8	1910	12	storm, tempest	ラン	あらし	山
梨	4	1331	11	pear tree	リ	なし	木
硫	8	1867	12	sulphur	リュウ		石
寮	8	1705	15	dormitory, hostel, villa, tea pavillion	リョウ		宀
厘	8	1835	9	rin, 1/10 sen, 1/10 bu	リン		厂
累	8	1662	11	accumulate, involvement, trouble, tie up, continually	ルイ		糸
零	8	1217	13	zero, spill, overflow, nothing, cipher	レイ	ぜろ,こぼ.す,こぼ.れる	雨
蓮	9	1839	13	lotus	レン	はす,はちす	艾
枠	8	922	8	frame, framework, spindle, spool, bounding-box, (kokuji)		わく	木
鷲	9	1925	23	eagle	シュウ,ジュ	わし	鳥
曽	8	1320	11	formerly, once, before, ever, never, ex-	ソウ,ソ,ゾウ	かつ,かつて,すなわち	曰
薫	8	1849	16	send forth fragrance, fragrant, be scented, smoke (tobacco)	クン	かお.る	艾
也	9	1404	3	to be (classical)	ヤ,エ	なり,か,また	乞
竜	8	1195	10	dragon, imperial	リュウ,リョウ,ロウ	たつ,いせ	立
龍	10	1734	16	dragon, imperial	リュウ,リョウ,ロウ	たつ	竜
媛	4	1735	12	beautiful woman, princess	エン	ひめ	女
叔	8	1950	8	uncle, youth	シュク		又
淀	9	1987	11	pool, eddy	テン,デン	よど.む	汁
阜	4	1532	8	hill, mound, left village radical (no. 170)	フ,フウ		阡
鎌	8	1587	18	sickle, scythe, trick	レン,ケン	かま	金
樽	9	1981	16	barrel, cask, keg	ソン	たる	木
磯	9	1444	17	seashore, beach	キ	いそ	石
堰	9	1913	12	dam, prevent, stop up	エン	せき,せ.く	土
笹	9	1743	11	bamboo grass, (kokuji)		ささ	竹
篠	9	1556	17	bamboo grass	ゾウ,ショウ	しの,ささ,すず	竹
柴	9	1638	10	brush, firewood	サイ,シ	しば	木
灘	9	1912	21	open sea	タン,ダン	なだ,せ	汁
靖	9	1390	13	peaceful	セイ,ジョウ	やす.んじる	青
幌	9	1309	13	canopy, awning, hood, curtain	コウ	ほろ,とばり	巾
菅	9	1562	11	sedge	カン,ケン	すげ	艾
芦	9	1733	7	reed, bullrush	ロ	あし,よし	艾
晃	9	1666	10	clear	コウ	あきらか	日
