surface	reading	meaning	frequency_rank	jlpt_level	part_of_speech
手	て	hand; arm; forepaw; foreleg	4	N5	n
多	た	multi-	8		n
出	で	coming out; going out; outflow; efflux; rising (of the Sun or the Moon); attending (work); appearing (on stage); one's turn to go on	12	N3	n
無い	ない	nonexistent; not being (there); unowned; not had; unpossessed	13		adj-i
有る	ある	to be; to exist; to live; to have	16	N5	v5r-i
古都	こと	ancient city; former capital	18		n
加	か	addition; Canada	19		n
成る	なる	to become; to get; to grow; to turn; to reach; to attain; to result in; to turn out; to end up; to prove (to be)	20	N5	v5r
生る	なる	to bear fruit	20	N2	v5r
言う	いう	to say; to utter; to declare; to name; to call	23	N5	v5u
人	じん	-ian (e.g. Italian); -ite (e.g. Tokyoite); -er (e.g. performer, etc.); person working with ...	25	N1	suf
と言う	という	called; named; that says; that; as many as; as much as	27		exp
思う	おもう	to think; to consider; to believe; to reckon; to think (of doing); to plan (to do)	28	N4	v5u
的	てき	-ical; -ive; -al; -ic; -y; -like; -ish; -sort of; -kind of	30	N1	suf
年	とし	year; age; years	31	N5	n
日	ひ	day; days; sun; sunshine; sunlight	32	N4	n
私	わたし	I; me	33	N5	pn
者	もの	person	34	N3	n
場	ば	place; spot; space; field; discipline; sphere; realm	36	N3	n
出来る	できる	to be able to do; to be possible; to be permitted (to do); to be good at; to do well; to be proficient (in); to be capable	38	N5	v1
月	つき	Moon; month	41	N4	n
対	たい	versus; against; vs.; v.; to (e.g. score of 4 to 2, ratio of 3 to 1, vote of 320 to 180)	45	N3	n
中	なか	inside; interior; among; within	47	N5	n
見る	みる	to see; to look; to watch; to view; to observe; to examine; to look over; to assess; to check; to judge	51	N5	v1
日本	にほん	Japan	55	N3	n
一	いち	one; 1; best	57	N5	num
何	なに	what; you-know-what; that thing	61	N5	pn
世	よ	world; society; public; life; lifetime	62	N1	n
自分	じぶん	myself; yourself; oneself; himself; herself; I; me	63	N5	pn
方	かた	direction; way; person; lady; gentleman	66	N5	n
時	とき	time; hour; moment; occasion; case	67	N3	n
問題	もんだい	question (e.g. on a test); problem; problem (e.g. societal, political); question; issue; subject (e.g. of research); case; matter	68	N5	n
考える	かんがえる	to think (about, of); to think over; to ponder; to contemplate; to reflect (on); to meditate (on); to consider; to bear in mind; to allow for; to take into consideration	69	N4	v1
今	いま	now; the present time; just now; soon; immediately; another; more	72	N5	n
分け	わけ	division; splitting; classification; sharing; distribution	76		n
立ち	たち	departure; setting off; start; being used up; being consumed; being burnt out	77		n
所	ところ	place; spot; scene; site; address	78	N5	n
差	さ	difference; variation	79	N3	n
前	ぜん	last (i.e. immediately preceding); previous; ex-; former; pre- (e.g. premodern)	82	N1	n-pref
第	だい	prefix for forming ordinal numbers	83	N1	pref
性	せい	nature (of a person); sex; gender	85	N3	n
行く	いく	to go; to move (towards); to head (towards); to leave (for); to move through; to travel across; to walk along (e.g. a road)	86	N5	v5k-s
出る	でる	to leave; to exit; to go out; to come out; to get out; to leave (on a journey); to depart; to start out; to set out	91	N5	v1
時間	じかん	time; hour	92	N5	n
会	かい	meeting; assembly; party; gathering; conference; athletic meet; society; association; club	93	N3	n
書く	かく	to write; to compose; to pen; to draw; to paint	94	N5	v5k
円	えん	yen (currency of Japan); circle	95	N3	n
二	に	two; 2	96	N5	num
場合	ばあい	case; occasion; situation; circumstances	98	N4	n
持つ	もつ	to hold (in one's hand); to take; to carry; to possess; to have; to own	99	N5	v5t
必要	ひつよう	necessary; needed; essential; indispensable; necessity; need; requirement	100	N4	adj-na
情報	じょうほう	information; news; report; intelligence; information (data contained in characters, signals, code, etc.)	101	N3	n
上	うえ	above; over; up; top; summit; upper part; head (e.g. of a staircase)	104	N5	n
事	こと	thing; matter; incident; occurrence; event; something serious; trouble; crisis	105	N3	n
使う	つかう	to use (a tool, method, etc.); to make use of; to put to use; to use (a person, animal, puppet, etc.); to employ; to handle; to manage; to manipulate	106	N5	v5u
行う	おこなう	to perform; to do; to conduct oneself; to carry out	107	N4	v5u
五	ご	five; 5	109	N5	num
話	はなし	talk; speech; chat; conversation; topic; subject	110	N5	n
本	ほん	book; volume; script; this; present; current; ... in question; ... at issue	114	N5	n
分	ふん	minute (unit of time); fun (one tenth of a monme, 5.787 grains)	117	N1	n
十	じゅう	ten; 10; ten years of age	118	N5	num
目	め	eye; eyeball; eyesight; sight; vision	119	N5	n
多い	おおい	many; numerous; a lot; large amount of; large quantity of; much	120	N5	adj-i
知る	しる	to know; to be aware (of); to be conscious (of); to learn (of); to find out; to discover; to sense; to feel; to notice; to realize	121	N5	v5r
今日	きょう	today; this day; these days; recently; nowadays	122	N5	n
関係	かんけい	relation; relationship; connection; participation; involvement; concern	124	N4	n
委員	いいん	committee member	125	N3	n
後	あと	behind; rear; after; later	126	N5	n
家	いえ	house; residence; dwelling; home; family; household	128	N5	n
そう言う	そういう	such; like that; that sort of	129		adj-pn
聞く	きく	to hear; to listen (e.g. to music)	130	N5	v5k
世界	せかい	the world; society; the universe; sphere; circle; world	131	N4	n
気	き	spirit; mind; heart; nature; disposition	132	N4	n
点	てん	dot; spot; point; speck; mark; mark (in an exam, etc.); grade; score; points	133	N4	n
万	まん	10,000; ten thousand; myriad	134	N5	num
分かる	わかる	to understand; to comprehend; to grasp; to see; to get; to follow; to become clear; to be known; to be discovered; to be realized (realised); to be found out; to make sense	136	N5	v5r
社会	しゃかい	society; public; community; the world; social studies	138	N4	n
入る	いる	to enter; to go in; to get in; to come in; to set (of the sun or moon); to sink; to go down	140	N1	v5r
来る	くる	to come (spatially or temporally); to approach; to arrive; to come back; to do ... and come back	141	N5	vk
仕事	しごと	work; job; labor; labour; business; task; assignment; occupation; employment	144	N5	n
同じ	おなじ	same; identical; equal; alike; equivalent; anyway; in any case; if one must ...; if one has to ...; as long as ...	145	N5	adj-f
数	かず	number; amount	146	N3	n
記事	きじ	article; news story; report; account	147	N3	n
大	おお	large; big; great; major; important; serious; heavy; loud; older; senior	150		pref
国	くに	country; state; region	151	N5	n
下さる	くださる	to give; to confer; to bestow; to kindly do for one; to oblige; to favour; to favor	152	N4	v5aru
回	かい	counter for occurrences; a time; an instance	153	N3	ctr
三	さん	three; 3	154	N5	num
法	ほう	law; act; principle; method	157	N3	n
意味	いみ	meaning; significance; sense	158	N5	n
力	ちから	force; strength; might; vigour; vigor; energy; capability; ability; proficiency; capacity; faculty	159	N4	n
以上	いじょう	not less than ...; ... and over; ... and above; ... and upwards; ... or more; beyond (e.g. one's expectations); above; more than; further than	160	N4	n-suf
会社	かいしゃ	company; corporation; firm; one's workplace	161	N5	n
選る	よる	to choose; to select; to pick out	162		v5r
人間	にんげん	human being; human; person; man; mankind; humankind; character (of a person)	165	N3	n
現在	げんざい	the present; present time; now; as of	166	N3	n
作る	つくる	to make; to produce; to manufacture; to build; to construct; to prepare (food); to brew (alcohol)	167	N5	v5r
企業	きぎょう	enterprise; business; company; corporation	168	N3	n
氏	し	Mr; Mrs; Ms; Miss; clan	169	N3	suf
間	あいだ	space (between); gap; interval; distance; stretch; period of time (during, while); duration	171	N4	n
可能	かのう	possible; potential; practicable; feasible	172	N3	adj-na
感じる	かんじる	to feel; to sense; to experience; to be moved (by); to be touched (by); to be impressed (by); to respond (to)	173	N3	v1
出す	だす	to take out; to get out; to put out; to reveal; to show	174	N5	v5s
研究	けんきゅう	research; study; investigation	175	N4	n
投稿	とうこう	contribution (to a newspaper, magazine, etc.); submission; post (on a blog, social media, etc.)	176		n
知れる	しれる	to become known; to come to light; to be discovered; to be known; to be understood	179		v1
今回	こんかい	this time; now	182	N3	n
高い	たかい	high; tall; expensive; high-priced	184	N5	adj-i
次	つぎ	next; following; subsequent; stage; station	186	N5	n
言葉	ことば	language; dialect; word; phrase; expression; term	188	N5	n
こう言う	こういう	such; this sort of; like this	189		adj-pn
受ける	うける	to receive; to get; to catch (e.g. a ball)	192	N4	v1
経済	けいざい	economy; economics; finance; (one's) finances; financial circumstances	193	N4	n
貴方	あなた	you; dear; honey	194	N5	pn
最近	さいきん	recently; lately; these days; nowadays; right now; nearest; closest	198	N4	n
結果	けっか	result; consequence; outcome; effect; as a result of ...; as a consequence of ...; after ...; following ...	199	N3	n
度	たび	time (three times, each time, etc.); times	201	N3	n
史家	しか	historian	202		n
違う	ちがう	to differ (from); to be different; to be distinct; to be unlike; to vary; to disagree (with); to be wrong; to be incorrect; to be mistaken	203	N5	v5u
映画	えいが	movie; film; motion picture	204	N5	n
先生	せんせい	teacher; instructor; master; sensei; title or form of address for a teacher, master, doctor, lawyer, etc.	205	N5	n
生活	せいかつ	life; living; livelihood; (one's) living	206	N4	n
金	かね	money; metal	208	N3	n
時代	じだい	period; epoch; era; age; the times; those days	209	N4	n
政府	せいふ	government; administration; ministry	210	N3	n
非常	ひじょう	emergency; extreme; great; extraordinary; remarkable; unusual; terrible; severe	211	N3	n
得る	うる	to be able to ...; can ...; to get; to acquire; to obtain; to procure; to earn; to win; to gain; to secure; to attain	212	N3	v2a-s
店	みせ	store; shop; establishment; restaurant	214	N5	n
内容	ないよう	contents; content; substance; matter; detail; import	218	N3	n
一つ	ひとつ	one; for one thing	219	N5	num
心	こころ	mind; heart; spirit; the meaning of a phrase (riddle, etc.)	220	N4	n
説明	せつめい	explanation; exposition; description; account; caption; legend	221	N4	n
写真	しゃしん	photograph; photo; picture; photography; moving picture; movie	222	N5	n
教育	きょういく	education; schooling; training; instruction; teaching; upbringing; culture; cultivation	225	N4	n
女性	じょせい	woman; female; feminine gender	226	N4	n
子供	こども	child; children	227	N5	n
方法	ほうほう	method; way; manner; process; procedure; means; measure	228	N3	n
に対して	にたいして	towards; against; regarding; in contrast with	229		exp
大きい	おおきい	big; large; great; loud	230	N5	adj-i
名	な	name; given name; title	232	N3	n
利用	りよう	use; utilization; utilisation; application	233	N4	n
少し	すこし	a little; a bit; a small amount; a few; some; slightly; somewhat; a little while; a short time; a moment; a minute	235	N5	adv
技術	ぎじゅつ	technology; engineering; technique; skill	237	N4	n
何て	なんて	how ...!; what ...!; what?; what's that?	239	N1	adj-f
名前	なまえ	name; given name; first name	240	N5	n
参加	さんか	participation; joining; entry	241	N3	n
大きな	おおきな	big; large; great	243	N5	adj-pn
食べる	たべる	to eat; to live on (e.g. a salary); to live off; to subsist on	244	N5	v1
感じ	かんじ	feeling; sense; impression	245	N3	n
入れる	いれる	to put in; to let in; to take in; to bring in; to insert; to install (e.g. software); to set (a jewel, etc.); to ink in (e.g. tattoo); to admit; to accept; to employ; to hire	249	N5	v1
見える	みえる	to be seen; to be visible; to be in sight; to look; to seem; to appear	250	N4	v1
に取って	にとって	to; for; from the standpoint of; as far as ... is concerned	252		exp
活動	かつどう	activity (of a person, organization, animal, volcano, etc.); action; operation; moving picture	253	N3	n
東京	とうきょう	Tokyo	254		n
好き	すき	liking; being fond of; to one's liking; to one's taste; preferred; favourite; liking (romantically); being in love with; beloved	255	N5	adj-na
何処	どこ	where; what place; how much (long, far); what extent	256	N5	pn
状況	じょうきょう	state of affairs; situation; conditions; circumstances	259	N3	n
新しい	あたらしい	new; novel; fresh; recent; latest; up-to-date; modern	260	N5	adj-i
に対する	にたいする	regarding; in; to; towards; with regards to	261		exp
強い	つよい	strong; potent; competent; domineering; tough; brawny; powerful; healthy; rugged	262	N5	adj-i
管理	かんり	control; management (e.g. of a business)	263	N3	n
特に	とくに	particularly; especially; in particular; expressly	264	N4	adv
環境	かんきょう	environment; surroundings; circumstances	265	N3	n
地域	ちいき	area; region; district; locality	268	N3	n
始める	はじめる	to start; to begin; to commence; to initiate; to originate; to start up (a business, society, etc.); to open (e.g. a store); to establish	269	N4	v1
本当に	ほんとうに	really; truly	270		adv
実際	じっさい	reality; actuality; truth; fact; actual conditions; practice (as opposed to theory)	272	N3	n
中国	ちゅうごく	China; Chūgoku region (western part of Honshu comprising the prefectures of Okayama, Hiroshima, Yamaguchi, Tottori and Shimane)	273		n
市	いち	market; fair	274	N3	n
先	さき	point; tip; end; nozzle; head (of a line); front	275	N5	n
個人	こじん	individual; private person; personal; private; natural person	277	N3	n
意見	いけん	opinion; view; comment; scolding; reprimand; rebuke; admonition; cautioning; warning	278	N4	n
状態	じょうたい	state; condition; situation; appearance; circumstances	279	N3	n
歳	さい	... years old; age (of) ...	280	N1	ctr
大学	だいがく	university; college; former imperial university of Japan (established under the ritsuryō system for the training of government administrators)	281	N5	n
多く	おおく	many; much; plenty; a lot; majority (of); greater part (of)	282		n
物	もの	thing; object; article; stuff; substance; one's things; possessions; property; belongings	283	N5	n
存在	そんざい	existence; being; presence	284	N3	n
最後	さいご	end; conclusion; last; final; latest; most recent	285	N4	n
終わる	おわる	to end; to come to an end; to finish; to close; to be over; to complete; to conclude	286	N5	v5r
点く	つく	to be lit (of a lamp, burner, etc.); to catch fire; to ignite; to start burning; to be turned on (of a light, appliance, etc.); to come on	288	N2	v5k
全て	すべて	everything; all; the whole; entirely; completely; wholly	290	N3	n
彼女	かのじょ	she; her; girlfriend	291	N4	pn
理解	りかい	understanding; comprehension; appreciation; sympathy	292	N3	n
学校	がっこう	school	293	N5	n
部分	ぶぶん	portion; section; part	294	N3	n
電話	でんわ	telephone call; phone call; telephone (device); phone	296	N5	n
用	よう	business; task; errand; engagement; use; purpose	297	N4	n
部	ぶ	department (in an organization, company, etc.); division; bureau; faculty; club (at a school, university, etc.); team	298	N1	n
県	けん	prefecture (of Japan); county (of China, Taiwan, Norway, etc.); department (of France); province (of Italy, Spain, etc.)	299	N3	n
日記	にっき	diary; journal	300	N4	n
生ける	いける	to arrange (flowers); to plant; living; live	302	N1	v1
制度	せいど	system; institution; organization; organisation	303	N3	n
続ける	つづける	to continue; to keep up; to keep on; to continue ...; to keep on ...	304	N4	v1
使用	しよう	use; application; employment; utilization; utilisation	305	N3	n
事業	じぎょう	business; enterprise; venture; (commercial) activity; (business) operation; industry; (social) project; undertaking; work; activity; program; service	306	N1	n
四	し	four; 4	307	N5	num
固定	こてい	fixing (in place); being fixed (in place); securing; anchoring; fastening down; fixing (e.g. salary, capital); keeping the same	308	N1	n
調査	ちょうさ	investigation; examination; inquiry; enquiry; survey	309	N3	n
変わる	かわる	to change; to be transformed; to be altered; to vary; to move to	310	N4	v5r
続く	つづく	to continue; to last; to go on; to continue (without a break); to be unbroken	311	N4	v5k
基本	きほん	basics; fundamentals; basis; foundation	312	N3	n
勿論	もちろん	of course; certainly; naturally	313	N4	adv
関連	かんれん	relation; connection; relevance	314	N3	n
一般	いっぱん	general; universal; ordinary; average; common; non-celebrity	315	N3	adj-no
開発	かいはつ	development; cultivation; application; exploitation (of resources)	316	N1	n
音楽	おんがく	music	318	N5	n
一番	いちばん	number one; first; first place; best; most	319	N5	n
内	うち	inside; within; while (e.g. one is young); during; within (e.g. a day); in the course of	320	N4	n
作品	さくひん	work (e.g. book, film, painting, composition); piece; production; opus	321	N3	n
側	そば	(place) near by; (place) close by; (place) right next to; the side (of something); beside; vicinity; proximity; neighbourhood (neighborhood); as soon as; right after	322	N5	n
重要	じゅうよう	important; essential; significant; major; key; principal	323	N3	adj-na
最初	さいしょ	beginning; outset; first; onset	325	N4	adj-no
様	さま	Mr; Mrs; Miss; Ms; makes a word more polite (usu. in fixed expressions)	326	N1	suf
達	たち	pluralizing suffix (esp. for people and animals; formerly honorific)	327		suf
国民	こくみん	people (of a country); nation; citizen; national; Democratic Party for the People	328	N3	n
水	みず	water (esp. cool or cold); fluid (esp. in an animal tissue); liquid	333	N5	n
新	しん	new; neo-; newness; novelty	334	N1	pref
点ける	つける	to turn on; to switch on; to light up	335	N2	v1
事件	じけん	event; affair; incident; case; plot; trouble; scandal	336	N3	n
英語	えいご	English (language)	337	N5	n
質問	しつもん	question; inquiry; enquiry	338	N5	n
形	かたち	(physical) form; shape; figure; visage; (facial) features; appearance (of a person); looks	339	N4	n
男	おとこ	man; male; fellow; guy; chap; bloke	342	N5	n
先ず	まず	first (of all); firstly; to begin with; before anything else; probably; most likely; almost certainly; virtually	344	N4	adv
約	やく	approximately; about; promise; appointment; engagement	345	N3	adv
主義	しゅぎ	doctrine; rule; principle; -ism	347	N3	n
下	した	below; down; under; younger (e.g. daughter); bottom	348	N5	n
理由	りゆう	reason; grounds; pretext; excuse; motive	350	N4	n
場所	ばしょ	place; location; spot; position; area; room; space	353	N4	n
機能	きのう	function; facility; faculty; feature	354	N3	n
米	こめ	(husked grains of) rice; staple (product, etc.); necessity	355	N4	n
労働	ろうどう	labor; labour; work; Labour Party	357	N3	n
何時も	いつも	always; all the time; at all times; never	358	N5	adv
車	くるま	car; automobile; vehicle; wheel; castor; caster	359	N5	n
相手	あいて	companion; partner; company; other party; addressee; counterparty	360	N3	n
国際	こくさい	international; diplomatic intercourse	361	N4	adj-no
自身	じしん	(one's) self; oneself; yourself; himself; herself	362	N3	n
声	こえ	voice; singing (of a bird); chirping (of an insect); hoot	363	N5	n
取る	とる	to take; to pick up; to grab; to catch; to hold; to pass; to hand; to give	364	N5	v5r
計画	けいかく	plan; project; schedule; scheme; program; programme	365	N4	n
報	ほう	information; news; report; reward; retribution	367		n
政治	せいじ	politics; government	368	N4	n
別	べつ	distinction; difference; discrimination; separate; different; another; extra	369	N4	n
長	ちょう	head; chief; leader; elder; merit; strong point	376		n
日本人	にほんじん	Japanese person	377		n
今後	こんご	from now on; hereafter	378	N3	n
呼ぶ	よぶ	to call out (to); to call; to invoke; to summon (a doctor, etc.)	380	N5	v5b
文化	ぶんか	culture; civilization; civilisation; Bunka era (1804.2.11-1818.4.22)	382	N4	n
体	からだ	body; torso; trunk	383	N5	n
与える	あたえる	to give (esp. to someone of lower status); to bestow; to grant; to confer; to present; to award; to provide; to afford; to offer; to supply	384	N3	v1
個	こ	counter for (small) things or pieces; counter for military units	385		ctr
大変	たいへん	very; greatly; terribly; awfully; immense; enormous; great	387	N5	adv
評価	ひょうか	valuation; appraisal; evaluation; assessment; estimation; rating; judging; appreciation; recognition; acknowledgement; rating highly; praising	389	N3	n
百	ひゃく	hundred; 100	390	N5	num
安い	やすい	cheap; inexpensive; calm; peaceful; quiet	391	N5	adj-i
対応	たいおう	correspondence (to); equivalence; suitability; coordination; matching; being appropriate (for)	392	N1	n
求める	もとめる	to want; to wish for; to request; to demand; to require; to ask for	393	N3	v1
権	けん	right (to do something); authority; power	394	N1	n-suf
頭	とう	counter for large animals (e.g. head of cattle); counter for insects in a collection; counter for helmets, masks, etc.	395		ctr
子	こ	child; kid; teenager; youngster; young (non-adult) person; (one's) child; offspring	397	N4	n
自由	じゆう	freedom; liberty	398	N4	n
過ぎる	すぎる	to pass through; to pass by; to go beyond; to pass (of time); to elapse	399	N4	v1
昨日	きのう	yesterday	400	N5	n
直ぐ	すぐ	immediately; at once; right away; directly; soon; before long; shortly	402	N1	adv
全体	ぜんたい	whole; entirety; to begin with; in the first place	406	N3	n
長い	ながい	long (distance, length); long (time); protracted; prolonged	407	N5	adj-i
少ない	すくない	few; little; small (amount); low; scarce; insufficient; seldom; rare	408	N5	adj-i
気持ち	きもち	feeling; sensation; mood; state of mind; preparedness; readiness; attitude	409	N4	n
報告	ほうこく	report; information	410	N3	n
程度	ていど	degree; amount; grade; standard; of the order of (following a number); about; approximately	411	N3	n
人々	ひとびと	people; men and women; each person; everybody	412		n
予定	よてい	plans; arrangement; schedule; program; programme; expectation; estimate	413	N4	n
代表	だいひょう	representation; representative; delegate; delegation; exemplification; typification; being representative of; being typical of; representative example; exemplar; model	414	N3	n
経験	けいけん	experience	415	N4	n
型	かた	type; style; model; pattern; mold; mould; template; impression	416	N3	n
員	いん	member	417	N1	n
以外	いがい	excluding; except (for); apart from; other than; besides; in addition to; outside (a boundary, scope, etc.)	419	N4	n-suf
今年	ことし	this year	421	N5	n
価格	かかく	price; value; cost	422	N3	n
投資	とうし	investment	423	N1	n
経営	けいえい	management; administration; operation; running (a business); conducting	424	N3	n
早い	はやい	fast; quick; rapid; swift; speedy; brisk; prompt; early; soon; earlier than usual	425	N5	adj-i
自然	しぜん	nature; natural; spontaneous; automatic	429	N3	n
商品	しょうひん	commodity; article of commerce; goods; stock; merchandise	430	N3	n
中々	なかなか	very; considerably; easily; readily; fairly; quite; highly; rather; by no means; not readily	431	N4	adv
発表	はっぴょう	announcement; publication; presenting; statement; communique; making known; breaking (news story); expressing (one's opinion); releasing; unveiling	432	N3	n
教える	おしえる	to teach; to instruct; to tell; to inform; to show	433	N5	v1
目的	もくてき	purpose; goal; aim; objective; intention; motive	434	N3	n
影響	えいきょう	influence; effect; impact	435	N3	n
地方	ちほう	district; region; area; locality; the country; countryside; the provinces; rural area	436	N3	n
生きる	いきる	to live; to exist; to make a living; to subsist	437	N4	v1
一緒	いっしょ	(doing) together; one lump; one mixture; the same category	440	N5	n
面	おもて	face; surface	441	N1	n
選手	せんしゅ	player (of a sport); athlete; team member	443	N3	n
楽しい	たのしい	enjoyable; fun; pleasant; happy; delightful	444	N5	adj-i
道	みち	road; path; street; lane; passage; route; way	445	N5	n
実は	じつは	as a matter of fact; by the way; to tell you the truth; to be honest; frankly; actually	447	N3	exp
確か	たしか	sure; certain; positive; definite; reliable; trustworthy; safe; sound; firm; accurate; correct; exact	448	N4	adj-na
千	せん	thousand; 1,000	449	N5	num
確認	かくにん	confirmation; verification; validation; review; check; affirmation; identification	450	N3	n
夜	よる	night; evening; dinner	452	N5	n
例えば	たとえば	for example; for instance; e.g.	453	N4	adv
中心	ちゅうしん	center; centre; middle; heart; core; focus; pivot; emphasis; balance; -centered; -centred; -focused; -oriented; centered on; focused on	454	N3	n
市場	いちば	(town) market; (street) market; marketplace	455	N3	n
音	おと	sound; noise; (musical) note	456	N4	n
提供	ていきょう	offer; tender; providing; supplying; making available; donating (blood, organs, etc.); sponsoring (a TV program)	457	N1	n
事実	じじつ	fact; truth; reality	458	N3	adv
地	ち	earth; ground; land; soil; place	459	N3	n
面白い	おもしろい	interesting; fascinating; intriguing; enthralling; amusing; funny; comical	461	N5	adj-i
朝	あさ	morning; breakfast	462	N5	n
学	がく	learning; scholarship; study; erudition; knowledge; education; study of ...; -ology; -ics	464	N3	n
何故	なぜ	why; how; for what reason	465	N5	adv
当然	とうぜん	natural; right; proper; just; reasonable; appropriate; deserved; naturally; as a matter of course; rightly; deservedly; justly; of course	466		adj-no
以下	いか	not exceeding ...; not more than ...; ... and under; ... and below; ... or fewer; below (a standard, level, etc.); under; beneath; less than	467	N4	n-suf
責任	せきにん	duty; responsibility (incl. supervision of staff); liability; onus	468	N3	n
六	ろく	six; 6	469	N5	num
議論	ぎろん	argument; discussion; dispute; controversy	471	N3	n
以前	いぜん	before; prior to; ago; the past; previously; former times	473	N3	n-suf
位	くらい	throne; crown; (nobleman's) seat; government position; court rank	474	N3	n
示す	しめす	to (take out and) show; to demonstrate; to tell; to exemplify; to make apparent; to point out (finger, clock hand, needle, etc.)	476	N3	v5s
判断	はんだん	judgment; judgement; decision; conclusion; adjudication; divination	477	N3	n
例	れい	example; instance; illustration; case; precedent	478	N3	n
専門	せんもん	speciality; specialty; special subject of study; area of expertise; (one's) field; (one's) major; sole interest; single focus; concentrating exclusively on; doing exclusively; sticking to	479		n
家族	かぞく	family	480	N5	n
初めて	はじめて	for the first time; only after ... is it ...; only when ... do you ...; not until ... do you ...	482	N5	adv
勉強	べんきょう	study; diligence; working hard	483	N5	n
申し上げる	もうしあげる	to say; to tell; to state; to express; to offer; to extend (greetings, congratulations, etc.); to do	484	N4	v1
話す	はなす	to talk; to speak; to converse; to chat; to tell; to explain; to narrate; to mention; to describe; to discuss	485	N5	v5s
期待	きたい	expectation; anticipation; hope; promising; rising; up-and-coming	486	N3	n
難しい	むずかしい	difficult; hard; troublesome; complicated; serious (disease, problem, etc.); impossible; unfeasible	487	N5	adj-i
居間	いま	living room (Western style); sitting room	489	N3	n
全く	まったく	really; truly; entirely; completely; wholly; perfectly; indeed	490	N3	adv
韓国	かんこく	South Korea; Republic of Korea; Korean Empire (1897-1910)	491		n
外	そと	outside; exterior; the open (air)	492	N5	n
沢山	たくさん	a lot; lots; plenty; many; a large number; much; a great deal; a good deal; enough; sufficient	493	N5	adj-no
効果	こうか	effect; effectiveness; efficacy; result; effects (e.g. sound effects, visual effects, special effects)	494	N3	n
検討	けんとう	consideration; examination; investigation; study; scrutiny; discussion; analysis; review	495	N3	n
各	かく	each; every; all	496		pref
普通	ふつう	normal; ordinary; regular; usual; common; average; normally; ordinarily; usually; generally; commonly	497	N4	adj-no
組織	そしき	organization; organisation; formation; structure; construction; setup; constitution	498	N3	n
政策	せいさく	political measures; policy	499	N1	n
町	まち	town; block; neighbourhood; neighborhood; downtown; main street	500	N5	n
行動	こうどう	action; conduct; behaviour; behavior; mobilization; mobilisation	501	N3	n
年間	ねんかん	(period of) a year; during the era (of)	502	N3	n
置く	おく	to put; to place; to leave (behind)	504	N5	v5k
率	りつ	rate; ratio; proportion; percentage	505	N3	n
当時	とうじ	at that time; in those days	506	N3	n
学生	がくせい	student (esp. a university student)	507	N5	n
海	うみ	sea; ocean; waters	509	N5	n
販売	はんばい	sale; sales; selling; marketing	511	N3	n
購入	こうにゅう	purchase; buying	514	N1	n
科学	かがく	science; to think about scientifically; to think in terms of science	515	N4	n
監督	かんとく	supervision; control; superintendence; direction; director; superintendent; supervisor; coach; foreman; manager; overseer; controller; boss	516	N3	n
意識	いしき	consciousness; becoming aware (of); awareness; sense	517	N3	n
認める	みとめる	to recognize; to recognise; to observe; to notice; to deem; to judge; to assess	518	N3	v1
九	きゅう	nine; 9	520	N5	num
通り	とおり	street; road; avenue; thoroughfare; traffic; coming and going	522	N3	n
共	とも	together with; same	523	N1	n
供	とも	companion; follower; attendant; retinue	523		n
立つ	たつ	to stand (up); to rise; to get to one's feet; to stand on end (e.g. of hairs); to stick up; to stand (in a position; of a person, tree, building, etc.); to be situated (in, on)	524	N5	v5t
生産	せいさん	production; manufacture	525	N4	n
表現	ひょうげん	expression; representation; description; representation (of a group)	526	N3	n
戦争	せんそう	war; fighting; fierce competition	527	N4	n
参考	さんこう	reference; consultation	529	N3	n
始まる	はじまる	to begin; to start; to commence; to happen (again); to begin (anew)	530	N5	v5r
決定	けってい	decision; determination	532	N3	n
同	どう	the same; the said; likewise	536	N1	pref
法律	ほうりつ	law; legislation; act	538	N4	n
機関	きかん	engine; agency; organisation; organization; institution; organ; body	539	N3	n
開く	ひらく	to open; to undo; to unseal; to unpack; to bloom; to unfold; to spread out	540	N4	v5k
対象	たいしょう	target; object (of worship, study, etc.); subject (of taxation, etc.); coverage	543	N3	n
現実	げんじつ	reality; actuality; hard fact	545	N3	n
進む	すすむ	to advance; to go forward; to precede; to go ahead (of)	546	N4	v5m
対策	たいさく	measure; step; countermeasure; counterplan; countermove; strategy; preparation (e.g. for a test)	547	N2	n
作業	さぎょう	work; operation; task	548	N3	n
価値	かち	value; worth; merit	550	N3	n
十分	じゅうぶん	enough; sufficient; plenty; adequate; satisfactory; sufficiently; fully; thoroughly; well; perfectly	552	N4	adj-na
含む	ふくむ	to contain; to comprise; to have; to hold; to include; to embrace; to hold in the mouth	553	N3	v5m
一部	いちぶ	one part; one portion; one section; one copy (of a book); (one) complete set (of books)	554	N1	n
語	ご	word; term; language	555	N3	n
決める	きめる	to decide; to choose; to determine; to make up one's mind; to resolve; to set one's heart on; to settle; to arrange; to set; to appoint; to fix; to clinch (a victory); to decide (the outcome of a match)	556	N4	v1
姿	すがた	figure; form; shape; appearance; dress; guise	557	N3	n
新聞	しんぶん	newspaper	558	N5	n
一方	いっぽう	one (esp. of two); the other; one way; the other way; one direction; the other direction; one side; the other side; one party; the other party; on the one hand; on the other hand	559	N3	n
八	はち	eight; 8	561	N5	num
際	さい	occasion; time; circumstances; (in) case (of); when	562	N3	n
考え	かんがえ	thinking; thought; view; opinion; concept; idea; notion; imagination	563	N3	n
残る	のこる	to remain; to be left	564	N4	v5r
大臣	だいじん	cabinet minister	567	N3	n
神	かみ	god; deity; divinity; spirit; kami; god-tier; incredible; fantastic; amazing	568	N3	n
国家	こっか	state; country; nation	569	N3	n
件	けん	matter; affair; case; item; subject; counter for (received) emails, text messages, voicemail messages, etc.	570		n
語る	かたる	to talk about; to speak of; to tell; to narrate; to recite; to chant	571	N3	v5r
毎日	まいにち	every day; daily	572	N5	n
試合	しあい	match; game; bout; contest	574	N4	n
若し	もし	if; in case; supposing	575	N1	adv
七	しち	seven	576	N5	num
会議	かいぎ	meeting; conference; session; assembly; council; convention; congress	578	N4	n
指摘	してき	pointing out; identification	580	N1	n
製品	せいひん	manufactured goods; finished goods; product	582	N3	n
変化	へんか	change; variation; alteration; mutation; transition; transformation; variety; diversity	583	N3	n
結局	けっきょく	after all; in the end; ultimately; eventually; conclusion; end	584	N3	adv
消費	しょうひ	consumption; expenditure; spending	585	N3	n
保険	ほけん	insurance; guarantee; warranty	586	N1	n
利	り	advantage; benefit; profit; interest	587		n
具体	ぐたい	concreteness; embodiment	588	N3	n
上げる	あげる	to raise; to elevate; to move something (to a higher place); to put onto (e.g. a shelf)	589	N5	v1
人生	じんせい	(one's) life	590	N3	n
量	りょう	quantity; amount; volume; capacity; portion (of food); generosity; magnanimity; tolerance	591	N3	n
米国	べいこく	(United States of) America; USA; US	592		n
表示	ひょうじ	indication; expression; showing; manifestation; demonstration; display; displaying	593		n
変える	かえる	to change; to alter; to transform; to convert; to turn; to vary; to reform; to revise; to amend	594	N4	v1
精神	せいしん	mind; spirit; soul; heart; ethos; attitude; mentality; will; intention	595	N3	n
過去	かこ	the past; bygone days; one's past (that one would prefer remained secret)	597	N3	n
能力	のうりょく	ability; faculty	601	N3	n
選ぶ	えらぶ	to choose; to select; to pick (out)	602	N4	v5b
指導	しどう	guidance; leadership; instruction; direction; coaching; shido (minor penalty in judo)	603	N3	n
更新	こうしん	renewal; update; replacement; renovation; breaking (a record)	604		n
公開	こうかい	opening to the public; making available to the public; exhibiting; unveiling; release (of a film, information, etc.); disclosure; publication	605	N1	n
日本語	にほんご	Japanese (language)	606		n
働く	はたらく	to work; to labor; to labour; to function; to operate; to be effective; to work (i.e. ... works); to come into play	608	N5	v5k
女	おんな	woman; female; female lover; girlfriend; mistress; (someone's) woman	609	N5	n
担当	たんとう	being in charge (of an area of responsibility); being responsible (for a work role, etc.)	611	N3	n
費	ひ	cost; expense	612	N1	n-suf
送る	おくる	to send; to dispatch; to forward; to transmit; to ship; to remit; to see (someone) off; to escort; to accompany; to take	613	N4	v5r
明日	あした	tomorrow; near future	614	N5	n
旅行	りょこう	travel; trip; journey; excursion; tour	615	N5	n
明らか	あきらか	clear; obvious; evident; plain; definite; bright; light	618	N3	adj-na
乗る	のる	to get on (train, plane, bus, ship, etc.); to get in; to board; to take; to embark; to get on (e.g. a footstool); to step on; to jump on; to sit on; to mount	619	N5	v5r
木	き	tree; shrub; bush; wood; timber	620	N5	n
機	き	chance; opportunity; machine	621		n
大切	たいせつ	important; significant; serious; crucial; precious; valuable; dear; cherished; beloved	622	N5	adj-na
局	きょく	bureau; department; office (e.g. post, telephone); broadcasting station (e.g. television, radio); channel; exchange	624	N3	n
行政	ぎょうせい	executive; government; administration; governance; the authorities; authority	625	N1	n
安全	あんぜん	safety; security	626	N4	n
外国	がいこく	foreign country	627	N5	n
増える	ふえる	to increase; to multiply	628	N4	v1
お金	おかね	money	629	N5	n
資料	しりょう	material; materials; data; information; documents	630	N2	n
部屋	へや	room; chamber; apartment; flat; pad	631	N5	n
行為	こうい	act; deed; conduct	632	N1	n
平成	へいせい	Heisei era (1989.1.8-2019.4.30)	634		n
難	なん	difficulty; trouble; hardship; shortage; accident; disaster; danger	636	N1	n
楽しむ	たのしむ	to enjoy; to take pleasure in; to have a good time; to have fun; to amuse oneself; to look forward to	637	N4	v5m
待つ	まつ	to wait; to await; to look forward to; to anticipate	639	N5	v5t
上手い	うまい	skillful; skilful; skilled; good; expert; clever (expression, trick, etc.); apt; appropriate; delicious; tasty; nice	642	N4	adj-i
設定	せってい	establishment; creation; posing (a problem); setting (movie, novel, etc.); scene; options setting; preference settings; configuration; setup	643	N1	n
述べる	のべる	to state; to express; to say; to tell; to mention	645	N3	v1
成功	せいこう	success; achievement; succeeding (in life); (worldly) success; prosperity	646	N3	n
努力	どりょく	effort; exertion; endeavour; endeavor; hard work; striving	647	N3	n
戦	いくさ	war; battle; campaign; fight; troops; forces	648	N1	n
団体	だんたい	group; party; team; organization; organisation; association; body; society	649	N3	n
支援	しえん	support; backing; aid; assistance	650		n
最も	もっとも	most; extremely	651	N4	adv
自己	じこ	self; oneself	652	N1	n
全	ぜん	all; whole; entire; complete; total; pan-; complete (set); in total	653	N3	pref
年度	ねんど	fiscal year (usu. April 1 to March 31 in Japan); financial year; academic year; school year	654	N2	n
運動	うんどう	exercise; physical training; workout; sports; athletics; appeal; campaign; drive; crusade; movement; lobbying	655	N4	n
構造	こうぞう	structure; construction; makeup; framework; organization; pattern	656	N2	n
特別	とくべつ	special; particular; extraordinary; exceptional; especial	657	N4	adj-na
解決	かいけつ	settlement; solution; resolution	659	N3	n
完全	かんぜん	perfect; complete	660	N3	adj-na
品	しな	article; item; thing; goods; stock; quality	661	N3	n
向かう	むかう	to face; to go towards; to head towards	663	N4	v5u
男性	だんせい	man; male; masculine gender	664	N4	n
結構	けっこう	splendid; nice; wonderful; delightful; lovely; excellent; fine; sufficient; satisfactory; enough; all right; OK	665	N5	adj-na
産業	さんぎょう	industry; livelihood; occupation	666	N4	n
軍	ぐん	army; armed forces; troops; military authorities	667	N3	n
主	おも	chief; main; principal; important; main secondary or supporting role (in kyogen)	668		adj-na
に関して	にかんして	regarding ...; concerning ...; about ...; on ...; with respect to ...; in regard to ...	669		exp
人気	にんき	popularity; public favor; condition (e.g. market); tone; character; nature	670	N3	n
お話	おはなし	story; tale; talk; discussion	671		n
近く	ちかく	near; neighbourhood; neighborhood; vicinity; nearly (e.g. "it took nearly one year"); close to	674	N5	n
最終	さいしゅう	last; final; closing; last train (bus, flight, etc.; of the day)	675	N3	adj-no
保護	ほご	protection; safeguard; guardianship; custody; patronage; preservation; conservation	677	N1	n
再	さい	re-; again	678	N1	pref
生	なま	raw; uncooked; fresh; natural; as it is; unedited; unprocessed	680	N3	adj-no
開催	かいさい	holding (a conference, exhibition, etc.); opening; hosting (e.g. the Olympics)	684	N1	n
方向	ほうこう	direction; orientation; bearing; way; course (e.g. of action)	685	N3	n
改革	かいかく	reform; reformation; reorganization	686	N1	n
検索	けんさく	looking up (e.g. a word in a dictionary); search (e.g. on the Internet); retrieval (of information); reference	687		n
生まれる	うまれる	to be born	689	N5	v1
起こる	おこる	to occur; to happen	690	N3	v5r
障害	しょうがい	obstacle; impediment; hindrance; barrier; difficulty; disorder; defect; disability; handicap; impairment; dysfunction	692	N3	n
ヶ月	かげつ	counter for months	693	N1	ctr
起きる	おきる	to get up; to rise; to blaze up (fire); to wake up; to be awake; to stay awake	694	N5	v1
協力	きょうりょく	cooperation; collaboration; help; support	695	N3	n
時期	じき	time; season; period; phase; stage	696	N3	n
料理	りょうり	cooking; cookery; cuisine; food; dish; dealing with (skillfully); handling (well); managing	697	N5	n
考え方	かんがえかた	way of thinking; point of view; opinion; approach (e.g. to a problem); attitude	698		n
医療	いりょう	medical treatment; medical care	699	N3	n
金融	きんゆう	finance; financing; credit transacting; loaning of money; circulation of money; monetary; financial; credit	700	N3	n
売る	うる	to sell; to betray; to sell out (one's friend, country, etc.)	701	N5	v5r
試験	しけん	examination; exam; test; trial; experiment	702	N4	n
進める	すすめる	to advance; to move forward; to put (a clock, watch) forward; to carry forward (plans, work, etc.); to proceed with; to make progress in; to further; to hasten; to speed up	703	N3	v1
死ぬ	しぬ	to die; to pass away; to lose spirit; to lose vigor; to look dead	704	N5	v5n
近い	ちかい	near; close; short (distance); close (in time); soon	706	N5	adj-i
立場	たちば	position; situation; viewpoint; standpoint; point of view	707	N3	n
契約	けいやく	contract; compact; agreement	708	N3	n
条件	じょうけん	condition; term; requirement; qualification; prerequisite	710	N3	n
放送	ほうそう	broadcasting; broadcast; program; announcement	711	N4	n
全国	ぜんこく	the whole country	712	N3	n
違い	ちがい	difference; distinction; discrepancy; mistake; error	713	N3	n
作成	さくせい	making (a report, plan, contract, etc.); drawing up; writing out; preparing; creating (a file, website, account, etc.)	717	N2	n
足	あし	foot; paw; arm (of an octopus, squid, etc.); leg	718	N5	n
学ぶ	まなぶ	to learn; to study; to take lessons in	719	N3	v5b
成長	せいちょう	growth; development; growing up; becoming an adult; growth (of a company, the economy, etc.)	720	N3	n
施設	しせつ	facility; facilities; institution; establishment; home (for the elderly, orphans, etc.)	721	N1	n
登場	とうじょう	entrance (on the stage); appearance (in a book, film, etc.); appearance (on the scene); arrival (on the market); emergence; introduction; advent	722	N2	n
知識	ちしき	knowledge; information	723	N3	n
実現	じつげん	implementation (e.g. of a system); materialization; materialisation; realization; realisation; actualization; actualisation	725	N3	n
友人	ゆうじん	friend	726	N3	n
海外	かいがい	foreign; abroad; overseas	727	N3	n
原因	げんいん	cause; origin; source	728	N4	n
実施	じっし	enforcement; implementation; putting into practice; carrying out; operation; working (e.g. working parameters); enactment	729	N3	n
昨年	さくねん	last year	730		n
病院	びょういん	hospital; clinic; doctor's office; doctor's surgery; infirmary	732	N5	n
認識	にんしき	recognition; awareness; perception; understanding; knowledge; cognition; cognizance; cognisance	733	N1	n
段階	だんかい	stage; step; phase; level; rank; grade; gradation	736	N2	n
発生	はっせい	occurrence; incidence; outbreak; birth (e.g. of civilization); generation (of power, heat, etc.); production	737	N1	n
反対	はんたい	opposition; resistance; antagonism; hostility; objection; dissent; reverse; opposite; inverse; contrary	738	N4	n
会う	あう	to meet; to encounter; to see; to have an accident; to have a bad experience	739	N5	v5u
期間	きかん	period; term; interval	740	N3	n
区	く	ward; borough; city (in Tokyo); district (e.g. electoral); section; zone (e.g. postal)	741	N1	n
若い	わかい	young; youthful; immature; green	744	N5	adj-i
見せる	みせる	to show; to display; to make (something or someone) look ...; to present an appearance of ...	745	N5	v1
午後	ごご	afternoon; p.m.	746	N5	n
主張	しゅちょう	claim; insistence; assertion; advocacy; emphasis; contention; opinion; tenet	748	N3	n
変更	へんこう	change; modification; alteration; revision; amendment	749	N3	n
限り	かぎり	limit; limits; bounds; degree; extent; scope	752		n
高	たか	quantity; amount; volume; number; amount of money	753	N1	n
番組	ばんぐみ	program (e.g. TV); programme	754	N4	n
今度	こんど	this time; now; next time; another time; shortly; soon	755	N4	n
準備	じゅんび	preparation; arrangements; getting ready; provision; setup; reserving	757	N4	n
処理	しょり	processing; dealing with; treatment; disposition; disposal	758	N3	n
口	くち	mouth; opening; hole; gap; orifice	759	N5	n
式	しき	way; style; fashion; method; system; form; type; ceremony; rite; ritual; celebration	760	N3	n
絶対	ぜったい	absolutely; definitely; unconditionally; absolute; unconditional; unmistakable	763	N3	adv
伝える	つたえる	to convey; to report; to transmit; to communicate; to tell; to impart; to propagate; to teach; to bequeath	764	N4	v1
結婚	けっこん	marriage	765	N5	n
社長	しゃちょう	company president; manager; director	766	N4	n
守る	まもる	to protect; to guard; to defend; to keep (i.e. a promise); to abide (by the rules); to observe; to obey; to follow	767	N3	v5r
体験	たいけん	(practical) experience; personal experience; hands-on experience; first-hand experience	768	N1	n
基準	きじゅん	standard; criterion; norm; benchmark; measure; gauge; basis	769	N2	n
発言	はつげん	statement; remark; observation; utterance; speech; proposal	770	N1	n
深い	ふかい	deep; profound	771	N4	adj-i
住む	すむ	to live (of humans); to reside; to inhabit; to dwell; to abide	772	N5	v5m
都市	とし	town; city; municipal; urban	773	N3	n
親	おや	parent; parents; mother and father; dealer; banker	775	N4	n
機会	きかい	chance; opportunity; occasion	776	N4	n
展開	てんかい	development; evolution; progression; unfolding; (plot) twist; expansion; spreading out; extending; deployment; building up	777	N2	n
授業	じゅぎょう	lesson; class; teaching; instruction; classwork; schoolwork	778	N5	n
自体	じたい	itself; one's own body; oneself	781		n-suf
興味	きょうみ	interest (in something); curiosity (about something); zest (for)	782	N4	n
含める	ふくめる	to include (in a group or scope); to instruct; to make one understand	784	N2	v1
編集	へんしゅう	editing; compilation	785	N2	n
選択	せんたく	choice; selection; option	786	N3	n
所謂	いわゆる	what is called; what you call; what they call; so-called	787	N3	adj-pn
信じる	しんじる	to believe; to believe in; to place trust in; to confide in; to have faith in	788	N3	v1
週間	しゅうかん	week	790	N3	n
負担	ふたん	burden; load; responsibility; bearing (a cost, responsibility, etc.); shouldering	791	N1	n
文字	もじ	letter (of an alphabet); character; writing	792	N3	n
最大	さいだい	biggest; greatest; largest; maximum	793		n
無料	むりょう	free (of charge); gratuitous	794	N3	adj-no
相談	そうだん	consultation; discussion; discussing; asking (someone) for advice	795	N4	n
注意	ちゅうい	attention; notice; heed; care; caution; precaution; looking out (for); watching out (for)	796	N4	n
株	かぶ	stock; share; stump	798	N3	n
全部	ぜんぶ	all; entire; whole; altogether	799	N5	n
開始	かいし	start; commencement; beginning; initiation	801	N3	n
上がる	あがる	to rise; to go up; to come up; to ascend; to be raised; to enter (esp. from outdoors); to come in; to go in	802	N4	v5r
身	み	one's body; one's person; oneself; one's appearance	803	N3	n
分析	ぶんせき	analysis	805	N3	n
同時に	どうじに	at the same time; at once; simultaneously; concurrently; just as ...; the moment ...; just after ...	807		exp
合う	あう	to come together; to merge; to unite; to meet; to fit; to match; to suit; to agree with; to be correct	809	N4	v5u
動く	うごく	to move; to stir; to shift; to shake; to swing; to operate; to run; to go; to work	810	N4	v5k
先ほど	さきほど	a short while ago; a moment ago; just now; some time ago	812	N2	n
派	は	group; faction; clique; coterie; (political) faction; wing; camp	813	N1	n
将来	しょうらい	future; (future) prospects; bringing (from abroad, another region, etc.)	815	N4	n
予算	よさん	estimate (of costs); budget	816	N3	n
目標	もくひょう	goal; target; aim; objective; mark; sign; landmark	818	N3	n
台	だい	stand; rest; base; pedestal; platform; table; holder; support; rack; setting (of a gem); mounting	819	N3	n
通信	つうしん	correspondence; communication; transmission; news; signal; telecommunications	820	N3	n
比べる	くらべる	to compare; to make a comparison (between); to compete (on); to measure (one's strength, ability, etc. against another's)	821	N4	v1
分野	ぶんや	field; sphere; realm; division; branch	824	N3	n
向ける	むける	to turn (towards); to face; to point; to aim; to direct to; to head to; to go towards	827	N3	v1
国内	こくない	within the country; inside the county; domestic; home; internal	828		adj-no
土	つち	earth; soil; dirt; clay; mud; the earth (historically, esp. as opposed to the heavens); the ground; the land	829	N3	n
時刻	じこく	time; (the) hour; favourable time; opportunity; chance	830	N3	n
発見	はっけん	discovery; detection; finding	833	N3	n
最高	さいこう	best; supreme; wonderful; finest; highest; maximum; most; uppermost	836	N3	adj-no
頑張る	がんばる	to persevere; to persist; to keep at it; to hang on; to hold out; to do one's best; to insist that; to stick to (one's opinion)	837		v5r
利益	りえき	profit; gains; benefit; advantage; good; interests (e.g. of society)	839	N3	n
小	しょう	smallness; small item; short month (i.e. having fewer than 31 days)	841	N3	n
銀行	ぎんこう	bank; banking institution	842	N5	n
終了	しゅうりょう	end; close; conclusion; termination	843	N2	n
事務	じむ	office work; clerical work; administration; business; affairs	844	N3	n
出版	しゅっぱん	publication	845	N3	n
連絡	れんらく	contacting; (making) contact; getting in touch; communication; correspondence; call; message; connection (with a train, bus, etc.); joining (a railway line, etc.); meeting	846	N4	n
正しい	ただしい	right; correct; proper; righteous; just; honest; truthful; lawful	847	N4	adj-i
大会	たいかい	mass meeting; convention; rally; conference; assembly; gathering; tournament; competition; contest; meet	849	N3	n
様々	さまざま	various; varied; diverse; all sorts of	851	N3	adj-na
州	しゅう	state (of the US, Australia, India, Germany, etc.); province (e.g. of Canada); county (e.g. of the UK); region (e.g. of Italy); canton; oblast; continent	853	N3	n
同様	どうよう	same; similar; (just) like; equal	855	N3	adj-no
小さな	ちいさな	small; little; tiny	856	N5	adj-pn
大阪	おおさか	Osaka (city, prefecture)	857		n
共通	きょうつう	common; shared; mutual; to be common (to); to be shared (by)	858	N3	adj-no
現代	げんだい	present age; present day; today; modern era; modern times	860	N3	n
被害	ひがい	(suffering) damage; injury; harm	861	N3	n
住宅	じゅうたく	residence; housing; residential building	862	N3	n
選挙	せんきょ	election	863	N1	n
新た	あらた	new; fresh; novel	864	N3	adj-na
大事	だいじ	important; serious; crucial; valuable; precious	865	N4	adj-na
当たり	あたり	hit; success	866	N1	n
山	やま	mountain; hill; mine	867	N5	n
批判	ひはん	criticism; judgement; judgment; comment	868	N3	n
報道	ほうどう	report (of news); reporting; news; information; (media) coverage	869	N1	n
動き	うごき	movement; move; motion; trend; development; change; fluctuation	870	N1	n
心配	しんぱい	worry; concern; anxiety; uneasiness; fear; care; help; aid; assistance	871	N4	n
見つける	みつける	to find; to discover; to come across; to spot; to catch (someone doing); to be used to seeing; to be familiar with	872	N4	v1
本日	ほんじつ	today; this day	873		n
残念	ざんねん	regrettable; unfortunate; disappointing; vexing	874	N4	adj-na
小さい	ちいさい	small; little; tiny; slight; below average (in degree, amount, etc.); minor	877	N5	adj-i
業界	ぎょうかい	business world; business circles; (the) industry	878		n
相当	そうとう	corresponding to (in meaning, function, etc.); being equivalent to; appropriate; suitable; befitting; proportionate	879	N3	n
議員	ぎいん	member of an assembly; member of the Diet; member of parliament; member of Congress	881	N3	n
業務	ぎょうむ	business; work; operations; service; duties	882	N1	n
調べる	しらべる	to examine; to look up; to investigate; to check up; to sense; to study; to inquire; to search	884	N4	v1
攻撃	こうげき	attack; assault; raid; onslaught; offensive; criticism; censure; denunciation; condemnation	885	N3	n
思い	おもい	thought; imagination; mind; heart	886		n
世紀	せいき	century; era	889	N3	n
演奏	えんそう	musical performance	890	N3	n
家庭	かてい	home; household; family; hearth	891	N5	n
直接	ちょくせつ	direct; immediate; personal; firsthand	892	N3	adj-na
所が	ところが	even so; however; still; whereupon; even though; nevertheless; on the contrary; as a matter of fact; despite	893	N3	conj
構成	こうせい	composition; construction; formation; makeup; structure; organization; organisation	894	N3	n
文章	ぶんしょう	writing; composition; essay; article; passage; prose; (writing) style; sentence	895	N5	n
案	あん	idea; plan; proposal; suggestion; (government) bill; draft; rough copy	896	N3	n
希望	きぼう	hope; wish; aspiration; (bright) prospects; expectation	899	N3	n
記憶	きおく	memory; recollection; remembrance; storage	900	N3	n
方々	かたがた	people; (all) persons; everyone; ladies and gentlemen; you (usu. plural)	901	N3	n
取引	とりひき	transactions; dealings; business	902	N1	n
美しい	うつくしい	beautiful; pretty; lovely; sweet; pure (heart, friendship, etc.)	903	N4	adj-i
加える	くわえる	to add; to add up; to sum up; to append; to annex; to increase; to gather (e.g. speed); to pick up	904	N3	v1
市民	しみん	citizen (of a country); citizenry; citizen (of a city); resident; inhabitant; townspeople	905	N4	n
資金	しきん	funds; capital	907	N1	n
友達	ともだち	friend; companion	909	N5	n
運営	うんえい	management; administration; operation	911	N1	n
導入	どうにゅう	introduction; bringing in; installation; setting up; importation; introduction (to a story, lecture, etc.); introductory part	912	N1	n
予想	よそう	expectation; anticipation; prediction; forecast; conjecture	913	N1	n
必ず	かならず	always; without exception; necessarily; certainly; without fail; positively; invariably	917	N4	adv
答える	こたえる	to answer; to reply	918	N5	v1
発売	はつばい	sale; offering for sale; putting on sale; putting on the market; release (for sale)	919	N2	n
目指す	めざす	to aim at (for, to do, to become); to try for; to have an eye on; to go toward; to head for	921	N2	v5s
話題	わだい	topic; subject; much talked about; topical; in the news; hot	922	N3	n
建築	けんちく	construction; architecture (of buildings)	923	N3	n
印象	いんしょう	impression	924	N3	n
課題	かだい	subject; theme; issue; matter; homework; assignment	926	N1	n
事故	じこ	accident; incident; trouble; circumstances; reasons	927	N4	n
低い	ひくい	low (rank, degree, value, content, quality, etc.); low (position); close to the ground	929	N5	adj-i
額	がく	(picture) frame; framed picture; amount (esp. of money); sum	931	N3	n
学習	がくしゅう	learning; study	937	N3	n
正に	まさに	exactly; just; precisely; really; truly; surely; certainly; without doubt; right (when); just (as)	940	N3	adv
権利	けんり	right; privilege	941	N3	n
発展	はってん	development; growth; expansion; extension; flourishing; development (of a situation, story, etc.); advancement; progression; unfolding	942	N3	n
記録	きろく	record; document; minutes; log; recording; putting on record; keeping a record (of); writing down; record (e.g. in sports); setting (a record); recording (a record high, etc.)	943	N3	n
計算	けいさん	calculation; computation; reckoning; counting; adding up; working out; figures; consideration; estimation; expectation	946	N3	n
設計	せっけい	plan; design; layout	948	N3	n
種類	しゅるい	variety; kind; type; category; counter for kinds, species, etc.	949	N3	n
非	ひ	fault; error; mistake; going poorly; being disadvantageous; being unfavorable	950	N1	n
現場	げんば	actual spot; scene (of a crime, accident, etc.); (on) site; (on) the ground; (in) the field; job site	951	N3	n
途中	とちゅう	on the way; en route; in the middle of; midway; halfway	952	N4	n
気分	きぶん	feeling; mood	953	N4	n
昭和	しょうわ	Shōwa era (1926.12.25-1989.1.7); reminiscent of the Shōwa era; Shōwa-nostalgic; old-fashioned; quaint; old-school	954		n
地球	ちきゅう	Earth; the globe	955	N3	n
移動	いどう	movement; transfer; migration; removal; travel; mobile; moving; traveling; travelling; roving	957	N3	n
毎	ごと	each; every	959	N1	n
限る	かぎる	to restrict; to limit; to confine; to be restricted to; to be limited to; to be confined to	960	N3	v5r
料	りょう	fee; charge; rate; material	961	N1	n-suf
発行	はっこう	publication (of a newspaper, magazine, book, etc.); issue; issue (of banknotes, bonds, passport, etc.)	962	N3	n
宗教	しゅうきょう	religion; religious affiliation; belief; faith; creed; religious activity	963	N3	n
企画	きかく	planning; plan; project; arrangements	964	N1	n
改正	かいせい	revision; amendment; alteration	965	N2	n
数字	すうじ	numeral; digit; numeric character; figure; number	966	N3	n
線	せん	line; stripe; stria; line (e.g. telephone line); wire	968	N4	n
その物	そのもの	the very thing; itself	969		exp
不安	ふあん	anxiety; uneasiness; worry; apprehension; fear; insecurity; suspense	970	N3	n
自ら	みずから	oneself; for oneself; personally; in person	971		n
決まる	きまる	to be decided; to be settled; to be fixed; to be arranged; to be unchanging; to be the same (as always); to be set	972	N4	v5r
広い	ひろい	spacious; vast; wide	973	N5	adj-i
広告	こうこく	advertisement; advertising; announcement; notice	974	N3	n
土地	とち	plot of land; lot; soil; locality; region; place	975	N3	n
有名	ゆうめい	famous; well-known	977	N5	adj-na
基づく	もとづく	to be based (on); to be founded (on); to be grounded (on); to be in accordance (with); to be due to; to come (from); to arise (from); to originate (in)	978	N3	v5k
言語	げんご	language	979	N3	n
共同	きょうどう	cooperation; collaboration; association; partnership; (acting in) unison; community; communal use; common possession; sharing	980	N3	n
年代	ねんだい	age; era; period; date	981	N3	n
要求	ようきゅう	demand; firm request; requisition; requirement; desire	984	N3	n
残す	のこす	to leave (behind); to leave (undone); to not finish	985	N3	v5s
教授	きょうじゅ	professor; teaching; instruction	986	N3	n
戦略	せんりゃく	strategy; tactics	988		n
営業	えいぎょう	business; trade; operations; sales	989	N3	n
制	せい	system; organization; organisation; imperial command; laws; regulation; control; government; suppression; restraint; holding back; establishment	990	N1	n
無理	むり	unreasonable; unnatural; unjustifiable; impossible	991	N4	adj-na
役割	やくわり	part; assigning (allotment of) parts; role; duties	992	N3	n
改善	かいぜん	betterment; improvement; kaizen (Japanese business philosophy of continuous improvement)	993	N3	n
北朝鮮	きたちょうせん	North Korea	994		n
撮影	さつえい	photography (still or motion); photographing; filming; shooting; (video) recording	999	N2	n
拡大	かくだい	expansion; extension; magnification; enlargement	1001	N3	n
道路	どうろ	road; highway	1003	N3	n
種	たね	seed (e.g. of a plant); pip; kernel; stone (e.g. of a peach); progeny; offspring; issue; breed	1004	N3	n
切る	きる	to cut; to cut through; to perform (surgery); to sever (connections, ties)	1005	N5	v5r
憲法	けんぽう	constitution; rules; regulation	1006	N3	n
感謝	かんしゃ	thanks; gratitude; appreciation; thankfulness	1007	N3	n
感覚	かんかく	sense; sensation; feeling; intuition	1009	N3	n
高校	こうこう	senior high school; high school	1012	N4	n
付ける	つける	to attach; to join; to connect; to add; to append; to affix; to stick; to glue; to fasten; to sew on; to apply (ointment); to put against; to furnish (a house with)	1014	N5	v1
仕方	しかた	way; method; means; resource; course	1016	N4	n
合わせる	あわせる	to match (rhythm, speed, etc.); to join together; to unite; to combine; to add up	1017	N3	v1
実行	じっこう	execution (e.g. of a plan); carrying out; (putting into) practice; action; implementation; fulfillment; realization; execution (of a program); run	1018	N3	n
記者	きしゃ	reporter; journalist	1020	N3	n
通常	つうじょう	usual; ordinary; normal; regular; general; common	1021	N1	adj-no
現状	げんじょう	present condition; existing state; status quo; current state	1022	N3	n
建設	けんせつ	construction; establishment	1023	N3	n
味	あじ	flavor; flavour; taste; charm; appeal; uniqueness; attractiveness	1024	N4	n
先日	せんじつ	the other day; a few days ago	1027	N3	n
最新	さいしん	latest; newest; late-breaking (news)	1028		n
中央	ちゅうおう	centre; center; middle; heart; capital; seat of government	1029	N3	n
平均	へいきん	average; mean; balance; equilibrium	1032	N3	n
物語	ものがたり	story; tale; narrative; account; fable; legend	1034	N3	n
末	すえ	end; tip; top; end (of the year, month, etc.); close	1035	N3	n
財政	ざいせい	public finance; financial affairs; financial situation	1036	N1	n
追加	ついか	addition; supplement; appending; appendix	1037	N2	n
不思議	ふしぎ	wonderful; marvelous; strange; incredible; amazing; curious; miraculous; mysterious; strangely enough; oddly enough; for some reason; curiously	1038	N3	adj-na
警察	けいさつ	police; police officer	1040	N4	n
初	はつ	first; new	1041	N1	adj-no
提案	ていあん	proposal; proposition; suggestion	1043	N3	n
思い出す	おもいだす	to recall; to remember; to recollect	1045	N4	v5s
大人	おとな	adult; grown-up	1046	N5	n
日々	ひび	daily; everyday; days (e.g. of one's youth)	1047	N1	adj-no
様子	ようす	state (of affairs); situation; circumstances; appearance; look(s); air; manner; behaviour; demeanor	1048	N3	n
生徒	せいと	pupil; student; schoolchild	1051	N5	n
総合	そうごう	synthesis; combination; integration; putting together; general; combined; composite; mixed; integrated; comprehensive	1054	N1	n
活用	かつよう	practical use; application; making good use of; putting to good use; capitalizing on; conjugation; inflection	1056	N3	n
決して	けっして	(not) ever; (not) by any means; (not) in the least; (not) in any way; (not) at all	1057	N4	adv
交換	こうかん	exchange; interchange; switching; reciprocity; barter; substitution; replacement; clearing (of checks, cheques)	1058	N3	n
整備	せいび	maintenance; servicing; putting in place; development; improvement; preparation; provision; equipping; outfitting	1059	N2	n
規定	きてい	stipulation; prescription; provision; regulation; rule; normal (unit of normality)	1061	N1	n
想像	そうぞう	imagination; supposition; guess	1062	N3	n
満足	まんぞく	satisfaction; contentment; gratification; sufficient; satisfactory; enough; adequate; proper; decent	1067	N3	n
規模	きぼ	scale; scope; plan; structure	1068	N1	n
集	しゅう	collection; compilation	1069		n-suf
本当	ほんとう	truth; reality; actuality; fact; proper; right; correct; official	1070	N5	n
以降	いこう	on and after; from ... onward; since	1071	N2	n
比較	ひかく	comparison	1072	N3	n
法人	ほうじん	corporation; corporate body; company; legal entity; legal person; juridical person	1074		n
午前	ごぜん	morning; a.m.	1078	N5	n
会長	かいちょう	president (of a society); chairman	1080		n
通る	とおる	to go by; to go past; to go along; to travel along; to pass through; to use (a road); to take (a route); to go via; to go by way of; to run (between; of a rail service, bus route, etc.); to operate (between); to connect	1081	N4	v5r
何と	なんと	what; how; what (a) ...!; how ...!	1082	N1	adv
平和	へいわ	peace; harmony	1084	N3	n
基礎	きそ	foundation; basis	1085	N2	n
特定	とくてい	specific; particular; designated; special; specifying; designating; identifying; pinpointing	1086	N2	adj-no
流れ	ながれ	flow (of a fluid or gas); stream; current; flow (of people, things); passage (of time); tide; passing; (changing) trends; tendency	1089	N3	n
村	むら	village	1092	N5	n
画像	がぞう	image; picture; portrait	1093		n
少年	しょうねん	boy; juvenile; child	1094	N3	n
安定	あんてい	stability; steadiness; consistency; equilibrium; balance; composure; stable	1095	N3	n
実験	じっけん	experiment; experimentation	1096	N3	n
間違い	まちがい	mistake; error; blunder; accident; mishap; trouble	1100	N3	n
本人	ほんにん	the person in question; the person themselves; said person	1101	N3	n
雰囲気	ふんいき	atmosphere; mood; ambience; ambiance; aura; feel; a certain air; presence; special aura; something (about someone)	1102	N3	n
国会	こっかい	National Diet; legislative assembly of Japan (1947-); Imperial Diet; legislative assembly of Japan (1889-1947)	1103	N3	n
気づく	きづく	to notice; to realize; to realise; to become aware (of); to perceive; to sense; to suspect; to regain consciousness; to come to (one's senses); to come round	1104	N3	v5k
患者	かんじゃ	patient	1105	N3	n
会場	かいじょう	assembly hall; meeting place; venue; site; grounds	1107	N4	n
治療	ちりょう	(medical) treatment; care; therapy; cure; remedy	1108	N1	n
是非	ぜひ	certainly; without fail; right and wrong; pros and cons	1109	N4	adv
電子	でんし	electron; electronic	1111	N3	n
小説	しょうせつ	novel; story; (work of) fiction	1112	N4	n
死	し	death; (an) out	1114	N1	n
注目	ちゅうもく	notice; attention; observation	1115	N3	n
食事	しょくじ	meal (e.g. lunch, dinner); diet	1116	N4	n
維持	いじ	maintenance; preservation; improvement	1117	N3	n
保母	ほぼ	(female) childcare worker; nursery school teacher	1118	N1	n
常に	つねに	always; constantly; at all times; habitually	1122	N3	adv
著作	ちょさく	writing (a book); book; (literary) work; writings	1123		n
表	おもて	surface; face (i.e. the visible side of an object)	1124	N4	n
一敗	いっぱい	one defeat	1126	N1	n
失う	うしなう	to lose; to miss (a chance, opportunity)	1127	N3	v5u
夫	おっと	husband	1128	N4	n
理論	りろん	theory	1129	N1	n
日常	にちじょう	everyday; daily; ordinary; usual; routine; regular	1131	N3	adj-no
業者	ぎょうしゃ	trader; dealer; businessperson; company; vendor; supplier; manufacturer; maker; contractor; fellow trader; people in the same trade	1133	N1	n
回答	かいとう	reply; answer	1134	N2	n
体制	たいせい	order; system; structure; set-up; organization; organisation	1135	N2	n
調整	ちょうせい	adjustment; regulation; coordination; reconciliation; tuning; fixing; tailoring	1136	N2	n
訴訟	そしょう	lawsuit; suit; (legal) action; litigation	1137	N1	n
住民	じゅうみん	inhabitant; resident; citizen; population	1141	N3	n
始め	はじめ	beginning; start; outset; opening; first (in line, etc.)	1142	N5	n
疑問	ぎもん	doubt; question; suspicion; dubiousness	1143	N3	n
当たる	あたる	to be hit; to strike; to touch; to be in contact; to be affixed	1145	N3	v5r
失敗	しっぱい	failure; mistake; blunder	1146	N4	n
落ちる	おちる	to fall; to drop; to come down; to crash; to collapse; to cave in; to give way; to set (of the sun or moon); to sink; to dip; to go down	1147	N4	v1
島	しま	island; one's territory (of a sex worker, organized crime gang, etc.); one's turf	1149	N4	n
息子	むすこ	son; penis	1150	N4	n
資本	しほん	funds; capital	1151	N3	n
事情	じじょう	circumstances; conditions; situation; reasons; state of affairs	1152	N3	n
応援	おうえん	aid; assistance; help; support; reinforcement; cheering; rooting (for)	1153	N2	n
感想	かんそう	impressions; thoughts; feelings; reactions	1155	N2	n
解説	かいせつ	explanation; commentary; exposition; elucidation	1157	N2	n
公共	こうきょう	public (facilities, service, etc.); communal	1161	N2	adj-no
民間	みんかん	private; non-governmental; non-official; civilian; civil; folk; popular	1162	N2	adj-no
弁護士	べんごし	lawyer; attorney	1164		n
茄子	なす	eggplant (Solanum melongena); aubergine	1165		n
成す	なす	to form; to make; to constitute; to build up (e.g. a fortune); to create; to establish	1165		v5s
裁判	さいばん	trial; judgement; judgment	1166	N3	n
建物	たてもの	building	1168	N5	n
集まる	あつまる	to gather; to collect; to assemble	1169	N4	v5r
措置	そち	measure; step; action	1170	N1	n
組合	くみあい	association; union; guild	1171	N3	n
本来	ほんらい	originally; primarily; essentially; intrinsically; naturally; by nature; in (and of) itself	1174	N2	adv
元気	げんき	lively; full of spirit; energetic; vigorous; vital; spirited; healthy; well; fit; in good health	1175	N5	adj-na
一体	いったい	(what) the heck; (why) in the world; (who) on earth; (where) the hell; (how) the hell; one object; one body; one unit; one group; one mass	1176	N3	adv
申す	もうす	to say; to be called; to do	1178	N4	v5s
引く	ひく	to pull; to tug; to lead (e.g. a horse); to draw (attention, sympathy, etc.); to attract (e.g. interest)	1180	N5	v5k
作	さく	work (e.g. of art); piece; production; harvest; crop; yield; cultivation; tillage	1183	N1	n
用いる	もちいる	to use; to make use of; to utilize; to utilise	1184	N3	v1
番	ばん	number (in a series); (one's) turn	1185	N3	n
お客様	おきゃくさま	guest; visitor; customer; client; shopper; spectator; audience; tourist; sightseer; passenger	1186		n
採用	さいよう	use; adoption; acceptance; appointment; employment; engagement; recruitment	1187	N1	n
二つ	ふたつ	two	1189	N5	num
観光	かんこう	sightseeing; tourism	1190	N3	n
提出	ていしゅつ	presentation (of documents); submission (of an application, report, etc.); production (e.g. of evidence); introduction (e.g. of a bill); filing; turning in	1191	N3	n
以来	いらい	since; henceforth; ever since	1192	N3	n-suf
推進	すいしん	propulsion; drive; promotion (of a policy, project, movement, etc.); furtherance; advancement; pushing forward	1193	N1	n
首相	しゅしょう	prime minister; chancellor (Germany, Austria, etc.); premier	1194	N3	n
業	ぎょう	work; business; company; agency; study	1195		n
向け	むけ	intended for ...; oriented towards ...; aimed at ...	1196	N1	n-suf
確保	かくほ	securing; obtaining; ensuring; guarantee; maintaining; belay; belaying	1197	N1	n
動物	どうぶつ	animal	1198	N5	n
集める	あつめる	to collect; to assemble; to gather	1199	N4	v1
検査	けんさ	inspection (e.g. customs, factory); examination; test; check; scan (e.g. MRI, PET); audit	1202	N3	n
映像	えいぞう	image (on a screen); picture (e.g. on a TV); video; film; footage	1203	N1	n
信頼	しんらい	trust (in); confidence; faith; reliance	1204	N3	n
要素	ようそ	component; factor; item (e.g. in list); element (e.g. in array); member (e.g. data structure)	1205	N3	n
人物	じんぶつ	person; character; figure; personage; man; woman; one's character; one's personality	1210	N3	n
規制	きせい	regulation; (traffic) policing; control; restriction	1211	N1	n
空間	くうかん	space; room; airspace	1212		n
記念	きねん	commemoration; celebration; remembrance; memory; honoring the memory of; memento; souvenir; keepsake	1213	N3	n
方針	ほうしん	policy; course; plan (of action); principle; magnetic needle	1214	N2	n
役	やく	role; assignment; responsibility; duty; function; job; service; position (of responsibility); post; office	1216	N3	n
楽しみ	たのしみ	enjoyment; pleasure; amusement; delight; joy; fun; diversion; hobby; anticipation; looking forward to; something to look forward to	1218	N4	n
審議	しんぎ	deliberation; discussion; consideration	1219	N1	n
競争	きょうそう	competition; contest; rivalry; race; competition (between organisms or species)	1220	N4	n
設置	せっち	establishment; institution; installation (of a machine or equipment)	1221	N1	n
位置	いち	place; position; location; standing; status; situation	1222	N3	n
全然	ぜんぜん	(not) at all; (not) in the slightest; wholly; entirely; completely; totally	1224	N4	adv
費用	ひよう	cost; expense	1225	N3	n
株式会社	かぶしきがいしゃ	stock company; corporation; kabushiki kaisha; KK	1226		n
席	せき	seat; location (of a gathering, etc.); place	1227	N4	n
観	かん	look; appearance; spectacle; sight	1228	N1	n
大統領	だいとうりょう	president (of a country); big man; boss; buddy; mate	1229	N3	n
指定	してい	designation; specification; assignment; appointment; pointing at	1230	N2	n
事務所	じむしょ	office	1231	N4	n
感情	かんじょう	emotion; feeling; feelings; sentiment	1232	N3	n
付く	つく	to be attached; to be connected with; to adhere; to stick; to cling; to remain imprinted; to scar; to stain; to dye	1233	N4	v5k
京都	きょうと	Kyoto (city, prefecture)	1234		n
関わる	かかわる	to be involved (in); to get involved (in); to concern oneself (with); to take part (in); to interfere (in); to relate to (a matter); to pertain to; to concern; to have to do with	1236	N2	v5r
流石	さすが	as one would expect; just as you'd expect (from); just like (someone); still; all the same; after all	1237	N2	adv
空	から	emptiness; being empty; not carrying anything; unburdened; empty-handed	1239	N3	n
起こす	おこす	to raise; to raise up; to set up; to pick up; to wake; to wake up; to waken; to awaken	1240	N4	v5s
仲間	なかま	companion; fellow; friend; mate; comrade; partner; colleague; coworker; associate; group; company; circle; set; gang	1241	N3	n
整理	せいり	sorting; arrangement; organization; putting in order; adjustment; regulation; liquidation; settlement; consolidation; clearance (e.g. debt); paying off	1244	N3	n
協会	きょうかい	association; society; organization; organisation	1245	N1	n
多数	たすう	large number (of); many; majority	1249		n
積極	せっきょく	active; positive; progressive; anode	1252		adj-f
安心	あんしん	peace of mind; relief; (sense of) security; safety; assurance; confidence	1255	N4	n
独立	どくりつ	independence; self-reliance; supporting oneself; being on one's own; independence (e.g. of a nation); freedom	1257	N3	n
読者	どくしゃ	reader	1259	N1	n
勝つ	かつ	to win; to gain victory	1260	N4	v5t
雇用	こよう	employment; hire	1262	N1	n
傾向	けいこう	tendency; trend; inclination	1263	N3	n
打つ	うつ	to hit; to strike; to knock; to beat; to punch; to slap; to tap; to bang; to clap; to pound; to strike (noon, etc.); to sound (cymbals, etc.); to beat (a drum, etc.)	1265	N4	v5t
賞	しょう	prize; award	1266	N3	n
誕生	たんじょう	birth (of a person); nativity; creation; formation; birth; origin; making	1267	N3	n
流れる	ながれる	to stream; to flow (liquid, time, etc.); to run (ink); to be washed away; to be carried	1269	N3	v1
参る	まいる	to go; to come; to call; to be defeated; to collapse; to die	1271	N4	v5r
都	みやこ	capital (esp. Kyoto, Japan's former capital); seat of government; capital (of music, fashion, etc.); city (e.g. of light)	1273	N3	n
全員	ぜんいん	all members; all hands; everyone; everybody; whole crew	1274	N3	n
参照	さんしょう	reference (e.g. to a dictionary, passage, footnotes); consultation; comparison; browsing (to a file or folder)	1276	N1	n
少なくとも	すくなくとも	at least	1277	N2	adv
地元	じもと	home area; home town; local	1278	N1	n
明確	めいかく	clear; precise; definite; distinct	1280	N3	adj-na
特徴	とくちょう	feature; trait; characteristic; peculiarity; distinction	1283	N3	n
経つ	たつ	to pass (of time); to elapse	1285	N3	v5t
断つ	たつ	to sever; to cut off; to suppress; to eradicate; to exterminate	1285	N1	v5t
裁つ	たつ	to cut (cloth)	1285		v5t
皆様	みなさま	everyone	1286		n
別に	べつに	(not) particularly; (not) especially; (not) specially; separately; apart; additionally; extra	1289	N3	adv
魅力	みりょく	charm; fascination; glamour; glamor; attraction; appeal	1290	N3	n
人口	じんこう	population; common talk	1291	N4	n
反応	はんのう	reaction; response; physical reaction (to a stimulus); observable response (of an organism)	1292	N1	n
そう言った	そういった	like that; this type	1295		exp
手段	しゅだん	means; way; measure	1296	N3	n
有効	ゆうこう	valid; effective; yuko (judo)	1297	N3	adj-na
工場	こうじょう	factory; plant; mill; workshop	1299	N4	n
入力	にゅうりょく	input; (data) entry; typing	1300		n
注文	ちゅうもん	order (for an item); request; demand; condition	1302	N3	n
集中	しゅうちゅう	concentration (on a task); focusing one's attention; concentration (of population, buildings, power, etc.); centralization; convergence; focus (of a debate, questions, etc.)	1303	N3	n
一度	いちど	once; one time; on one occasion; temporarily; for a moment	1305	N4	n
脳	のう	brain; brains; mind	1306	N1	n
北	きた	north; the North; northern territories	1307	N5	n
現象	げんしょう	phenomenon	1308	N3	n
感動	かんどう	being deeply moved emotionally; excitement; passion; inspiration; deep emotion; strong impression	1310	N3	n
美味しい	おいしい	good(-tasting); nice; delicious; tasty; attractive (offer, opportunity, etc.); appealing; convenient; favorable; desirable; profitable	1311	N5	adj-i
禁止	きんし	prohibition; inhibition; ban	1312	N3	n
実践	じっせん	practice; putting into practice; implementation; praxis	1315	N1	n
職員	しょくいん	staff member; employee; worker; personnel	1317	N1	n
理事	りじ	director; trustee	1318		n
会員	かいいん	member; the membership	1319	N3	n
案内	あんない	guidance; leading (the way); showing around; information; notice; notification	1320	N4	n
過ごす	すごす	to spend (time); to pass; to lead (a life); to live; to overdo (esp. alcohol consumption); to drink (alcohol); to carry too far; to carry to excess	1321	N3	v5s
従来	じゅうらい	up to now; so far; traditional; conventional; usual; existing	1324	N1	n
農業	のうぎょう	agriculture; farming	1325	N3	n
用意	ようい	preparation; arrangements; provision; getting ready; laying out (e.g. a meal)	1326	N4	n
運用	うんよう	making use of; application; practical use; effective management (e.g. of funds); operation (esp. of a boat); steering	1327	N1	n
世代	せだい	generation	1328	N1	n
強化	きょうか	strengthening; intensifying; reinforcement; enhancement; solidification	1331	N2	n
納得	なっとく	consent; agreement; acceptance; understanding; satisfaction (e.g. with an explanation); being convinced	1332	N3	n
収入	しゅうにゅう	income; earnings; revenue; proceeds; takings; receipts	1334	N3	n
増加	ぞうか	increase; rise; growth; addition; increment	1335	N3	n
年齢	ねんれい	age; years	1337	N3	n
未来	みらい	(distant) future; future existence; world beyond the grave; the world to come	1338	N3	n
社員	しゃいん	company employee; member of a corporation; company stockholder (esp. in legal contexts)	1339		n
食	しょく	food; foodstuff; eating; appetite	1340		n
教会	きょうかい	church; congregation	1341	N4	n
舞台	ぶたい	stage (of a theatre, concert hall, etc.); stage performance; stage production; theatrical production; play; show	1342	N3	n
前回	ぜんかい	previous time; last time; previous installment; previous instalment; previous session	1343		n
年金	ねんきん	annuity; pension	1344		n
交通	こうつう	traffic; transportation; communication; exchange (of ideas, etc.)	1345	N4	n
総	そう	whole; total; gross; entire; overall; general (election, manager, etc.)	1346	N1	pref
料金	りょうきん	fee; charge; fare	1347	N3	n
教師	きょうし	teacher; instructor	1348	N3	n
重い	おもい	heavy; weighty; heavy (feeling); depressed; gloomy; blue; uneasy	1349	N5	adj-i
他人	たにん	another person; other people; others; unrelated person (i.e. not related by blood)	1353	N3	n
組	くみ	class (of students); group (of people); party; team; crew	1354	N3	n
株式	かぶしき	share (in a company); stock	1355	N1	n
上昇	じょうしょう	rising; ascending; climbing	1356	N1	n
否定	ひてい	denial; negation; repudiation; disavowal	1357	N3	n
機械	きかい	machine; mechanism; instrument; appliance; apparatus	1358	N3	n
完成	かんせい	completion; perfection; accomplishment	1359	N3	n
大好き	だいすき	liking very much; loving (something or someone); adoring; being very fond of	1360	N5	adj-na
修正	しゅうせい	amendment; correction; revision; modification; alteration; retouching; update; fix	1363	N3	n
電車	でんしゃ	train; electric train	1365	N5	n
一応	いちおう	more or less; though not quite satisfactorily; after a fashion; pretty much; roughly; so far as it goes; technically; tentatively; for the time being	1366	N2	n
向上	こうじょう	elevation; rise; improvement; advancement; progress	1367	N1	n
負ける	まける	to lose; to be defeated; to be beaten; to give in (to); to yield; to succumb; to give way; to surrender; to be overcome (with)	1368	N4	v1
生じる	しょうじる	to produce; to yield; to cause; to result from; to arise; to be generated	1369	N3	v1
野球	やきゅう	baseball	1371		n
姿勢	しせい	posture; pose; position; stance; carriage (of the body); attitude; approach	1372	N2	n
訪問	ほうもん	call; visit	1375	N3	n
引用	いんよう	quotation; citation; reference	1376	N3	n
視点	してん	point of view; viewpoint; angle; perspective; visual point (position of the eye in calculations of optical instruments)	1379	N1	n
小学校	しょうがっこう	primary school; elementary school; grade school	1380	N4	n
電気	でんき	electricity; (electric) light	1381	N5	n
効率	こうりつ	efficiency	1382	N1	n
間違う	まちがう	to be mistaken; to be incorrect; to be wrong; to make a mistake (in); to do incorrectly; to get wrong	1383	N1	v5u
芸術	げいじゅつ	art; the arts	1384	N3	n
会話	かいわ	conversation; talk; chat	1386	N4	n
再び	ふたたび	again; once more; a second time	1388	N3	adv
解釈	かいしゃく	interpretation; explanation; reading; construction	1390	N3	n
４月	しがつ	April; fourth month in the lunar calendar	1392		n
資産	しさん	property; fortune; means; assets	1393	N1	n
行	ぎょう	line (of text); row; verse; carya (austerities)	1394	N1	n
結論	けつろん	conclusion (of an argument, discussion, study, etc.); conclusion	1395	N3	n
大丈夫	だいじょうぶ	safe; secure; sound; problem-free; without fear; all right; alright; OK; okay; certainly; surely; undoubtedly	1396	N5	adj-na
止める	とめる	to stop; to turn off; to park	1397	N4	v1
取り組む	とりくむ	to grapple with; to wrestle with; to engage in a bout; to be matched against; to tackle (e.g. a problem); to come to grips with; to work hard on	1398	N1	v5m
半	はん	half; semi-; partial; half-past	1401	N5	n-pref
製造	せいぞう	manufacture; production	1403	N3	n
困難	こんなん	difficulty; hardship; trouble; distress; infeasibility; inability (to carry out)	1404	N3	n
回復	かいふく	restoration; recovery; rehabilitation; return; improvement; recovery (from an illness); recuperation; convalescence	1405	N3	n
適用	てきよう	application (of a rule, law, method, etc.)	1406	N3	n
母親	ははおや	mother	1407	N3	n
取材	しゅざい	gathering material (for an article, novel, etc.); collecting information; covering (an event, incident, etc.); reporting; interview (for a news story)	1408	N1	n
集団	しゅうだん	group; mass	1411	N3	n
卒業	そつぎょう	graduation; completion (of a course); moving on (from); outgrowing (something)	1413	N4	n
事態	じたい	situation; (present) state of affairs; circumstances	1414	N3	n
立てる	たてる	to stand up; to put up; to set up; to erect; to raise; to thrust into; to bury into; to dig into	1415	N4	v1
画面	がめん	screen (of a TV, computer, etc.); image (on a screen); picture; scene	1417		n
資格	しかく	qualifications; requirements; capabilities	1419	N1	n
時点	じてん	point in time; occasion	1420		n
病気	びょうき	illness (usu. excluding minor ailments, e.g. common cold); disease; sickness; bad habit; bad behaviour; weakness; failing	1421	N5	n
活躍	かつやく	activity (esp. energetic or successful); great efforts; active participation; walking about with great vigor	1424	N2	n
問う	とう	to ask; to inquire; to blame (someone) for; to accuse of; to pursue (question of responsibility); to charge with	1428	N1	v5u-s
丁度	ちょうど	exactly; precisely; just; right; opportunely; fortunately; just (like); as if; as though	1429	N5	adv
命	いのち	life; life force; lifetime; lifespan	1430	N3	n
限定	げんてい	limit; restriction	1433	N1	n
一人	ひとり	one person; being alone; being by oneself	1434	N5	n
医師	いし	doctor; physician	1435	N3	n
工事	こうじ	construction work	1436	N2	n
無	む	nothing; naught; nought; nil; zero; un-; non-	1438	N3	n
６月	ろくがつ	June; sixth month of the lunar calendar	1439		n
現れる	あらわれる	to appear; to come in sight; to become visible; to come out; to embody; to materialize; to materialise; to be expressed (e.g. emotions); to become apparent (e.g. trends, effects)	1440	N3	v1
正直	しょうじき	honest; frank; candid; straightforward; honestly; frankly	1441	N3	adj-na
原則	げんそく	principle; general rule; as a rule; in principle; in general	1442	N1	n
自動車	じどうしゃ	car; automobile; motorcar; motor vehicle; auto	1443	N5	n
部門	ぶもん	division (of a larger group); branch; field; class (subclass); group; category; department	1445	N1	n
女の子	おんなのこ	girl; daughter; baby girl; young woman	1446	N5	exp
出演	しゅつえん	appearance (in a film, play, TV show, etc.); performance	1447	N1	n
民族	みんぞく	people; race; nation; ethnic group; ethnos	1448	N1	n
充実	じゅうじつ	fullness; completeness; perfection; substantiality; enhancement; improvement; enrichment; upgrading	1449	N1	n
講演	こうえん	lecture; address; speech	1451	N3	n
瞬間	しゅんかん	moment; instant; second	1453	N3	n
交流	こうりゅう	exchange (e.g. cultural); interchange; interaction; mingling; mixing; coming together; alternating current; AC	1455	N2	n
大量	たいりょう	large quantity; massive (quantity); mass (e.g. mass production, mass transit, mass destruction)	1456		adj-na
回る	まわる	to turn; to rotate; to revolve; to spin; to go around; to circle; to revolve around; to orbit	1457	N4	v5r
革命	かくめい	revolution; 58th year of the sexagenary cycle (in Onmyōdō)	1459	N1	n
成果	せいか	(good) result; outcome; fruits (of one's labors); product; accomplishment	1460	N1	n
任	にん	obligation; duty; charge; responsibility	1463		n
標準	ひょうじゅん	standard; criterion; norm; model; mark; average; the norm; the ordinary	1464	N2	n
輸入	ゆにゅう	import; importation; introduction; afferent	1467	N4	n
背景	はいけい	background; scenery; backdrop; setting; background (of an incident, situation, etc.); circumstances; context	1469	N1	n
政権	せいけん	(political) administration; political power	1470	N1	n
協議	きょうぎ	conference; consultation; discussion; negotiation	1474	N1	n
関心	かんしん	concern; interest	1475	N3	n
勝手	かって	one's own convenience; one's way; selfishness; surroundings; environment; way of doing things	1476		n
一覧	いちらん	look; glance; sight; having a look at; looking over; glancing through; running one's eyes over; summary; list; table; catalog; catalogue	1477		n
副	ふく	assistant; associate; vice-; sub-; deputy; substitute; auxiliary; supplementary; additional; collateral; duplicate; copy	1478		n
取り上げる	とりあげる	to pick up; to adopt (a proposal); to take up (a topic); to accept; to listen to	1479	N3	v1
７月	しちがつ	July; seventh month of the lunar calendar	1480		n
伝統	でんとう	tradition; convention	1481	N3	n
横	よこ	horizontal (as opposed to vertical); side-to-side (as opposed to front-to-back); width; breadth	1482	N5	n
聞こえる	きこえる	to be heard; to be audible; to reach one's ears; to sound (like); to come across (as)	1483	N4	v1
民主	みんしゅ	democracy; popular sovereignty; Democratic Party of Japan (1998-2016)	1484	N1	n
制限	せいげん	restriction; restraint; limitation; limit	1485	N3	n
投票	とうひょう	voting; ballot; poll; vote	1486	N3	n
値段	ねだん	price; cost	1488	N4	n
川	かわ	river; stream; River; the ... river	1491	N5	n
若者	わかもの	young person; youngster; young people; (the) youth	1493		n
心理	しんり	state of mind; mentality; psychology	1494	N3	n
大体	だいたい	generally; on the whole; mostly; almost; nearly; approximately; roughly; about; general; rough	1495	N4	adv
掲示板	けいじばん	bulletin board; display board; notice board; electronic bulletin board; BBS	1497		n
番号	ばんごう	number; series of digits	1498	N5	n
前提	ぜんてい	condition; assumption; prerequisite; hypothesis; intention; intent; aim; goal	1500	N1	n
突然	とつぜん	abrupt; sudden; unexpected	1503	N3	adj-no
何だか	なんだか	(a) little; somewhat; somehow	1504	N1	adv
半分	はんぶん	half	1505	N5	adv
思想	しそう	thought; idea; ideology	1506	N3	n
請求	せいきゅう	claim; demand; charge; application; request; billing (for a service)	1508	N3	n
正確	せいかく	accurate; correct; precise; exact	1509	N3	adj-na
教室	きょうしつ	classroom; lecture room; department (in a university)	1510	N5	n
周辺	しゅうへん	circumference; outskirts; environs; around; in the area of; in the vicinity of; (computer) peripheral	1511	N2	n
３月	さんがつ	March; third month of the lunar calendar	1514		n
応じる	おうじる	to respond; to satisfy; to accept; to comply with; to apply for	1515	N3	v1
不足	ふそく	insufficiency; deficiency; shortage; lack; scarcity; deficit; dissatisfaction; discontent; complaint	1516	N3	n
実	じつ	truth; reality; sincerity; honesty; fidelity	1517	N1	n
法案	ほうあん	bill (law); measure	1519	N1	n
東	ひがし	east	1520	N5	n
世の中	よのなか	society; the world; the times	1526	N3	exp
取得	しゅとく	obtaining (a qualification, right, object, etc.); acquisition (of land, property, etc.); gaining possession (of); getting; purchase	1527		n
項目	こうもく	item; heading; category; clause; headword (in a dictionary, encyclopedia, etc.); entry	1528	N2	n
性格	せいかく	character (of a person); personality; disposition; nature; characteristics; nature (of a thing, event, etc.)	1531	N3	n
次第	しだい	depending on; as soon as; immediately after; upon	1532	N3	suf
着る	きる	to wear (from the shoulders down); to put on; to take (the blame, responsibility); to bear	1534	N5	v1
如何に	いかに	how; in what way; how (much); to what extent	1535	N1	adv
減る	へる	to decrease (in size or number); to diminish; to abate	1536	N3	v5r
多分	たぶん	probably; likely; perhaps; maybe; a lot of; much; many; considerable; large (amount); generous	1538	N5	adv
地区	ちく	district; area; zone; quarter; section; region	1539	N3	n
長期	ちょうき	long-term	1540	N3	adj-no
達成	たっせい	achievement; attainment; accomplishment; realization	1542	N1	n
著者	ちょしゃ	author (usu. of a particular book); writer	1543	N3	n
展示	てんじ	exhibition; display	1546	N1	n
答え	こたえ	answer; reply; response; solution; result	1548	N4	n
訪れる	おとずれる	to visit; to call on; to arrive (of a season, situation, etc.); to come; to appear	1549	N1	v1
後半	こうはん	second half; latter half	1551		n
福祉	ふくし	welfare; well-being; social welfare; social security; social service	1552	N1	n
到着	とうちゃく	arrival	1553	N3	n
楽	らく	comfort; ease; relief; (at) peace; relaxation; easy; simple; without trouble; without hardships	1555	N3	n
操作	そうさ	operation; management; handling; manipulating (to one's benefit); manipulation; influencing	1556	N3	n
便利	べんり	convenient; handy; useful	1557	N5	adj-na
支配	しはい	rule; domination; control; direction; management; guidance	1558	N3	n
南	みなみ	south	1559	N5	n
何とか	なんとか	something; something or other; so-and-so; somehow (handling, dealing with something); anyhow; one way or another	1560	N3	exp
現地	げんち	actual place; actual location; the spot; the scene; the field; (on) site; place where one is currently living	1562	N1	n
態度	たいど	attitude; manner; behaviour; demeanour; bearing; attitude (towards an issue, etc.); position; stance; stand	1563	N3	n
審査	しんさ	judging; inspection; examination; investigation; review	1564	N1	n
公園	こうえん	(public) park	1565	N5	n
過程	かてい	process; course; mechanism	1566	N2	n
研修	けんしゅう	training (esp. in-service); induction course	1567	N2	n
長官	ちょうかん	secretary (government); director; chief	1568	N1	n
変	へん	strange; odd; peculiar; weird; curious; eccentric; funny; suspicious; fishy; unexpected	1570	N4	adj-na
連続	れんぞく	continuation; succession; series; sequence; continuous	1571	N3	n
望む	のぞむ	to desire; to want; to wish for; to hope for; to expect (of someone); to look forward to	1572	N3	v5m
空気	くうき	air; atmosphere; mood; situation	1573	N4	n
広がる	ひろがる	to spread (out); to extend; to stretch; to reach to; to get around; to fill (e.g. a space)	1576	N3	v5r
５月	ごがつ	May; fifth month of the lunar calendar	1579		n
予約	よやく	reservation; appointment; booking; advance order; contract; subscription; pledge	1581	N4	n
構築	こうちく	construction; building; putting up; erecting; creation; formulation; architecture (systems, agreement, etc.)	1582		n
党	とう	party (political); person who is fond of; fan of	1583	N3	n
論文	ろんぶん	thesis; essay; treatise; paper; article	1585	N3	n
地震	じしん	earthquake	1586	N4	n
不	ふ	un-; non-	1587	N3	pref
継続	けいぞく	continuation; continuance; going on	1589	N2	n
一言	ひとこと	single word; a few words; brief comment	1590	N3	n
出会う	であう	to meet (by chance); to come across; to run across; to encounter; to happen upon; to meet (e.g. of rivers, highways, etc.)	1591	N3	v5u
内部	ないぶ	interior; inside; internal	1592	N1	n
生命	せいめい	life; existence; (one's) working life; career	1594	N3	n
所得	しょとく	income; earnings	1595	N1	n
制作	せいさく	work (film, book); production; creation; turning (something) out; development	1596	N2	n
単位	たんい	unit (e.g. meters, grams, etc.); denomination; unit (i.e. one comprised of many); group; whole	1598	N3	n
自信	じしん	self-confidence; confidence (in oneself)	1599	N1	n
毎年	まいとし	every year; yearly; annually	1605	N5	adv
複数	ふくすう	plural; multiple; plural (number)	1607	N2	adj-no
英	えい	United Kingdom; Britain; English (language)	1610		n
運転	うんてん	operation (of a machine); running; working; driving (a vehicle)	1611	N4	n
消える	きえる	to disappear; to vanish; to go out of sight; to go away; to become lost; to go out (of a fire, light, etc.); to die; to turn off (e.g. of a TV screen)	1612	N5	v1
確実	かくじつ	certain; sure; definite; reliable; sound; solid; safe; secure	1613	N3	adj-na
支持	しじ	support; backing; endorsement; approval; propping up; holding up	1614	N1	n
一定	いってい	to fix; to settle; to standardize; to regularize; constant; definite; uniform; defined; certain; prescribed	1617	N2	vs
交渉	こうしょう	negotiations; bargaining; discussions; talks; connection; relationship; relations; dealings	1618	N1	n
司法	しほう	administration of justice; judicature	1619	N1	n
方式	ほうしき	form; method; system; formula	1623	N1	n
普段	ふだん	usual; normal; everyday; habitual; ordinary; usually; normally; generally; habitually; always	1624	N3	adj-no
出席	しゅっせき	attendance; presence; appearance	1625	N4	n
金利	きんり	interest rate; interest	1626		n
危機	きき	crisis; critical situation; emergency; pinch	1632	N1	n
やって来る	やってくる	to come along; to come around; to turn up; to arrive at the present; to get where one is; to have been doing something (for a period of time)	1633		exp
募集	ぼしゅう	recruitment; invitation; selection; advertisement; taking applications; raising (funds, donations, etc.); collection; subscription; solicitation	1635	N2	n
定める	さだめる	to decide; to determine; to establish; to lay down; to prescribe; to provide; to stipulate	1636	N1	v1
自宅	じたく	one's home; one's house	1638		n
上記	じょうき	above-mentioned; above-named; above	1639		n
人権	じんけん	human rights; civil liberties	1640		n
証明	しょうめい	proof; testimony; demonstration; verification; certification	1647	N3	n
概念	がいねん	general idea; concept; notion	1648	N1	n
果たす	はたす	to accomplish; to achieve; to carry out; to fulfill; to fulfil; to realize; to execute; to perform; to do; to do ... completely; to do ... entirely	1650	N1	v5s
今週	こんしゅう	this week	1653	N5	n
空港	くうこう	airport	1654	N4	n
適切	てきせつ	appropriate; suitable; fitting; apt; proper; right; pertinent; relevant	1655	N3	adj-na
財産	ざいさん	property; fortune; assets	1656	N3	n
判決	はんけつ	judicial decision; judgement; judgment; sentence; decree	1657	N1	n
作家	さっか	author; writer; novelist; artist	1658	N3	n
思考	しこう	thought; consideration; thinking	1661	N1	n
接続	せつぞく	connection; attachment; union; join; joint; link; changing trains	1662	N2	n
形式	けいしき	form (as opposed to substance); format; form; style; manner	1665	N2	n
違反	いはん	violation; offense; offence; breach; transgression; infringement; contravention	1666	N3	n
義務	ぎむ	duty; obligation; responsibility	1667	N3	n
再生	さいせい	restoration to life; coming to life again; resuscitation; regeneration; reformation; rehabilitation	1668	N1	n
仕組み	しくみ	structure; construction; arrangement; contrivance; mechanism; workings; plan; plot	1671	N1	n
研究所	けんきゅうじょ	research institute; (research) laboratory	1672		n
国務大臣	こくむだいじん	minister of state; cabinet minister (in Japan)	1673		n
両	りょう	both (hands, parents, sides, etc.); counter for carriages (e.g. in a train); counter for vehicles	1674		pref
受け入れる	うけいれる	to accept; to receive; to agree	1675	N1	v1
公式	こうしき	official; formal; formula (e.g. mathematical)	1678	N2	adj-no
場面	ばめん	scene; setting; place (where something happens); scenario; case; scene (in a movie, play); shot	1679	N3	n
英国	えいこく	United Kingdom; Britain; Great Britain	1680		n
年生	ねんせい	nth-year student; nth-year pupil	1681	N1	suf
石	いし	stone; rock; pebble; jewel; precious stone	1682	N4	n
就職	しゅうしょく	finding employment; getting a job	1685	N3	n
文書	ぶんしょ	document; writing; letter; papers; notes; records; archives; document addressed to someone	1686	N1	n
派遣	はけん	dispatch; despatch; deployment; temporary employee (esp. from an agency); temporary worker; agency temp	1687	N1	n
流す	ながす	to drain; to pour; to run; to let flow; to flush; to shed (blood, tears); to spill; to float (e.g. logs down a river); to set adrift	1690	N3	v5s
真	しん	truth; reality; genuineness; seriousness	1691		n
定義	ていぎ	definition	1692	N1	n
当たり前	あたりまえ	natural; reasonable; obvious; usual; common; ordinary; commonplace; the norm	1696	N2	adj-no
約束	やくそく	promise; agreement; arrangement; one's word; contract; pact; appointment; engagement; date	1697	N4	n
出身	しゅっしん	one's origin (e.g. city, country, parentage, school)	1700	N3	n
局長	きょくちょう	bureau director; office chief	1702		n
事項	じこう	matter; item; facts	1703	N1	n
観点	かんてん	point of view; viewpoint; standpoint; perspective; angle	1704	N1	n
質	しつ	quality; value; nature; inherent quality; character	1705	N3	n
白	しろ	white; innocence; innocent person	1706	N5	n
趣味	しゅみ	hobby; pastime; tastes; preference; liking	1707	N4	n
連れる	つれる	to take (someone) with one; to bring along; to go with; to be accompanied by	1709	N4	v1
出発	しゅっぱつ	departure; leaving; setting off	1711	N4	n
終える	おえる	to finish; to graduate	1712	N3	v1
会計	かいけい	accounting; finance; account; reckoning; bill (at a restaurant); check	1714	N3	n
開ける	あける	to open (a door, etc.); to unwrap (e.g. parcel, package); to unlock; to open (for business, etc.)	1716	N5	v1
形成	けいせい	formation; molding; making (up); taking form; giving form to; repair (e.g. with plastic surgery); replacement; -plasty	1717	N1	n
記述	きじゅつ	description; account	1718	N1	n
資源	しげん	resources	1719	N3	n
明るい	あかるい	light; bright; well-lit; well-lighted; bright (colour)	1720	N5	adj-i
事例	じれい	example; precedent; case	1721		n
着く	つく	to arrive at; to reach; to sit on; to sit at (e.g. the table)	1722	N5	v5k
金額	きんがく	amount of money; sum	1723	N3	n
証券	しょうけん	bond; bill; certificate; security	1725		n
支える	ささえる	to support; to prop; to sustain; to underlay; to hold up; to defend; to hold at bay; to stem; to check	1726	N3	v1
成立	せいりつ	formation; establishment; materialization; coming into existence; conclusion (e.g. of a deal); reaching (e.g. an agreement); approval; completion; closing; enacting; arrangement	1727	N2	n
軍事	ぐんじ	military affairs	1729	N1	n
来年	らいねん	next year	1731	N5	n
食品	しょくひん	food; food products; foodstuffs	1732	N3	n
育てる	そだてる	to raise; to rear; to bring up; to train; to teach; to educate	1733	N4	v1
証拠	しょうこ	evidence; proof	1734	N1	n
不明	ふめい	unclear; obscure; indistinct; uncertain; ambiguous; unknown; unidentified	1738	N1	adj-na
内閣	ないかく	cabinet (of a government); ministry	1740	N1	n
北海道	ほっかいどう	Hokkaido (island, prefectural-level administrative unit)	1741		n
裁判所	さいばんしょ	court; courthouse	1743		n
挑戦	ちょうせん	challenge; defiance; dare; attempt; try	1744	N1	n
やり方	やりかた	way (of doing); manner; method; means	1745		n
物質	ぶっしつ	material; substance; matter	1749	N3	n
実に	じつに	really; truly; indeed; very; extremely; terribly	1751	N3	adv
如何	いかが	how; in what way; how about; questionable	1752	N5	adv
手法	しゅほう	technique; method	1753	N1	n
保存	ほぞん	preservation; conservation; storage; maintenance; saving (e.g. to disk)	1754	N3	n
相互	そうご	mutual; reciprocal	1755	N2	n
差別	さべつ	distinction; differentiation; discrimination; discrimination (against people)	1758	N3	n
特集	とくしゅう	feature (e.g. newspaper); special edition; report	1759	N1	n
設備	せつび	equipment; facilities; installation; accommodations; conveniences; arrangements	1760	N3	n
発	はつ	departure; departing from ...; leaving at (e.g. 8:30); sent from ...; (a letter, etc.) dated ...; datelined ...	1761	N1	n-suf
軟化	なんか	softening; softening (of attitude); mollification	1763		n
国連	こくれん	United Nations; UN	1766	N1	n
答弁	とうべん	response; reply; answer; defence; defense	1768		n
下がる	さがる	to come down; to go down; to fall; to drop; to sink; to get lower; to hang; to dangle	1769	N4	v5r
意思	いし	intention; wish; purpose; mind (to do)	1771	N3	n
実態	じったい	true state; actual condition; reality	1773	N1	n
売れる	うれる	to sell (well); to be well known; to be popular; to be famous	1774	N3	v1
当初	とうしょ	beginning; start; outset; at first; at the beginning; initially; originally	1775		n
元々	もともと	originally; from the start; from the beginning; from the outset; by nature; none the worse (for); (coming out) even; in the same position (as before)	1776	N2	adv
分ける	わける	to divide (into); to split (into); to part; to separate; to divide up; to classify; to sort out; to divide out; to share; to distribute; to deal out; to dish out	1777	N3	v1
装置	そうち	equipment; device; installation; apparatus; stage setting	1778	N3	n
被告	ひこく	defendant; the accused	1781		n
図書館	としょかん	library	1782	N5	n
所有	しょゆう	possession; ownership	1784		n
書き込み	かきこみ	writing; entry (e.g. to a form)	1785		n
日時	にちじ	date and time (of a meeting, departure, etc.); days and hours	1786	N2	n
防止	ぼうし	prevention; check	1787	N2	n
需要	じゅよう	demand; request	1791	N3	n
無視	むし	disregarding; ignoring	1792	N3	n
設立	せつりつ	establishment; founding; incorporation (of a business)	1793	N1	n
総理	そうり	prime minister (as the head of a cabinet government); premier; leading; overseeing; leader; overseer; president	1795		n
出来るだけ	できるだけ	as much as one can; as much as possible; if at all possible	1796	N4	exp
自転車	じてんしゃ	bicycle; bike	1798	N5	n
生物	せいぶつ	living thing; organism; creature; life; biology	1799	N3	n
改めて	あらためて	another time; again; over again; once again; anew; formally; especially; intentionally; deliberately	1801	N2	adv
優勝	ゆうしょう	overall victory; championship; winning the title; (being in) heaven; bliss; perfect contentment	1802	N3	n
多様	たよう	diverse; various	1803	N1	adj-na
特許	とっきょ	patent; special permission; license; licence; concession; charter	1804	N1	n
補助	ほじょ	assistance; support; help; aid; subsidy; supplement; subvention; grant-in-aid	1805	N1	n
優しい	やさしい	tender; kind; gentle; graceful; affectionate; amiable	1806	N4	adj-i
不動産	ふどうさん	real estate	1807	N1	n
見つかる	みつかる	to be found; to be discovered	1808	N4	v5r
野菜	やさい	vegetable; marijuana; cannabis	1809	N5	n
白い	しろい	white	1811	N5	adj-i
承知	しょうち	knowledge; awareness; acceptance; consent; assent; agreement; compliance; acknowledgment; acknowledgement	1814	N4	n
父親	ちちおや	father	1815	N3	n
供給	きょうきゅう	supply; provision	1816	N3	n
独自	どくじ	original; unique; distinctive; characteristic; peculiar; independent; one's own; personal	1819	N1	adj-no
許可	きょか	permission; approval; authorization; license	1820	N3	n
獲得	かくとく	acquisition; possession	1821	N1	n
急	きゅう	sudden; abrupt; unexpected; urgent; pressing	1823	N4	adj-na
外交	がいこう	diplomacy; selling (e.g. door-to-door); canvassing	1824	N3	n
論理	ろんり	logic	1826	N1	n
西	にし	west	1828	N5	n
画	かく	stroke (of a kanji)	1830	N1	n
極めて	きわめて	exceedingly; extremely; decisively	1831	N1	adv
本質	ほんしつ	essence; true nature; substance; reality	1832	N1	n
多少	たしょう	a little; some; somewhat; slightly; to some degree; to some extent; amount; quantity; number	1833	N3	adv
出来事	できごと	occurrence; happening; incident; event	1834	N3	n
手紙	てがみ	letter; note	1835	N5	n
策	さく	plan; policy; means; measure; stratagem; scheme; fifth principle of the Eight Principles of Yong; right upward flick	1836	N1	n
去年	きょねん	last year	1838	N5	n
９月	くがつ	September; ninth month of the lunar calendar	1841		n
強制	きょうせい	compulsion; coercion; forcing (to do); enforcement	1843	N1	n
宣言	せんげん	declaration; proclamation; announcement	1844	N1	n
出かける	でかける	to go out (e.g. on an excursion or outing); to leave; to depart; to start; to set out; to be about to leave; to be just going out	1845	N5	v1
病	やまい	illness; disease; bad habit; weakness; fault	1846	N1	n
優先	ゆうせん	preference; priority; precedence; right of way	1849	N1	n
人材	じんざい	capable person; talented person; human resources; personnel	1852	N1	n
職業	しょくぎょう	occupation; profession; job; vocation; trade; calling; business	1854	N3	n
援助	えんじょ	assistance; aid; support	1856	N3	n
申請	しんせい	application; request; petition	1857	N2	n
取れる	とれる	to come off (of a button, handle, lid, etc.); to go away (of a fever, pain, swelling, etc.); to disappear; to come out (of a stain); to come off (e.g. of dust); to be removed (e.g. of wrinkles)	1859	N3	v1
問	もん	counter for questions	1863	N1	suf
高速	こうそく	high-speed; rapid; express; highway; freeway; expressway; motorway	1865	N3	adj-na
労	ろう	labor; labour; toil; trouble; pains; work; effort; striving	1867		n
特殊	とくしゅ	special; particular; peculiar; unique	1868	N2	adj-na
次回	じかい	next time (occasion)	1870		n
文学	ぶんがく	literature	1871	N4	n
議会	ぎかい	congress; parliament; diet; legislative assembly	1872	N3	n
介護	かいご	nursing; care; caregiving; caring	1873	N1	n
唯一	ゆいいつ	only; sole; unique	1874	N3	adj-no
両方	りょうほう	both; both sides; both parties	1876	N4	n
高める	たかめる	to raise; to lift; to boost; to enhance	1878	N2	v1
本部	ほんぶ	headquarters; head office; main office	1879	N2	n
横浜	よこはま	Yokohama (city)	1880		n
処分	しょぶん	disposal; throwing away; selling off; dealing with (a problem); measure	1881	N1	n
共有	きょうゆう	joint ownership; co-ownership; sharing (e.g. a viewpoint); sharing (files, devices on a network, posts on social media, etc.)	1883		n
学者	がくしゃ	scholar; academic; scientist; learned person; person of learning	1885	N3	n
夫婦	ふうふ	married couple; husband and wife; man and wife	1886	N3	n
買い物	かいもの	shopping; purchased goods	1887	N5	n
風景	ふうけい	scenery; scene; landscape; view; sight; scene (e.g. of a crime)	1888	N3	n
中小	ちゅうしょう	small and medium	1890		adj-no
追う	おう	to chase; to run after; to pursue; to follow after; to follow (a set order, a trend, etc.)	1891	N3	v5u
高齢	こうれい	advanced age; old age	1893		n
製	せい	make; manufacture; -made; made of ...; made in ...	1895	N1	n-suf
１月	いちがつ	January; first month of the lunar calendar	1896		n
夕方	ゆうがた	early evening (usu. from 3pm to 6pm); dusk	1897	N5	n
少女	しょうじょ	girl (usu. between 7 and 17); young lady; female between 17 and 20 years old (ritsuryō period)	1898	N3	n
勝利	しょうり	victory; triumph; win; conquest; success	1899	N1	n
職場	しょくば	one's post; place of work; workplace	1901		n
材料	ざいりょう	materials; ingredients; material (for a novel, experiment, etc.); subject matter	1903	N3	n
考慮	こうりょ	consideration; taking into account	1904	N3	n
伝わる	つたわる	to spread (of a rumour, news, etc.); to travel; to circulate; to go around; to be passed around; to become known; to be handed down (from generation to generation); to be passed down	1905	N2	v5r
主人公	しゅじんこう	protagonist; main character; hero; heroine; head (of a household); proprietor (of a store)	1906	N1	n
実感	じっかん	real feeling; actual feeling; to actually feel; to have a real feeling (that ...); to experience personally	1907	N2	n
近代	きんだい	present day; modern times; recent times; early modern period (in Japan, usu. from the Meiji Restoration until the end of World War II)	1908	N3	n
航空	こうくう	aviation; flying	1909	N3	n
一時	いちじ	one o'clock; once; at one time; formerly; before	1910	N3	n
字	あざ	section of village	1911	N1	n
戦後	せんご	postwar period; period after Second World War	1912		n
分類	ぶんるい	classification; categorization; sorting	1913	N2	n
減少	げんしょう	decrease; reduction; decline	1915	N1	n
哲学	てつがく	philosophy	1916	N3	n
運ぶ	はこぶ	to carry; to transport; to move; to convey; to come; to go	1917	N4	v5b
足りる	たりる	to be sufficient; to be enough; to be worth doing; to be worthy of; to deserve	1918	N4	v1
落とす	おとす	to drop; to lose; to let fall; to shed (light); to cast (one's gaze); to pour in (liquid); to leave behind; to clean off (dirt, makeup, paint, etc.); to remove (e.g. stains or facial hair); to spend money at a certain place; to omit; to leave out; to secretly let escape	1921	N4	v5s
核	かく	stone (of a fruit); pit; pip; core (of an organization, team, etc.); nucleus; heart	1922	N1	n
巨大	きょだい	huge; gigantic; enormous	1924	N3	adj-na
台湾	たいわん	Taiwan	1925		n
訴える	うったえる	to raise; to bring to (someone's attention); to appeal to (reason, emotions, etc.); to work on (one's emotions); to play on (one's sympathies)	1926	N3	v1
同士	どうし	fellow; mutual; companion; comrade	1927	N1	n
表す	あらわす	to represent; to signify; to stand for; to reveal; to show; to display	1928	N3	v5s
条約	じょうやく	treaty; pact; convention; agreement	1929	N1	n
人類	じんるい	mankind; humanity	1930	N3	n
個別	こべつ	individual; separate; personal; case-by-case	1933	N1	adj-no
首	くび	neck; head	1936	N4	n
動かす	うごかす	to move; to shift; to stir; to budge; to change position; to inspire; to rouse; to move (e.g. feeling); to influence	1937	N3	v5s
低下	ていか	fall; decline; lowering; deterioration; degradation	1939	N2	n
機器	きき	device; equipment; machinery; apparatus	1941		n
死亡	しぼう	death; dying; mortality	1942	N3	n
設ける	もうける	to prepare; to provide; to set up; to establish; to organize; to lay down (rules); to make (an excuse)	1943	N1	v1
捜査	そうさ	search (esp. in criminal investigations); investigation; inquiry; enquiry	1944	N1	n
受け取る	うけとる	to receive; to get; to accept; to take (someone's words or behaviour); to interpret; to understand	1947	N3	v5r
説	せつ	theory; doctrine; opinion; view	1949	N3	n
理想	りそう	ideal; ideals	1954	N3	n
天気	てんき	weather; fair weather; fine weather	1955	N5	n
止まる	とまる	to stop (moving); to come to a stop; to stop (doing, working, being supplied); to come to a halt; to cease; to be stopped; to be suspended	1956	N5	v5r
当局	とうきょく	authorities; relevant authorities; authorities concerned; this office	1957		n
書籍	しょせき	book; publication	1958	N2	n
受験	じゅけん	taking an examination (esp. for entrance to a school or university)	1962	N2	n
観察	かんさつ	observation; survey; watching	1963	N3	n
もう一度	もういちど	once more; again	1964	N5	exp
要因	よういん	main cause; primary factor	1965	N1	n
促進	そくしん	promotion; acceleration; encouragement; facilitation; spurring on	1966	N1	n
税金	ぜいきん	tax; duty	1968	N3	n
異常	いじょう	abnormal; unusual; extraordinary; remarkable; uncommon	1969	N3	adj-na
無事	ぶじ	safety; security; peace; quiet; safely; without incident; successfully	1970	N3	n
合意	ごうい	(coming to an) agreement; consent; mutual understanding; accord; consensus	1971	N1	n
戦う	たたかう	to make war (on); to wage war (against); to go to war (with); to fight (with); to do battle (against); to compete (against)	1972	N3	v5u
統計	とうけい	statistics	1973	N2	n
渡る	わたる	to cross over; to go across; to extend; to cover; to range; to span	1974	N5	v5r
足る	たる	to be sufficient; to be enough; to be worth doing; to be worthy of; to deserve	1976	N2	v5r
領域	りょういき	territory; domain; field; area; sphere; realm	1978	N1	n
不可能	ふかのう	impossible	1979		adj-na
お前	おまえ	you; before (a god, nobleman, etc.); in front of	1982	N3	pn
見事	みごと	splendid; magnificent; excellent; fine; superb; beautiful; admirable; utter (esp. defeat); total; complete	1983	N3	adj-na
一切	いっさい	all; everything; entirety; the whole; absolutely (not); (not) at all; (none) whatsoever; without exception	1984	N1	n
新規	しんき	new; fresh; new item (e.g. customer, regulation); newly created object	1986		adj-no
後ろ	うしろ	back; behind; rear	1988	N5	n
自民党	じみんとう	Liberal Democratic Party; LDP	1989		n
前後	ぜんご	front and rear; front and back; before and behind; back and forth; before and after	1991	N2	n
権力	けんりょく	(political) power; authority; influence	1993	N1	n
女子	じょし	woman; girl	1997	N3	n
予測	よそく	prediction; estimation	1998	N3	n
自衛隊	じえいたい	Japan Self-Defense Forces; JSDF; self-defence force; self-defense force	1999		n
常識	じょうしき	common sense; good sense; common knowledge; general knowledge; common practice; accepted practice; social etiquette	2002	N3	n
出会い	であい	meeting; rendezvous; encounter; meeting for the first time; coming across	2006	N3	n
緊張	きんちょう	tension; strain; nervousness; stress; tensions (between countries, groups, etc.)	2007	N3	n
職	しょく	job; work; employment; occupation; position; duties	2008	N3	n
教科書	きょうかしょ	textbook; coursebook; schoolbook	2011	N3	n
先週	せんしゅう	last week; the week before	2012	N5	n
近づく	ちかづく	to approach; to draw near; to get close; to get acquainted with; to get closer to; to get to know	2013	N1	v5k
問い合わせ	といあわせ	inquiry; query; enquiry	2015	N2	n
２月	にがつ	February; second month of the lunar calendar	2016		n
朝鮮	ちょうせん	Korea	2017		n
代わり	かわり	substitute; replacement; substituting; replacing; stand-in; proxy; alternate; deputy; relief; successor	2019	N4	n
品質	ひんしつ	quality (of a product or a service)	2020	N1	n
解く	とく	to untie; to unfasten; to unwrap; to undo; to unbind; to unpack; to unsew; to unstitch	2022	N3	v5k
勤務	きんむ	service; duty; work	2023	N1	n
水準	すいじゅん	level; standard; water level	2025	N3	n
作り	つくり	making; producing; manufacturing; building; construction; make; structure; appearance (attire, make-up, etc.)	2026	N1	n
意図	いと	intention; aim; design	2027	N1	n
公務員	こうむいん	public employee; government employee; public-sector worker; public servant; civil servant	2028	N4	n
復活	ふっかつ	revival (of an old system, custom, fashion, etc.); restoration; return; comeback; resurrection; rebirth	2029	N1	n
用語	ようご	term; terminology; wording; choice of words; phraseology	2030	N2	n
進行	しんこう	moving forward (e.g. of a vehicle); onward movement; progress (of work, activities, etc.); advance; making headway	2031	N1	n
近所	きんじょ	neighbourhood; neighborhood; vicinity	2032	N4	n
育つ	そだつ	to be raised (e.g. child); to be brought up; to grow (up)	2033	N3	v5t
無駄	むだ	futility; waste; uselessness; pointlessness; idleness	2034	N3	n
入り	いり	entering; entrance; entry; attendance; audience; number (of visitors, customers, etc.)	2035		n
候補	こうほ	candidate; contender; prospect; pick; choice; list; candidacy; candidature; nomination	2041	N3	n
指示	しじ	indication; denotation; designation; instructions; directions	2042	N1	n
留学	りゅうがく	studying abroad; (temporarily) studying at another school (to learn a specific skill)	2043	N3	n
返事	へんじ	reply; answer; response	2046	N4	n
物価	ぶっか	prices of commodities; prices (in general); cost-of-living	2047	N3	n
創造	そうぞう	creation; Creation (by God)	2048	N1	n
直す	なおす	to repair; to mend; to fix; to correct (a mistake, bad habit, etc.); to put right; to restore; to straighten (e.g. a tie); to tidy up (one's hair, make-up, etc.); to revive (one's spirits); to change; to alter; to convert; to translate	2049	N4	v5s
統一	とういつ	unity; consolidation; uniformity; unification; compatible	2051	N2	n
足袋	たび	tabi; traditional split-toe socks	2052	N2	n
辺	へん	area; vicinity; region; side; edge	2053	N5	n
苦労	くろう	trouble; hardship; difficulty; labour; labor; toil; pains; anxiety; worry; concern; cares	2056	N3	n
漫画	まんが	cartoon; comic; comic strip; manga	2057	N4	n
進化	しんか	evolution; becoming more advanced; progress; development; improvement	2058	N1	n
飛行機	ひこうき	airplane; aeroplane; plane; aircraft	2059	N5	n
手術	しゅじゅつ	surgery; operation; procedure; skill with one's hands; sleight of hand	2061	N3	n
見解	けんかい	opinion; point of view	2066	N3	n
連合	れんごう	union; combination; alliance; confederation; coalition; association	2067	N2	n
発想	はっそう	idea; conception; way of thinking; approach	2069	N2	n
経過	けいか	passage (of time); elapsing; lapse; progress; development; course (of events)	2071	N1	n
専用	せんよう	(one's) exclusive use; private use; personal use; dedicated use; use for a particular purpose	2073	N1	n
停止	ていし	stoppage; coming to a stop; halt; standstill; ceasing (movement, activity, etc.); suspension (of operations); interruption (e.g. of electricity supply); cutting off	2074	N2	n
食う	くう	to eat; to live; to make a living; to survive	2075	N3	v5u
化学	かがく	chemistry	2078	N3	n
番目	ばんめ	the nth ...; divisions of a kabuki performance	2079	N1	ctr
事前	じぜん	prior; beforehand; in advance; before the fact; ex ante	2080	N1	adj-no
災害	さいがい	calamity; disaster; misfortune	2083	N1	n
連携	れんけい	cooperation; coordination; collaboration; alignment; integration; linking	2085		n
信用	しんよう	confidence; trust; faith; reputation; credit	2086	N3	n
増やす	ふやす	to increase; to add to; to augment	2087	N2	v5s
優れる	すぐれる	to be better (than); to be superior; to surpass; to excel; to be excellent	2088	N3	v1
両親	りょうしん	parents; both parents	2090	N5	n
高度	こうど	altitude; height; elevation; high-degree; high-grade; advanced; sophisticated; strong	2092	N2	n
宣伝	せんでん	publicity; advertisement; advertising; propaganda	2094	N2	n
支払う	しはらう	to pay	2096	N3	v5u
切れる	きれる	to break; to snap; to be cut; to split; to crack; to be injured	2098	N3	v1
主要	しゅよう	chief; main; principal; major	2100	N3	adj-na
配信	はいしん	distribution (of information, news, etc.); broadcast; delivery; transmission; streaming (over the Internet)	2103		n
確立	かくりつ	establishment; settlement	2105	N1	n
統合	とうごう	integration; unification; unity; combination; consolidation; synthesis	2106	N1	n
時半	じはん	half past (the hour)	2109		suf
物理	ぶつり	laws of nature; physical laws; physics	2113	N3	n
８月	はちがつ	August; eighth month of the lunar calendar	2114		n
自動	じどう	automatic; intransitive verb	2120	N3	adj-no
知的	ちてき	intellectual	2124	N1	adj-na
男女	だんじょ	men and women; man and woman; both sexes; both genders	2125		n
緊急	きんきゅう	urgency; emergency	2127	N1	n
気に入る	きにいる	to like; to be pleased with; to be delighted with; to take a liking to; to suit one's fancy	2128	N3	exp
動作	どうさ	movement (of the body); action; motion; gesture; bearing; carriage; behaviour; behavior; demeanour; demeanor	2129	N2	n
輸出	ゆしゅつ	export; exportation; efferent	2130	N4	n
落ち着く	おちつく	to calm down; to compose oneself; to regain presence of mind; to relax; to settle down; to die down; to become stable; to abate	2131	N2	v5k
可愛い	かわいい	cute; adorable; charming; lovely; pretty; dear; precious; darling; pet	2132	N5	adj-i
先輩	せんぱい	senior (at work or school); superior; elder; older graduate; progenitor; old-timer	2133	N4	n
通じる	つうじる	to be open (to traffic); to lead to; to communicate (with); to flow (liquid, current); to pass; to get through to	2134	N3	v1
本格	ほんかく	original method; original procedure; genuine way (of doing something)	2135	N1	n
合併	がっぺい	merger (of companies, towns, etc.); combination; union; amalgamation; consolidation; coalition; fusion; annexation; affiliation; incorporation	2136	N1	n
反省	はんせい	reflection; reconsideration; introspection; meditation; contemplation; regret; repentance; remorse; being sorry	2138	N2	n
中身	なかみ	contents; interior; filling; substance; content	2140	N2	n
製作	せいさく	manufacture; production; production (of a film, play, TV show, etc.)	2141	N2	n
診断	しんだん	diagnosis; medical examination	2143	N2	n
要望	ようぼう	demand for; request	2144	N1	n
工業	こうぎょう	(manufacturing) industry	2146	N4	n
試す	ためす	to try (out); to have a try (at); to test; to put to the test	2148	N3	v5s
真実	しんじつ	truth; reality; truly; really	2151	N1	n
去る	さる	to leave; to go away; to pass; to elapse	2152	N3	v5r
適当	てきとう	suitable; proper; appropriate; adequate; fit; fair; perfunctory; half-minded; sloppy; lazy; careless; noncommittal; unreliable; irresponsible; haphazard	2154	N4	adj-na
国立	こくりつ	national; founded and run by the central government	2155	N2	adj-no
計	けい	plan; meter; measuring device	2158	N3	n
石油	せきゆ	oil; petroleum; kerosene; paraffin	2160	N3	n
大幅	おおはば	big; large; drastic; substantial; full-width cloth (approx. 72 cm wide for traditional Japanese clothing; approx. 140 cm wide for Western clothing)	2161	N1	adj-na
自治体	じちたい	municipality; local government; self-governing body; autonomous body	2162		n
配慮	はいりょ	consideration; concern; attention; thoughtfulness; making arrangements; care; trouble	2167	N1	n
若干	じゃっかん	some; few; a number of; a little (bit); somewhat; to a certain extent; a bit	2169	N1	adj-no
主催	しゅさい	sponsorship (i.e. conducting under one's auspices); promotion; organizing; organising; hosting; staging	2172	N1	n
書類	しょるい	document; papers	2173	N3	n
経	きょう	sutra; Buddhist scriptures	2174		n
京	きょう	imperial capital (esp. Kyoto); final word of an iroha poem	2174		n
調子	ちょうし	tune; tone; key; pitch; time; rhythm; vein; mood; way; manner; style; knack	2175	N3	n
単語	たんご	word; vocabulary	2177	N3	n
渡す	わたす	to ferry across (e.g. a river); to carry across; to traverse; to lay across; to build across	2179	N5	v5s
表情	ひょうじょう	facial expression; countenance; look; appearance; expression (vocal, etc.)	2180	N3	n
基地	きち	base (military, expedition, etc.); enthusiast; maniac; fanatic; nut; freak	2181	N2	n
気がつく	きがつく	to notice; to realize; to realise; to become aware (of); to perceive; to sense; to suspect; to be attentive; to be scrupulous; to be observant	2182		exp
駐車	ちゅうしゃ	parking (a vehicle)	2184	N3	n
比較的	ひかくてき	comparatively; relatively	2185	N2	adv
景気	けいき	business conditions; the market; economic activity; economic climate; good (economic) times; prosperity; boom	2187	N3	n
世間	せけん	world; society; people; the public	2188	N3	n
植物	しょくぶつ	plant; vegetation	2189	N3	n
戦い	たたかい	battle; war; fight; conflict; fight (against time, poverty, etc.); struggle (for freedom, survival, etc.); war (e.g. on drugs); battle (e.g. against nature)	2192	N3	n
自治	じち	self-government; autonomy; local (governmental) autonomy	2193	N2	n
限界	げんかい	limit; bound	2194	N3	n
只今	ただいま	I'm home!; I'm back!; it's me!; now; at present; at the moment	2197		int
反映	はんえい	reflection (of light); reflection (of society, attitudes, etc.)	2199	N2	n
転換	てんかん	conversion; diversion; changeover; commutation; switchover	2200	N1	n
美	び	beauty	2201	N1	n
形態	けいたい	form; shape; figure; morph	2203	N1	n
状	じょう	form; shape; appearance; state; condition; circumstances	2205	N1	n
感染	かんせん	infection; contagion; becoming infected; being infected (e.g. with harmful ideas); being influenced (by)	2207	N1	n
原稿	げんこう	manuscript; copy; draft; notes; contribution	2211	N2	n
相場	そうば	market price; speculation (e.g. on stocks)	2214	N1	n
合格	ごうかく	passing (an exam); pass; success; passing grade; meeting (specifications, standards, etc.); passing (inspection); qualification; being found eligible	2216	N3	n
記載	きさい	mention (in a document); record; entry; statement; listing	2217	N1	n
地図	ちず	map; atlas; chart; plan	2220	N5	n
大学院	だいがくいん	graduate school	2223	N2	n
最低	さいてい	least; lowest; minimum; worst	2228	N3	adj-no
見方	みかた	viewpoint; point of view; way of looking (at something); view; angle; way of appreciating (e.g. opera); way of understanding; how to read (a map, train timetable, etc.)	2230	N1	n
結ぶ	むすぶ	to tie; to bind; to link; to bear (fruit)	2231	N3	v5b
下げる	さげる	to hang; to suspend; to wear (e.g. decoration); to lower; to reduce; to bring down	2232	N4	v1
削減	さくげん	cut; reduction; curtailment	2233	N1	n
青年	せいねん	youth; young man	2234	N3	n
助ける	たすける	to save; to rescue; to spare; to help; to assist	2236	N3	v1
役立つ	やくだつ	to be useful; to be helpful; to serve the purpose	2237	N1	v5t
劇場	げきじょう	theatre; theater; playhouse	2239	N3	n
向く	むく	to turn toward; to look (up, down, etc.); to face (e.g. east) (of a building, window, etc.); to look out on; to front (on)	2240	N3	v5k
強調	きょうちょう	emphasis; stress; highlighting; underlining; underscoring; accentuating (a feature or certain part); accenting	2241	N3	n
要するに	ようするに	in short; in a word; to sum up; to put it simply; to make a long story short; after all	2242	N3	exp
防衛	ぼうえい	defense; defence; protection	2243	N1	n
世界中	せかいじゅう	around the world; throughout the world	2245		adj-no
初期	しょき	early days; early years; early stages; initial stages; beginning	2246		n
機構	きこう	mechanism; machinery; system; structure; organization; framework	2247	N1	n
真剣	しんけん	serious; earnest; real sword (as opposed to a wooden practice weapon)	2250	N3	adj-na
講義	こうぎ	lecture	2251	N4	n
術	じゅつ	art; technique; skill; means; way	2252		n
対処	たいしょ	dealing with; coping with	2253	N1	n
実質	じっしつ	substance; essence; substantive; substantial; essential; real (e.g. interest rate)	2254	N1	n
貴重	きちょう	precious; valuable	2255	N3	adj-na
若しくは	もしくは	or; otherwise	2256	N1	conj
収集	しゅうしゅう	collecting; accumulating; gathering; collection (of art, stamps, insects, etc.)	2257	N1	n
工夫	くふう	devising (a way); contriving; inventing; thinking up; figuring out; coming up with; working out; device; design; idea; plan; invention	2258	N2	n
大手	おおて	major company; big company; front castle gate	2259		n
諸国	しょこく	various countries; various regions; various provinces	2260		n
監視	かんし	monitoring; watching; observation; surveillance; guarding; supervision; lookout	2265	N1	n
認定	にんてい	authorization; authorisation; acknowledgment; acknowledgement; certification; recognition	2267		n
必ずしも	かならずしも	(not) always; (not) necessarily; (not) entirely; (not) all	2268	N3	adv
文庫	ぶんこ	library; book collection; paperback book	2269		n
各種	かくしゅ	every kind; all sorts	2271	N1	n
福岡	ふくおか	Fukuoka (city, prefecture)	2273		n
反	はん	anti-; antithesis	2275		pref
意外	いがい	unexpected; surprising	2278	N3	adj-na
容疑	ようぎ	suspicion; charge	2280		n
命令	めいれい	order; command; decree; directive; (software) instruction; statement	2281	N3	n
明治	めいじ	Meiji era (1868.9.8-1912.7.30)	2282		n
向こう	むこう	opposite side; other side; over there; ahead; beyond; (in the) distance; far away; far off	2283	N5	n
根本	こんぽん	root; source; origin; foundation; basis; essence	2284	N1	n
重視	じゅうし	regarding as important; attaching importance to; taking a serious view of; putting emphasis on	2285	N3	n
時々	ときどき	sometimes; occasionally; at times; from time to time; now and then; once in a while; at intervals; seasonal; of the season; appropriate (for the season or occasion)	2287	N5	adv
指	ゆび	finger; toe; digit	2288	N4	n
医学	いがく	medicine; medical science	2290	N4	n
株主	かぶぬし	shareholder; stockholder	2292		n
合理	ごうり	rationality	2295	N2	n
中間	ちゅうかん	middle; midway; halfway; centre; center; middle position; moderate position; neutral position; middle-of-the-road position	2296	N2	n
鉄道	てつどう	railroad; railway; rail transport	2297	N3	n
入手	にゅうしゅ	acquisition; obtaining; procurement; getting (hold of)	2300	N1	n
名古屋	なごや	Nagoya (city)	2301		n
今日は	こんにちは	hello; good day; good afternoon	2303	N3	int
注	ちゅう	annotation; explanatory note; comment	2304	N3	n
組む	くむ	to cross (legs or arms); to link (arms); to put together; to construct; to assemble; to produce (e.g. TV program)	2305	N3	v5m
相	しょう	minister (of a government department)	2306		suf
帰国	きこく	return to one's country; return to one's hometown	2309		n
発揮	はっき	show (of power, ability, etc.); exhibition; demonstration; display; manifestation	2310	N2	n
市町村	しちょうそん	cities, towns and villages; municipalities	2311		n
規則	きそく	rule; regulation	2312	N4	n
賃金	ちんぎん	wages; pay; rental payment	2313	N1	n
一致	いっち	agreement; accord; correspondence; consistency; coincidence; match; union; unity; cooperation	2314	N3	n
主体	しゅたい	main constituent; core; nucleus; subject	2317	N1	n
原告	げんこく	plaintiff; accuser; prosecutor	2319		n
経る	へる	to pass; to elapse; to go by; to pass through; to go through	2320	N1	v1
部長	ぶちょう	head (chief, director) of a section or department; head of a (school) club; head of a (school) team	2321	N4	n
筆者	ひっしゃ	writer; author	2323	N2	n
以内	いない	within; inside of; less than	2324	N4	n
模様	もよう	pattern; figure; design; state; condition	2328	N3	n
日曜日	にちようび	Sunday	2329	N5	n
目立つ	めだつ	to be conspicuous; to stand out	2330	N2	v5t
速度	そくど	speed; velocity; pace; rate	2331	N3	n
外部	がいぶ	outside (e.g. of a building); exterior; outside (of a group, company, etc.); outside world	2333	N2	n
各国	かっこく	each country; every country; various countries; all countries	2335		n
重ねる	かさねる	to pile up; to heap up; to stack up; to put on top of another; to repeat many times over; to go through repeatedly; to accumulate	2336	N2	v1
会見	かいけん	interview; audience; meeting; (viewing) party	2339	N1	n
定期	ていき	fixed period; fixed term; regular; periodic; periodical	2340	N3	n
市内	しない	in the city; within the city	2341		n
医者	いしゃ	doctor; physician	2343	N5	n
自殺	じさつ	suicide	2344	N3	n
都合	つごう	circumstances; condition; convenience; arranging; managing	2345	N4	n
検証	けんしょう	verification; inspection	2347		n
概要	がいよう	outline; summary; overview; synopsis; abstract; abridgment; abridgement	2348		n
神様	かみさま	God; god; deity; divinity; spirit; kami; ace; king; superior person; god (amongst men)	2350	N2	n
漢字	かんじ	kanji; Chinese character	2351	N5	n
極	ごく	quite; very; 10^48; quindecillion	2352	N3	adv
役に立つ	やくにたつ	to be helpful; to be useful	2354	N4	exp
賛成	さんせい	approval; agreement; support; favour; favor	2358	N3	n
民主党	みんしゅとう	Democratic Party; Democratic Party of Japan (1998-2016); DPJ	2361		n
欧州	おうしゅう	Europe	2362		n
帰宅	きたく	returning home; going home; coming home; getting home	2363	N3	n
例え	たとえ	example; simile; metaphor; allegory; fable; parable	2366	N3	n
前半	ぜんはん	first half	2368		n
重大	じゅうだい	serious; important; significant; grave; weighty	2370	N3	adj-na
流	りゅう	way; manner; style; fashion; mode; school (e.g. of flower arrangement)	2371	N1	suf
題	だい	title; subject; theme; topic; problem (on a test); question	2373	N3	n
録音	ろくおん	(audio) recording	2374	N2	n
運	うん	fortune; luck; chance	2375	N3	n
必須	ひっす	indispensable; essential; requisite; required; compulsory; necessary	2376		adj-no
不満	ふまん	dissatisfaction; discontent; displeasure; complaint; unhappiness	2378	N3	n
流通	りゅうつう	circulation (of money, goods, etc.); distribution; circulation (of air, water, etc.); ventilation; flow	2379	N1	n
我が家	わがや	one's house; one's home; one's family	2380		exp
原理	げんり	principle; theory; fundamental truth	2382	N2	n
比	ひ	ratio; proportion; match; equal; equivalent; comparison	2383		n
株価	かぶか	stock prices	2385		n
想定	そうてい	hypothesis; supposition; assumption; expectation; anticipation	2386		n
要請	ようせい	appeal; call for something; request; claim; demand; axiom	2387	N1	n
楽器	がっき	musical instrument	2388	N2	n
容易	ようい	easy; simple; plain	2389	N3	adj-na
廃止	はいし	abolition; discontinuance; discontinuation; repeal; annulment	2390	N1	n
今月	こんげつ	this month	2393	N5	n
興味深い	きょうみぶかい	very interesting; of great interest	2394		adj-i
滞在	たいざい	stay; sojourn	2395	N3	n
各地	かくち	each place; every place; various places; all parts (of the country, world, etc.)	2396	N2	n
読書	どくしょ	reading (books)	2398	N3	n
確定	かくてい	decision; settlement; confirmation; establishment	2399	N1	n
合計	ごうけい	sum total; total amount	2400	N3	n
商	しょう	quotient; business; merchant; dealer	2404	N1	n
発信	はっしん	dispatch; despatch; transmission; submission; informing (e.g. of opinion); sharing (thoughts, etc.); telling	2406		n
済む	すむ	to finish; to end; to be completed; to be resolved; to have a result less severe than expected	2407	N4	v5m
執行	しっこう	execution; carrying out; performance; enforcement; exercise; service; conduct	2409		n
連載	れんさい	serialization; serialisation; serial story	2410		n
思い出	おもいで	memories; recollections; reminiscence	2414	N3	n
日経	にっけい	Nikkei (newspaper, share index)	2415		n
主人	しゅじん	head (of a household); proprietor (of a store); proprietress; landlord; landlady; one's husband	2416		n
一瞬	いっしゅん	instant; moment; for an instant	2417	N3	n
老人	ろうじん	old person; senior citizen; the aged; the elderly	2418	N3	n
当日	とうじつ	day in question; appointed day; that very day; the day (of issue, publication, etc.)	2420	N2	n
早速	さっそく	at once; immediately; without delay; promptly	2421	N2	adv
備える	そなえる	to furnish with; to equip with; to provide; to install; to prepare for; to make preparations for; to make provision for	2422	N3	v1
関西	かんさい	Kansai (region comprising Kyoto, Osaka, Kobe and surrounding prefectures); Kansai (western half of Japan; during the feudal era)	2423	N2	n
神戸	こうべ	Kobe (city)	2425		n
時計	とけい	clock; watch; timepiece	2426	N5	n
割合	わりあい	rate; ratio; percentage; proportion; comparatively	2427	N4	n
正式	せいしき	formal; official; regular; proper; legal; due (formalities)	2428	N3	adj-na
出場	しゅつじょう	participation (in a tournament, match, race, etc.); entry; taking part (in); competing (in); appearance; appearance (on the stage, television, etc.)	2431		n
残り	のこり	remainder; remnant; the rest; what is left; balance; leftovers	2432	N3	n
収録	しゅうろく	recording (in a book, the minutes, etc.); printing; including; recording (audio or video)	2436		n
退職	たいしょく	retirement; resignation	2438	N1	n
入学	にゅうがく	admission (to a school or university); entrance; enrolment; enrollment; matriculation	2440	N4	n
週末	しゅうまつ	weekend	2441		adv
殺人	さつじん	murder; homicide; manslaughter	2442	N1	n
代理	だいり	representation; agency; proxy; agent; representative; deputy; substitute; surrogate; stand-in	2443	N3	n
演出	えんしゅつ	direction (of a play, film, etc.); production; organization (of an event); arrangement; staging (for effect); orchestration	2444	N1	n
葉	は	leaf; blade (of grass); (pine) needle; frond; foliage	2447	N4	n
公表	こうひょう	official announcement; proclamation	2449	N2	n
育成	いくせい	rearing; training; nurture; cultivation; promotion	2450	N1	n
実績	じっせき	achievements; actual results; accomplishments; past results; track record	2451	N2	n
使い方	つかいかた	way of using (something); way to use; how to use; usage; use; way of handling (employees, subordinates, etc.); way of treating; treatment; management	2454		n
最早	もはや	already; now; no longer; not any more	2457	N1	adv
店舗	てんぽ	shop; store; establishment; restaurant	2459		n
大型	おおがた	large; large-sized; large-scale; big	2460		adj-no
キリスト教	キリストきょう	Christianity	2461		n
生み出す	うみだす	to create; to bring forth; to produce; to invent; to think up and bring into being	2465		v5s
申し訳	もうしわけ	apology; excuse	2466	N3	n
回転	かいてん	rotation; revolution; turn; spin; working (e.g. of one's mind); function	2468	N2	n
暴力	ぼうりょく	violence; mayhem	2472	N1	n
反る	そる	to warp; to curve; to arch; to bend; to bend backward (body or body part, e.g. fingers)	2476		v5r
広げる	ひろげる	to spread; to extend; to expand; to enlarge; to widen; to broaden; to unfold; to open; to unroll; to unwrap	2479	N2	v1
知事	ちじ	prefectural governor	2481	N3	n
戦闘	せんとう	battle; fight; combat	2484	N1	n
１０月	じゅうがつ	October; tenth month of the lunar calendar	2486		n
聖書	せいしょ	Bible; the Scriptures; Holy Writ	2487	N1	n
強いる	しいる	to force; to compel; to coerce; to press; to impose	2488	N1	v1
一気に	いっきに	in one go; in one gulp; in one breath; without stopping; without pausing; without a rest; in one sitting; at a stretch; suddenly; all of a sudden; all at once	2489		adv
移行	いこう	transition; changeover; switchover; shift; transfer (of powers, weight, etc.); shift (e.g. of centre of gravity)	2490	N1	n
正	せい	(logical) true; regular; 10^40; ten duodecillion	2491	N3	n
生かす	いかす	to make (the best) use of; to put to good use; to leverage (skills, attributes, experience, etc.); to capitalise on (experience, etc.); to let live; to keep alive	2492	N1	v5s
成績	せいせき	results; record; grades; marks	2493	N3	n
通す	とおす	to stick through; to force through; to spread throughout; to thoroughly diffuse	2494	N3	v5s
保つ	たもつ	to keep; to preserve; to hold; to retain; to maintain; to sustain; to last; to endure; to keep well (food); to wear well; to be durable	2496	N1	v5t
同じく	おなじく	in the same way; like; likewise; similarly	2497		adv
勝負	しょうぶ	victory or defeat; match; contest; game; bout	2498	N2	n
翌日	よくじつ	next day	2499		n
票	ひょう	vote; ballot; label; ticket; tag; stub	2500	N1	n
直後	ちょくご	immediately following	2501	N2	n
決勝	けっしょう	decision of a contest; finals (in sports)	2504	N1	n
所属	しょぞく	belonging to (a group, organization, etc.); affiliation (with); being attached to; being under the control of; serving (in the military, congress, etc.)	2505	N1	n
演じる	えんじる	to act (a part); to play (a role); to perform (a play, etc.); to put on (a production)	2506	N1	v1
面倒	めんどう	trouble; bother; difficulty	2509	N3	n
測定	そくてい	measurement	2511	N2	n
千葉	ちば	Chiba (city, prefecture)	2512		n
提示	ていじ	presentation (of a passport, ID, etc.); showing; production (e.g. of documents); presentation (of a plan, response, etc.); bringing up; citing (an example)	2515	N1	n
基盤	きばん	base; basis; foundation; footing; infrastructure; bedrock	2522	N2	n
物凄い	ものすごい	terrific; staggering; tremendous; incredible; extreme; frightful; ghastly; horrific; terrible; awful; gruesome; eerie	2523	N2	adj-i
見学	けんがく	inspection; study by observation; field trip; tour; review; sitting out (e.g. PE class)	2524	N2	n
応募	おうぼ	application; subscription; entry (competition, raffle, etc.); enlistment	2525	N1	n
厚生	こうせい	welfare; public welfare; social welfare; (former) Ministry of Health and Welfare	2527		n
配置	はいち	arrangement (of resources); deployment; stationing; posting; disposition; configuration; layout	2528	N1	n
道具	どうぐ	tool; implement; instrument; utensil; apparatus; device; means	2529	N4	n
刑事	けいじ	(police) detective; criminal matter	2530	N3	n
勢い	いきおい	force; vigor; vigour; energy; spirit; life; influence; authority; power; might	2531	N3	n
対立	たいりつ	confrontation; opposition; antagonism	2533	N2	n
症状	しょうじょう	symptoms; condition (of a patient)	2535	N3	n
入院	にゅういん	hospitalization; hospitalisation	2536	N4	n
教員	きょういん	teacher; instructor; teaching staff; faculty member	2537	N1	n
中学	ちゅうがく	junior high school; middle school; lower secondary school	2539	N3	n
表面	ひょうめん	surface; face; outside; exterior	2540	N3	n
情勢	じょうせい	state of things; state of affairs; situation; conditions; circumstances	2541	N1	n
広島	ひろしま	Hiroshima (city, prefecture)	2542		n
学会	がっかい	learned society; scientific society; academy; academic meeting; academic conference	2546	N2	n
総会	そうかい	general meeting	2549	N1	n
通	つう	authority; expert; connoisseur; well-informed person; counter for messages, letters, notes, documents, etc.	2552	N1	n
数学	すうがく	mathematics	2554	N4	n
土曜日	どようび	Saturday	2555	N5	n
民	たみ	people; citizens; subjects; folk	2556		n
承認	しょうにん	recognition; acknowledgement; acknowledgment; approval; consent; agreement	2557	N3	n
何となく	なんとなく	somehow; for some reason (or other); without knowing why	2558	N2	adv
下記	かき	the following	2559		n
侵害	しんがい	infringement; violation; invasion; encroachment; trespass	2560		n
受賞	じゅしょう	winning a prize; receiving an award; being awarded	2561		n
赤字	あかじ	(being in) the red; deficit; red letter; red writing	2563	N1	n
見かける	みかける	to (happen to) see; to notice; to catch sight of	2564	N1	v1
次々	つぎつぎ	in succession; one by one	2567	N3	adv
加工	かこう	manufacturing; processing; treatment; machining	2568	N1	n
書店	しょてん	bookshop; bookstore	2569	N2	n
緩和	かんわ	relief; mitigation; alleviation; relaxation (of restrictions, tensions, etc.); easing; softening	2571	N1	n
お気に入り	おきにいり	favorite; favourite; pet (e.g. teacher's pet); bookmark (in a web browser)	2576		n
個性	こせい	individuality; personality; quirk; idiosyncrasy; character; individual characteristic	2577	N1	n
作戦	さくせん	tactics; strategy; military operation; naval operation	2578	N1	n
指揮	しき	command; direction; supervision; conducting (an orchestra, choir, etc.)	2579	N1	n
技	わざ	technique; art; skill; move	2580	N1	n
誤解	ごかい	misunderstanding	2582	N3	n
偶然	ぐうぜん	coincidence; chance; accident; fortuity; by chance; unexpectedly; accidentally	2583	N3	n
少々	しょうしょう	a little; a bit; a small amount; a few; a pinch; some; a little while; a short time; a moment; a minute; a second	2585	N3	adv
高まる	たかまる	to rise; to swell; to be promoted	2587	N1	v5r
確信	かくしん	conviction; belief; confidence	2590	N1	n
意志	いし	will; volition; intention; intent; determination	2592	N3	n
高校生	こうこうせい	senior high school student	2597	N4	n
１２月	じゅうにがつ	December; twelfth month of the lunar calendar	2598		n
勇気	ゆうき	courage; bravery; valour; valor; nerve; boldness	2603	N3	n
売買	ばいばい	trade; buying and selling; trafficking (e.g. of humans, arms, drugs); dealing	2605	N2	n
公演	こうえん	public performance; exhibition in a foreign country	2606	N1	n
制御	せいぎょ	control (of a machine, device, etc.); control (over an opponent, one's emotions, etc.); governing; management; suppression; keeping in check	2607		n
食べ物	たべもの	food	2608	N5	n
法則	ほうそく	law; rule	2613	N2	n
作者	さくしゃ	creator (of a work); author; writer; artist; composer; playwright; dramatist	2614	N2	n
文句	もんく	complaint; grumbling; objection; phrase; words; expression	2616	N3	n
生まれ	うまれ	birth; birthplace; born in (country, month, imperial era, zodiac year, etc.)	2617	N3	n
失礼	しつれい	discourtesy; impoliteness; excuse me; goodbye	2618		n
博物館	はくぶつかん	museum	2619	N3	n
神社	じんじゃ	Shinto shrine	2620	N4	n
予防	よぼう	prevention; protection (against); precaution	2621	N3	n
正当	せいとう	just; justifiable; right; due; proper; equitable; reasonable; legitimate; legal; lawful	2622	N1	adj-na
実家	じっか	(one's parents') home	2626		n
活性	かっせい	activity; active	2627		n
受信	じゅしん	receiving (a message, letter, email, etc.); reception (radio, TV, etc.)	2628		n
自主	じしゅ	independence; autonomy; self-reliance	2629	N1	n
確率	かくりつ	probability; likelihood; chances	2631	N2	n
表明	ひょうめい	declaration; indication; representation; manifestation; demonstration; expression; announcement; assertion	2632		n
美術館	びじゅつかん	art museum; art gallery	2633	N4	n
解消	かいしょう	cancellation; liquidation; resolution; reduction (e.g. of stress)	2634		n
苦手	にがて	poor (at); weak (in); not very good (at); not one's cup of tea; not one's favorite	2637	N3	adj-na
爆発	ばくはつ	explosion; detonation; blast; blowing up; eruption; outburst (of emotion); explosion (e.g. of anger); eruption (e.g. of discontent)	2638	N3	n
欧米	おうべい	Europe and the United States; Europe and America; the West	2639	N2	n
信仰	しんこう	(religious) faith; belief; creed	2641	N3	n
現行	げんこう	present; current; in operation	2643	N1	n
解放	かいほう	release; unleashing; liberation; emancipation; setting free; deallocation (of computer memory)	2645	N2	n
発電	はつでん	generation of electricity; power generation; sending a telegram; telegraphing	2647	N2	n
損害	そんがい	damage; injury; loss	2650	N3	n
小学生	しょうがくせい	elementary school student; primary school student; grade school student	2651	N2	n
取り組み	とりくみ	effort; initiative; dealing with; grappling with; wrestling with; bout (in sports, etc.); match	2652		n
運命	うんめい	fate; destiny; lot	2660	N1	n
個々	ここ	individual; one by one; separate; each	2661	N1	n
経費	けいひ	expenses; expenditure; outgoings; outlays; costs	2664	N1	n
本書	ほんしょ	main text; original text	2667		n
建てる	たてる	to build; to construct	2669	N4	v1
原	はら	field; plain; prairie; tundra; moor; wilderness	2670	N3	n
仕様	しよう	way; method; means; resource; remedy; (technical) specification	2671	N1	n
電力	でんりょく	electric power	2673	N2	n
発達	はったつ	development; growth; progress; advancement	2675	N3	n
来	らい	next (year, spring, etc.); coming; since (e.g. last month); for (e.g. 20 years)	2676	N3	pref
性能	せいのう	ability; performance; efficiency	2679	N2	n
立派	りっぱ	splendid; fine; handsome; elegant; imposing; prominent; impressive; praiseworthy; creditable; worthy	2680	N5	adj-na
役員	やくいん	director; executive; officer; official; person in charge	2681		n
大いに	おおいに	very; very much; greatly; considerably; highly; exceedingly; a great deal; a lot; to one's heart's content	2682	N3	adv
影	かげ	shadow; silhouette; figure; shape; reflection; image	2683	N3	n
象徴	しょうちょう	symbol (of something abstract); emblem; (symbolic) representation	2684	N1	n
性質	せいしつ	nature (of a person); disposition; temperament; character; quality; inherent characteristic; property; nature; (chemical) behavior	2685	N2	n
送信	そうしん	transmission; sending	2686		n
上手	じょうず	skillful; skilled; proficient; good (at); adept; clever; flattery	2688	N5	adj-na
圧力	あつりょく	pressure; pressure (e.g. political); arm-twisting	2689	N1	n
得意	とくい	satisfaction; pride; triumph; elation; one's strong point; one's forte; one's specialty	2692	N3	n
温度	おんど	temperature	2693	N3	n
初心者	しょしんしゃ	beginner	2694		n
一生懸命	いっしょうけんめい	very hard; with utmost effort; as hard as one can; with all one's might; for dear life; eagerly; desperately	2695	N4	adv
香港	ホンコン	Hong Kong	2696		n
急ぐ	いそぐ	to hurry; to rush; to hasten; to make something happen sooner	2697	N4	v5g
必死	ひっし	frantic; frenetic; desperate; inevitable death	2698	N3	adj-na
具合	ぐあい	condition; state; health; state (of health)	2704	N4	n
神経	しんけい	nerve; nerves; sensitivity	2706	N3	n
作用	さよう	action; operation; process; agency; effect; function	2707	N1	n
言わば	いわば	so to speak; so to call it; as it were	2708	N3	adv
本物	ほんもの	genuine article; real thing; real deal	2710	N3	n
過ぎ	すぎ	past; after; too (much); over- (e.g. eating)	2711	N1	n
意義	いぎ	meaning; significance	2712	N2	n
延長	えんちょう	extension; elongation; prolongation; lengthening; (total) length	2715	N2	n
観客	かんきゃく	spectator; audience	2716	N3	n
深刻	しんこく	serious; severe; grave; acute	2717	N3	adj-na
路線	ろせん	route (bus, train, air, etc.); line; line (taken by a group, organization, etc.); policy; course	2720		n
武器	ぶき	weapon; arms; ordnance; weapon (something used to gain an advantage); asset	2723	N3	n
取締役	とりしまりやく	company director; board member	2724		n
方面	ほうめん	direction; district; area; field (e.g. of study); sphere; quarter; aspect; angle	2726	N2	n
盛り上がる	もりあがる	to swell; to rise; to bulge; to be piled up; to rouse; to get excited	2727	N1	v5r
自立	じりつ	independence; self-reliance	2728	N1	n
荷物	にもつ	luggage; baggage; package; burden	2729	N5	n
直前	ちょくぜん	just before; just prior to; right in front of; just in front of	2731	N2	n
見直し	みなおし	review; reconsideration; revision	2732		n
部品	ぶひん	parts; accessories; components	2734	N2	n
負う	おう	to carry on one's back; to bear; to shoulder; to take (responsibility); to assume; to accept; to bear (the blame, costs, etc.); to have (a duty, obligation, etc.); to become responsible for; to be burdened with (work, debt, etc.)	2737	N1	v5u
結う	ゆう	to do up (hair); to dress; to arrange; to tie; to bind; to fasten; to make (a fence)	2738		v5u
幹部	かんぶ	management; (executive) staff; leaders; leadership; top brass; upper echelons	2739	N1	n
相変わらず	あいかわらず	as usual; as always; as before; as ever; still	2740	N2	adv
本気	ほんき	seriousness; earnestness; truth; sanctity	2741	N1	n
最適	さいてき	most suitable; optimum; optimal; best	2742		adj-na
１１月	じゅういちがつ	November; eleventh month of the lunar calendar	2744		n
地下	ちか	underground; below the ground; world of the dead; the grave	2745	N3	n
慎重	しんちょう	careful; cautious; prudent; discreet; deliberate	2746	N3	adj-na
随分	ずいぶん	very; extremely; surprisingly; fairly; quite; considerably; awfully; terribly; terrible; horrid; contemptible; reprehensible	2749	N4	adv
学問	がくもん	study; scholarship; learning; education; knowledge; discipline; branch of learning; (a) science	2750	N3	n
見通し	みとおし	unobstructed view; perspective; visibility; vista; forecast; outlook; prospect; prediction	2752	N1	n
導く	みちびく	to guide; to lead; to show the way; to conduct; to derive; to deduce	2753	N1	v5k
進出	しんしゅつ	advance (into a new market, industry, etc.); expansion (into); launch (into); entering; making inroads (into); advance (to the next round of a competition)	2756	N1	n
総裁	そうさい	president (of an organization); director general; governor (of a central bank); party leader (esp. LDP)	2762		n
視聴	しちょう	looking and listening; (television) viewing; watching; (public) attention; interest	2763		n
過多	かた	excess; surplus; superabundance	2765	N1	n
格差	かくさ	qualitative difference; disparity; gap	2768	N1	n
区別	くべつ	distinction; differentiation; discrimination; difference	2769	N3	n
支払い	しはらい	payment	2771	N3	n
休日	きゅうじつ	holiday; day off	2773		n
当社	とうしゃ	this company; this firm; this shrine	2774		n
解析	かいせき	analysis; analytical study; parsing; parse	2775		n
課	か	lesson; section (in an organization); division; department	2776	N3	n
投げる	なげる	to throw; to hurl; to fling; to toss; to cast; to give up; to abandon; to throw away	2777	N4	v1
上司	じょうし	(one's) superior; (one's) boss; the higher-ups	2778	N1	n
民営	みんえい	private management	2780		n
法的	ほうてき	legal	2781		adj-na
周年	しゅうねん	whole year; entire year; n-th year anniversary	2782		n
医	い	medicine; the healing art; healing; curing; doctor	2783		n
競技	きょうぎ	game; match; contest; competition; sport; (sporting) event	2786	N3	n
辺り	あたり	(in the) neighbourhood; neighborhood; vicinity; nearby; surroundings; around; about; or thereabouts	2787	N3	n
当事者	とうじしゃ	person concerned; interested party; related party	2789		n
素直	すなお	obedient; meek; docile; unaffected; honest; frank; upfront (about one's feelings)	2790	N2	adj-na
決算	けっさん	settlement of accounts; closing accounts; financial results; reporting (of accounts)	2791	N1	n
大衆	たいしゅう	general public; the masses	2795	N1	n
回す	まわす	to turn; to rotate; to spin; to twist; to gyrate; to pass around; to send around; to hand around; to circulate	2796	N3	v5s
人事	じんじ	personnel affairs; human affairs; human resources; HR	2797		n
勢力	せいりょく	influence; power; might; strength; potency; force; energy; influence (of stones)	2798	N1	n
不正	ふせい	injustice; unfairness; wrongdoing; iniquity; impropriety; irregularity; dishonesty; illegality; fraud	2800	N3	n
議長	ぎちょう	chair; chairman; chairperson; speaker (of an assembly); president (of a council, senate, etc.)	2801	N3	n
報酬	ほうしゅう	remuneration; recompense; reward; toll	2802	N1	n
応用	おうよう	(practical) application; putting to practical use; applied (e.g. physics, linguistics, research)	2805	N2	n
ソ連	ソれん	Soviet Union; USSR	2807		n
変換	へんかん	change; conversion; transformation	2809		n
減らす	へらす	to abate; to decrease; to diminish; to shorten	2810	N3	v5s
連邦	れんぽう	federation (of states); confederation; commonwealth; union	2811	N1	n
衝撃	しょうげき	impact; shock; impulse; (psychological) shock	2812	N1	n
今朝	けさ	this morning	2814	N5	n
権限	けんげん	power; authority; jurisdiction	2815	N1	n
動向	どうこう	trend; tendency; movement; attitude	2816	N1	n
療法	りょうほう	(method of) treatment; therapy; remedy; cure	2823		n
収益	しゅうえき	earnings; proceeds; returns; revenue	2825	N1	n
人数	にんずう	the number of people; many people; a large number of people	2827		n
本島	ほんとう	main island; this island	2829		n
政党	せいとう	political party	2830	N2	n
違法	いほう	illegal; illicit; unlawful	2831		adj-na
来週	らいしゅう	next week	2834	N5	n
本体	ほんたい	substance; true form; true character; main part; main unit; body (of a machine)	2836	N1	n
一生	いっしょう	whole life; a lifetime; all through life; (the only, the greatest, etc.) of one's life	2840	N3	n
原作	げんさく	original work	2841	N1	n
書き込む	かきこむ	to fill in (field, entry, etc.); to fill out (form); to post a message (e.g. on a bulletin-board)	2844		v5m
強力	きょうりょく	powerful; strong	2846	N3	adj-na
箇所	かしょ	place; point; part; spot; area; passage; portion; counter for places, parts, passages, etc.	2848	N2	n
族	ぞく	tribe; race; people; family; group (of people who share a common feature); gang; lot; bunch	2849		n-suf
圧倒的	あっとうてき	overwhelming	2851		adj-na
付け	つけ	bill; bill of sale; payment invoice; tab (for later payment); credit	2854		n
港	みなと	harbour; harbor; port	2855	N4	n
移る	うつる	to move (to another place or state); to change (e.g. of state, affiliation, scenery, etc.); to be transferred; to spread (of a fire, smell, etc.); to catch (an illness); to be infected; to be contagious	2857	N4	v5r
実力	じつりょく	(real) ability; true strength; merit; efficiency; competency; arms; force	2858	N2	n
裁判官	さいばんかん	judge	2859		n
何故なら	なぜなら	because; the reason is; if you want to know why	2860	N3	conj
恋人	こいびと	lover; sweetheart; boyfriend; girlfriend	2861	N3	n
首都	しゅと	capital (city); metropolis	2862	N3	n
質疑	しつぎ	question; interpellation	2863	N1	n
住所	じゅうしょ	address (of a home, business, etc.); residence; domicile	2865	N4	n
防ぐ	ふせぐ	to defend against; to protect against; to prevent; to avert; to avoid	2866	N3	v5g
何か	なにか	something; some; any; somehow; for some reason	2868	N3	pn
子育て	こそだて	child rearing; child raising; raising children; parenting	2870		n
作曲	さっきょく	composition (of music); setting; writing music	2875	N3	n
失業	しつぎょう	unemployment; losing one's job; becoming unemployed	2876	N3	n
客観	きゃっかん	objectivity; objective; object (philosophical)	2877	N1	n
田舎	いなか	rural area; countryside; the sticks; hometown	2878	N4	n
任せる	まかせる	to leave (a matter, decision, etc. to someone); to entrust (to someone); to entrust (someone) with; to leave (to chance, one's imagination, etc.); to let (take its own course); to let (happen); to give (oneself to something)	2879	N3	v1
指す	さす	to point; to nominate; to select someone; to specify some person	2881	N3	v5s
同社	どうしゃ	the same company; the said firm; the same (Shinto) shrine; the said shrine	2882		n
倫理	りんり	ethics; morals	2885		n
中古	ちゅうこ	used; second-hand; old; Middle Ages (in Japan esp. Heian period)	2886	N3	adj-no
見つめる	みつめる	to stare (at); to gaze (at); to look hard (at); to watch intently; to fix one's eyes (on)	2888		v1
朝日	あさひ	morning sun	2889		n
高級	こうきゅう	high-class; high-grade; high-quality; high-end; luxury; high-ranking; high-level; senior	2890	N2	adj-na
消す	けす	to erase; to rub out; to rub off; to cross out; to delete; to turn off (a light, TV, heater, etc.); to switch off	2891	N5	v5s
辞書	じしょ	dictionary; lexicon; letter of resignation	2892	N5	n
市長	しちょう	mayor	2893		n
一種	いっしゅ	a kind; a sort; a variety; a species; of sorts; something of a; a sort of	2894	N3	n
入門	にゅうもん	becoming a pupil (of); becoming a disciple; entering an institution; beginning training; introduction (to); primer; guide	2895		n
そう言えば	そういえば	now that you mention it; come to think of it; that reminds me; on that subject; speaking of which	2896	N2	exp
出張	しゅっちょう	business trip; official trip	2898	N2	n
夕食	ゆうしょく	evening meal; dinner	2900		n
深夜	しんや	late at night	2904	N2	n
協定	きょうてい	arrangement; pact; agreement	2905	N1	n
半年	はんとし	half a year; six months	2906		n
身近	みぢか	near oneself; close to one; familiar	2909	N1	adj-na
撃つ	うつ	to shoot (a gun, person, etc.); to fire	2911	N3	v5t
物件	ぶっけん	article; thing; object; property; real estate	2912		n
着	ちゃく	arrival; arriving at ...; counter for items or suits of clothing	2914	N1	n-suf
優秀	ゆうしゅう	superior; excellent; brilliant; outstanding	2915	N3	adj-na
加わる	くわわる	to be added to; to be appended; to join in (e.g. a group of friends); to participate	2916	N3	v5r
面接	めんせつ	interview (e.g. for a job)	2919	N2	n
部隊	ぶたい	force; unit; corps; squad; troops; party	2920		n
給与	きゅうよ	pay; salary; wages; allowance; grant; supply; providing with	2923	N2	n
発音	はつおん	pronunciation; production of sound	2926	N4	n
配布	はいふ	distribution	2927	N1	n
同意	どうい	agreement; consent; approval; assent; same opinion; same view	2928	N1	n
交付	こうふ	delivery; issuance; handing over; granting	2929	N1	n
有難い	ありがたい	grateful; thankful; welcome; appreciated; evoking gratitude	2930	N2	adj-i
保有	ほゆう	possession; retention; maintenance; holding; keeping	2932		n
課長	かちょう	section manager; section chief	2933	N4	n
体系	たいけい	system; organization; organisation; architecture	2935	N2	n
同一	どういつ	identical; same; one and the same; equal; fair; equal treatment; without discrimination	2937	N3	adj-no
官僚	かんりょう	bureaucrat; government official; bureaucracy	2938	N1	n
列車	れっしゃ	train; railway train	2939	N3	n
構想	こうそう	plan; plot; idea; conception; vision; scheme	2940	N1	n
口座	こうざ	account (e.g. bank)	2941		n
説得	せっとく	persuasion	2942	N1	n
決議	けつぎ	resolution; vote; decision	2943	N1	n
地位	ちい	(social) position; status; standing; position (in a company, organization, etc.); post; rank	2944	N3	n
進歩	しんぽ	progress; advance; improvement; development	2946	N3	n
追求	ついきゅう	pursuit (of a goal, ideal, etc.); search; chase; seeking after	2947		n
続き	つづき	continuation; rest (of the story, work, etc.); next installment; sequel; flow (e.g. of a piece of writing); pacing (of a story)	2948	N3	n
和	わ	sum; harmony; peace	2950	N1	n
燃料	ねんりょう	fuel	2951	N1	n
ご存知	ごぞんじ	knowing; being aware (of); (an) acquaintance	2952	N4	n
解除	かいじょ	termination (of a contract); cancellation; rescinding; rescission; lifting (of a ban, sanctions, etc.); removal; release (from obligations); cancellation (of a warning, alert, etc.); calling off (e.g. a strike); releasing (a lock)	2956	N1	n
好み	このみ	liking; taste; fancy; fondness; wish; desire; choice; preference	2957	N3	n
加入	かにゅう	joining (a club, organization, etc.); becoming a member; entry; admission; subscription; affiliation; signing (e.g. a treaty); taking out (insurance)	2958	N1	n
側面	そくめん	side; flank; profile; sidelight; lateral; aspect; dimension	2959	N1	n
開設	かいせつ	establishment; opening; setting up; inauguration	2960		n
在庫	ざいこ	stock; inventory; having in stock; being in stock	2962	N1	n
回収	かいしゅう	collection; recovery; withdrawal; retrieval	2964	N1	n
生む	うむ	to give birth; to bear (child); to lay (eggs); to produce; to yield; to give rise to; to deliver	2965	N1	v5m
移転	いてん	moving; relocation; change of address; transfer (of deeds, property, etc.); demise	2969	N2	n
全般	ぜんぱん	(the) whole; as a whole; in general; at large	2970	N2	n
全面	ぜんめん	whole surface; entire	2972		n
非難	ひなん	criticism; blame; censure; attack; reproach	2973	N1	n
修理	しゅうり	repair; mending; fixing; servicing	2974	N3	n
集合	しゅうごう	meeting up; gathering; assembly; set	2975	N2	n
音声	おんせい	voice; speech; sound of a voice; sound (e.g. of a TV)	2977		n
施行	しこう	putting in force (a law); putting into operation; putting into effect; enforcement; carrying out (a plan, policy, etc.); execution	2978	N1	n
増す	ます	to increase; to grow	2979	N3	v5s
共に	ともに	together; jointly; at the same time; with; as ...; including; along with	2980	N3	adv
文明	ぶんめい	civilization; civilisation; culture; Bunmei era (1469.4.28-1487.7.20)	2983	N3	n
流行	りゅうこう	fashion; trend; vogue; craze; fad; popularity; prevalence (of a disease); epidemic	2984	N3	n
不良	ふりょう	bad; poor; inferior; defective; delinquent; hoodlum; hooligan	2986	N1	adj-no
美術	びじゅつ	art; fine arts	2987	N1	n
名誉	めいよ	honor; honour; credit; glory; fame; distinction; prestige; dignity; reputation; good name	2988	N1	n
田	た	rice field	2989	N3	n
変動	へんどう	change; fluctuation	2990	N1	n
都道府県	とどうふけん	prefectures (of Japan); largest administrative divisions of Japan: Tokyo-to, Osaka-fu, Kyoto-fu, Hokkaido and the remaining prefectures	2991		n
受講	じゅこう	taking a lecture; attending a class; taking a course	2993		n
商店	しょうてん	shop; store; firm	2994	N2	n
伝説	でんせつ	legend; folklore; tradition	2995	N1	n
言	げん	word; remark; statement	2996		n
再開	さいかい	reopening; resumption; restarting	2999		n
公的	こうてき	public; official	3003		adj-na
転職	てんしょく	change of job; change of occupation; career change	3006		n
先進	せんしん	advanced; developed; seniority; senior; superior; elder	3008		adj-no
遺伝子	いでんし	gene	3009		n
農家	のうか	farmer; farming family; farmhouse	3010	N3	n
総務	そうむ	general affairs; general business; manager; director; adjutant general	3011		n
当てる	あてる	to hit; to expose	3019	N3	v1
紛争	ふんそう	dispute; conflict; trouble; unrest; strife	3023	N1	n
決意	けつい	decision; determination; resolution	3025	N1	n
一杯	いっぱい	one cup (of); one glass (of); one bowl (of); cupful; glassful; bowlful; spoonful; one drink (of alcohol)	3027	N4	n
移民	いみん	immigration; emigration; immigrant; emigrant	3028	N1	n
毎週	まいしゅう	every week	3032	N5	n
階段	かいだん	stairs; stairway; staircase	3034	N5	n
施策	しさく	policy; measure	3036		n
男子	だんし	boy; man; male	3037	N3	n
育児	いくじ	childcare; child-rearing; nursing; upbringing	3039	N2	n
学部	がくぶ	faculty (of a university); school; college; department	3040	N2	n
懸念	けねん	worry; fear; anxiety; concern	3041		n
買収	ばいしゅう	acquisition (esp. corporate); buy-out; takeover; purchase; bribery; buying off; corruption	3042		n
不幸	ふこう	unhappiness; sorrow; misfortune; disaster; accident; death (usu. of a relative); bereavement	3043	N3	n
知恵	ちえ	wisdom; wit; sagacity; sense; intelligence; prajna (insight leading to enlightenment)	3044	N3	n
行事	ぎょうじ	event; function	3054	N2	n
金曜日	きんようび	Friday	3055	N5	n
考察	こうさつ	consideration; inquiry; enquiry; investigation; study	3058		n
成り立つ	なりたつ	to consist of; to be made up of; to be composed of; to be concluded (e.g. of an agreement); to hold true (e.g. of a theory); to be valid	3060	N1	v5t
体調	たいちょう	physical condition; state of health; shape	3061		n
手数料	てすうりょう	(handling) fee; charge (e.g. for a cancellation); commission; brokerage	3062		n
例外	れいがい	exception	3063	N2	n
中止	ちゅうし	interruption; discontinuance; suspension; stoppage; cancellation (of a planned event); calling off	3065	N3	n
債権	さいけん	credit; claim	3066		n
主婦	しゅふ	housewife; mistress (of the house); homemaker	3067	N3	n
証	あかし	proof; evidence; sign; testimony; testament (to something); vindication; witnessing; testifying	3068	N1	n
融資	ゆうし	financing; loan	3070	N1	n
理念	りねん	(Platonic) ideal (of how things ought to be, e.g. human rights); foundational principle; idea; conception (e.g. of the university); doctrine; ideology	3074		n
発射	はっしゃ	firing (esp. a rocket or missile); launching; shooting; discharge; catapult; ejaculation	3075	N2	n
公正	こうせい	justice; fairness; impartiality	3076	N2	n
取り入れる	とりいれる	to take in; to gather in; to adopt (e.g. an idea); to accept (e.g. advice); to introduce (e.g. technology); to borrow (e.g. a word)	3078	N2	v1
給料	きゅうりょう	salary; wages; pay	3079	N3	n
言い方	いいかた	way of saying (something); way of putting it; wording; phrasing; language; expression	3081		n
前日	ぜんじつ	previous day; day before; eve; prior day; preceding day	3082		n
疑う	うたがう	to doubt; to distrust; to be suspicious of; to suspect	3086	N3	v5u
商売	しょうばい	trade; business; commerce; occupation; calling; profession; job	3087	N3	n
科目	かもく	(school) subject; curriculum; course; item; heading; entry	3089	N3	n
短期	たんき	short-term	3090	N2	adj-no
特性	とくせい	special characteristic; special quality; trait; idiosyncrasy; peculiarity	3091		n
復帰	ふっき	return; reversion; comeback; reinstatement; carriage return	3092		n
付近	ふきん	neighborhood; neighbourhood; vicinity; environs; surrounding area; district	3093	N2	n
門	もん	gate; branch of learning based on the teachings of a single master; school	3095	N5	n
素人	しろうと	amateur; layman; ordinary person; novice; respectable woman (i.e. not a prostitute, hostess, geisha)	3096	N2	n
犯人	はんにん	offender; criminal; culprit	3097	N3	n
北京	ペキン	Beijing (China); Peking	3099		n
念	ねん	sense; idea; thought; feeling; desire; concern	3102	N1	n
尊重	そんちょう	respect; esteem; regard	3103	N3	n
古代	こだい	ancient times; distant past; antiquity	3104	N1	n
帝国	ていこく	empire; Empire of Japan	3106		n
冒頭	ぼうとう	beginning; opening; start; outset	3107	N1	n
郵政	ゆうせい	postal system	3109		n
体重	たいじゅう	(body) weight	3110		n
本件	ほんけん	this matter; this case	3111		n
有	ゆう	existence; possession; having	3112		n
通貨	つうか	currency	3113	N2	n
動画	どうが	video (esp. digital); video clip; clip; animation; animated cartoon	3114		n
上海	シャンハイ	Shanghai (China)	3118		n
財	ざい	fortune; riches; goods	3119	N1	n
人工	じんこう	artificial; man-made; human work; human skill; artificiality	3120	N3	n
気温	きおん	(air) temperature	3121	N3	n
適正	てきせい	reasonable; suitable	3122		adj-na
記す	しるす	to write down; to note down; to jot down; to take a note of; to mention; to describe; to give an account of	3123	N1	v5s
新潟	にいがた	Niigata (city, prefecture)	3124		n
抗議	こうぎ	protest; objection	3125	N1	n
広場	ひろば	public square; square; plaza; piazza; forum; open space; clearing	3127	N2	n
台風	たいふう	typhoon; hurricane	3128	N4	n
受付	うけつけ	reception (desk); information desk; receptionist; information clerk; receipt; acceptance	3130	N4	n
生涯	しょうがい	life; lifetime; career; for life; all one's life; throughout one's life; as long as one lives	3134		n
自覚	じかく	self-consciousness; self-awareness	3137	N1	n
比率	ひりつ	ratio; proportion; percentage	3139	N1	n
上映	じょうえい	screening (a movie); showing	3141		n
再度	さいど	a second time; again; once more; twice	3146		adv
観測	かんそく	observation; survey; measurement; opinion; prediction; thinking	3147	N2	n
拍手	はくしゅ	clapping hands; applause; clapping one's hands in prayer (at a shrine)	3152	N3	n
要件	ようけん	important matter; requirement; requisite; necessary condition; sine qua non	3153		n
数値	すうち	numerical value; figure; result; reading (on a meter, etc.)	3156		n
保守	ほしゅ	maintenance; conservatism; conservativeness; conservation	3158	N1	n
に渡って	にわたって	throughout; over a period of ...; over a span of ...	3162		exp
生き方	いきかた	way of life; how to live	3163		n
財源	ざいげん	source of funds; resources; finances	3166	N1	n
経緯	けいい	details; particulars; sequence of events; circumstances; situation; how things got this way; longitude and latitude	3170	N1	n
支出	ししゅつ	expenditure; disbursement; expenses	3171	N3	n
対話	たいわ	dialogue; conversation; talk; discussion; communication	3179	N1	n
入り口	いりぐち	entrance; entry; gate; approach; mouth	3180	N5	n
長年	ながねん	many years; a long time	3182		n
毎回	まいかい	every time; each round	3183		n
返信	へんしん	reply (e.g. email, fax, letter); answer	3184		n
会談	かいだん	talks (i.e. formal discussions); conference; meeting	3185	N1	n
信号	しんごう	signal; signalling; signaling; traffic light; traffic signal	3186	N3	n
借金	しゃっきん	debt; loan; liabilities; borrowing money; number of games under the .500 mark	3187	N3	n
監査	かんさ	inspection; audit; judgement; judgment	3188		n
選択肢	せんたくし	choices; alternatives; options	3191		n
広報	こうほう	public relations; PR; publicity; public information; publicizing	3193		n
付き合う	つきあう	to associate with; to keep company with; to go out with; to go steady with; to get on with; to go along with; to follow someone's lead; to accompany someone; to compromise	3196	N2	v5u
過剰	かじょう	excess; surplus; superabundance; overabundance	3197	N2	n
極端	きょくたん	extreme; extremity	3200	N1	n
商業	しょうぎょう	commerce; trade; business	3201	N2	n
気味	きみ	sensation; feeling; tendency; propensity	3202	N3	n
大半	たいはん	majority; more than half; most (of); mostly; largely; mainly; predominately; nearly	3204	N3	n
社内	しゃない	within a company; in-house; within a shrine; shrine precincts	3205		adj-no
調達	ちょうたつ	supply; provision; raising; procurement	3207		n
担う	になう	to carry on one's shoulder; to shoulder; to bear; to bear (a burden, responsibility, etc.); to take upon oneself	3209	N1	v5u
正義	せいぎ	justice; right; righteousness; correct meaning; correct explanation	3210	N1	n
世帯	せたい	household; family	3213	N1	n
葬送	そうそう	attending a funeral procession; seeing off the deceased; burial of someone's remains; observing a burial	3215		n
審判	しんぱん	judgement; judgment; decision; verdict; sentence; refereeing; umpiring; judging	3216	N3	n
食らう	くらう	to eat; to drink; to wolf; to knock back; to receive (e.g. a blow)	3217		v5u
大戦	たいせん	great war; great battle; world war	3218	N3	n
間違える	まちがえる	to make a mistake (in); to commit an error; to get wrong; to do incorrectly; to mistake (one thing for another); to confuse	3219	N4	v1
教材	きょうざい	teaching materials	3220	N1	n
阪神	はんしん	Osaka-Kobe; Hanshin (company name: railway, dept. store, baseball team, etc.)	3221		n
外務省	がいむしょう	Ministry of Foreign Affairs	3222		n
制定	せいてい	enactment; establishment; creation	3225	N1	n
才能	さいのう	talent; ability	3226	N3	n
発明	はつめい	invention; intelligent; clever; smart	3227	N3	n
その内	そのうち	before very long; soon; someday; one of these days; sooner or later; of the previously mentioned; of that number; among them; among others	3228	N3	exp
幸福	こうふく	happiness; well-being; joy; welfare; blessedness	3230	N3	n
通知	つうち	notice; notification; report; posting; notification (on a smartphone, PC, etc.)	3231	N2	n
体力	たいりょく	physical strength; power; stamina; endurance; vigor; resistance to disease; strength (of a business, economy, etc.)	3233	N1	n
見直す	みなおす	to look at again; to re-examine (policy, estimate, plan, etc.); to review	3234	N2	v5s
地上	ちじょう	above ground; on the ground; earth's surface; this world; this earth	3240		n
通勤	つうきん	commuting to work	3241	N2	n
反論	はんろん	objection; refutation; rebuttal; counterargument	3242		n
味わう	あじわう	to taste; to savor; to savour; to relish; to appreciate; to enjoy; to digest	3246	N2	v5u
幅広い	はばひろい	extensive; wide; broad	3248		adj-i
正常	せいじょう	normal; regular	3250	N1	adj-na
人格	じんかく	personality; character; individuality; personhood	3251	N1	n
独特	どくとく	peculiarity; uniqueness; characteristic; understood only by oneself	3252	N3	n
意欲	いよく	will; desire; eagerness; interest; drive; motivation; urge; ambition	3253	N1	n
開放	かいほう	opening (a door, window, etc.); leaving open; opening up (e.g. to the public); allowing (public) access	3255	N2	n
中国人	ちゅうごくじん	Chinese person	3256		n
面積	めんせき	area (measurement); square measure; size (of land); floor space	3257	N2	n
熱心	ねっしん	zealous; enthusiastic; ardent; fervent; keen; eager	3258	N4	adj-na
注す	さす	to pour; to add (liquid); to serve (drinks); to put on (lipstick, etc.); to apply; to colour; to dye	3259	N2	v5s
差す	さす	to shine; to be visible	3259	N5	v5s
原子力	げんしりょく	atomic energy; nuclear power	3262		n
分離	ぶんり	separation; partition; detachment; segregation; isolation	3263	N1	n
段	だん	step; stair; rung; (flight of) steps; shelf; layer; tier	3264	N3	n
呼吸	こきゅう	breathing; respiration; knack; trick; secret (of doing something)	3265	N3	n
日程	にってい	schedule; program; programme; agenda	3266	N2	n
移す	うつす	to transfer (to a different place, group, etc.); to change; to move (something); to swap; to substitute; to relocate; to move to the next stage (of a plan, etc.)	3267	N3	v5s
最悪	さいあく	worst; horrible; horrid; awful; terrible	3268		adj-na
演技	えんぎ	acting; performance	3271	N3	n
好む	このむ	to like; to prefer	3273	N3	v5m
放置	ほうち	leaving as is; leaving alone; leaving unattended; neglecting; abandoning	3275	N1	n
保健	ほけん	preservation of health; hygiene; sanitation; health education (school subject)	3277	N2	n
改良	かいりょう	improvement; reform	3278	N1	n
集会	しゅうかい	meeting; assembly; gathering; congregation; convention; rally	3280	N2	n
何とも	なんとも	really; very; extremely; terribly; awfully; (not) anything; (not) at all; (not) a bit	3281	N2	adv
店員	てんいん	employee (of a store); shop assistant; clerk; salesperson	3282	N4	n
気軽	きがる	carefree; buoyant; lighthearted; sprightly; ease	3283	N1	adj-na
毎月	まいつき	every month; each month; monthly	3285	N5	adv
男の子	おとこのこ	boy; son; baby boy; young man	3286	N5	exp
分かれる	わかれる	to branch; to fork; to diverge; to separate; to split; to divide	3287	N2	v1
開示	かいじ	release (of information, documents, etc.); disclosure; display; discovery	3288		n
有する	ゆうする	to have; to possess; to own; to be endowed with	3291	N1	vs-s
悪化	あっか	deterioration; getting worse; worsening; aggravation; degeneration; corruption	3292	N1	n
両者	りょうしゃ	pair; the two; both persons; both things	3293		n
拡張	かくちょう	expansion; extension; enlargement; escape; ESC	3295	N2	n
在住	ざいじゅう	residing; living; dwelling	3297		n
選	せん	selection; choice; choosing; picking; election	3299		n
目次	もくじ	table of contents; contents	3300	N2	n
仏教	ぶっきょう	Buddhism	3302		n
引退	いんたい	retirement	3303	N3	n
名称	めいしょう	name; title	3305	N1	n
上位	じょうい	superior (in rank); top; ranking; higher order (e.g. byte)	3306	N1	n
無線	むせん	radio (communication); wireless; not using wires	3308	N1	n
近年	きんねん	recent years	3309		n
文献	ぶんけん	literature; books (reference); document	3310	N2	n
空く	すく	to become less crowded; to thin out; to get empty; to be hungry	3311	N4	v5k
引き続き	ひきつづき	continuously; continually; without a break; next; then; after that	3312		adv
不要	ふよう	unnecessary; unneeded	3313		adj-na
果たして	はたして	as was expected; just as one thought; sure enough; really; actually; ever	3314	N2	adv
就任	しゅうにん	assumption (of office); taking up (a post); inauguration; installation	3315	N2	n
椅子	いす	chair; seat; stool; bench; post; position; office	3316	N5	n
５日	いつか	5th day of the month; five days	3317	N5	n
上回る	うわまわる	to exceed (esp. figures: profits, unemployment rate, etc.); to surpass; to be more than; to be better than	3318	N1	v5r
有利	ゆうり	advantageous; favourable; better; stronger; profitable; lucrative; gainful; paying	3319	N3	adj-na
出現	しゅつげん	appearance; emergence; advent; arrival; showing up; coming to existence	3320		n
感心	かんしん	admiration; being impressed; admirable; praiseworthy	3322	N3	n
連中	れんちゅう	company; lot; people; bunch; gang; pack; guys; group; folks; troupe; company (of musicians)	3323	N1	n
心から	こころから	from the bottom of one's heart; heartily; sincerely	3325		adv
魔法	まほう	magic; witchcraft; sorcery; spell	3326		n
出産	しゅっさん	childbirth; (giving) birth; delivery; parturition; production (of goods)	3328	N1	n
家具	かぐ	furniture	3329	N3	n
課税	かぜい	taxation	3330	N2	n
関東	かんとう	Kantō (region comprising Tokyo and surrounding prefectures); Kantō (eastern half of Japan; during the feudal era)	3331	N2	n
業績	ぎょうせき	achievement; performance; results; work; contribution	3334	N1	n
車両	しゃりょう	(wheeled) vehicle; car; (railroad) car; (railway) carriage; rolling stock	3336		n
不可欠	ふかけつ	indispensable; essential	3337	N1	adj-na
関与	かんよ	participation; taking part in; participating in; being concerned in	3338	N1	n
月曜日	げつようび	Monday	3339	N5	n
得	とく	profit; advantage; benefit; gain; rebirth in paradise, entering nirvana	3340		adj-na
中学生	ちゅうがくせい	junior high school student; middle school pupil	3342		n
西洋	せいよう	the West; the Occident; Western countries	3346	N4	n
外す	はずす	to remove; to take off; to detach; to unfasten; to undo; to drop (e.g. from a team); to remove (from a position); to exclude; to expel	3348	N3	v5s
九州	きゅうしゅう	Kyūshū (southernmost of the four main islands of Japan)	3350		n
同時	どうじ	same time; simultaneous; concurrent; synchronous	3352	N3	n
思わず	おもわず	unconsciously; involuntarily; instinctively; reflexively; spontaneously; unintentionally; in spite of oneself	3355	N3	adv
真面目	まじめ	serious; earnest; sober; grave; honest; sincere	3356	N4	adj-na
学科	がっか	subject (of study); course of study; department (of a university)	3359	N2	n
衛生	えいせい	hygiene; sanitation; cleanliness; health; toilet; restroom; bathroom	3360	N1	n
中学校	ちゅうがっこう	junior high school; middle school; lower secondary school	3361	N4	n
大勢	おおぜい	crowd of people; great number of people; in great numbers	3362	N5	n
債務	さいむ	debt; liabilities; obligation to a person or party (usu. legal or contractual)	3365		n
断る	ことわる	to refuse; to reject; to dismiss; to turn down; to decline; to inform; to give notice; to ask in advance (and get approval); to get permission	3366	N3	v5r
同僚	どうりょう	coworker; co-worker; colleague; associate	3367	N3	n
持てる	もてる	to be able to possess (hold, get, etc.); to be well liked; to be popular; to be pampered (spoiled, doted upon, etc.); to be welcomed	3368	N1	v1
愛情	あいじょう	love; affection	3372	N3	n
余計	よけい	extra; more; too much; too many; excessive; superfluous; spare; surplus; unnecessary; needless; uncalled-for; unwanted; uninvited	3374	N2	adj-na
起動	きどう	startup; booting up; activation; starting (e.g. engine, computer); launch	3376		n
一見	いっけん	look; glimpse; glance; apparently; seemingly; at first glance; on the face of it	3377		n
配る	くばる	to distribute; to hand out; to deliver; to deal out; to serve out; to allot; to allocate; to place (staff, soldiers, etc.); to station	3379	N2	v5r
電源	でんげん	source of electricity; electrical power; power (button on TV, etc.)	3381	N1	n
疑い	うたがい	doubt; question; uncertainty; skepticism; scepticism; suspicion; distrust	3384		n
少数	しょうすう	small number; few; minority	3385	N1	n
署名	しょめい	signature; autograph	3386	N3	n
回避	かいひ	evasion; avoidance; recusal (of a judge)	3387		n
知り合い	しりあい	acquaintance	3388	N2	n
金持ち	かねもち	rich person; wealthy person	3389	N4	n
弁当	べんとう	bento; Japanese box lunch	3390	N3	n
格好	かっこう	shape; form; figure; posture; pose; appearance; style	3393	N4	n
平等	びょうどう	equality; impartiality; evenness	3395	N3	n
決断	けつだん	decision; determination	3399	N1	n
対抗	たいこう	opposition; rivalry; competition; antagonism	3400	N1	n
球	きゅう	sphere; globe; ball; bulb	3401	N3	n
行使	こうし	use; exercise (of one's right, authority, power, etc.)	3402		n
抑制	よくせい	control; restraint; suppression; constraint; curtailment; inhibition; check; curb	3403	N1	n
該当	がいとう	corresponding to; being applicable to; being relevant to; coming under; falling under; fulfilling (requirements); meeting (conditions); qualifying for	3405	N1	n
一連	いちれん	series; chain; sequence; two reams (i.e. 1000 sheets of paper)	3406	N1	n
認知	にんち	acknowledgement; acknowledgment; recognition; cognition	3407		n
衛星	えいせい	(natural) satellite; moon; (artificial) satellite	3408	N3	n
要	かなめ	pivot; vital point; cornerstone; keystone	3409		n
証人	しょうにん	witness	3412	N1	n
今や	いまや	now (esp. in contrast to the past); now at last; at present; right now	3413		adv
通過	つうか	passing through (a tunnel, station, town, etc.); passing by (e.g. of a typhoon); transit; passage (of a bill, e.g. through parliament); carriage	3418	N3	n
他者	たしゃ	another person; others	3419		n
現金	げんきん	cash; ready money; money on hand; currency; mercenary; self-interested; calculating	3420	N3	n
通う	かよう	to go to and from (a place); to go back and forth between; to run between (e.g. bus, train, etc.); to ply between; to go to (school, work, etc.); to attend; to commute; to frequent	3421	N4	v5u
経由	けいゆ	going through; going via; going by way of	3423	N3	n
勝ち	かち	win; victory	3424	N3	n
透明	とうめい	transparent; clear	3425	N2	adj-na
映る	うつる	to be reflected; to harmonize with (harmonise); to come out (photo); to be projected; to be displayed (on a screen)	3426	N2	v5r
支部	しぶ	branch; branch office; subdivision	3427		n
自社	じしゃ	one's company; company one works for; in-house; belonging to the company	3430		n
一層	いっそう	even more; still more; all the more; more than ever; one layer	3431	N3	adv
親子	おやこ	parent and child	3432		n
期限	きげん	term; period; time frame; time limit; deadline; cutoff (date)	3433	N2	n
新鮮	しんせん	fresh	3434	N3	adj-na
農民	のうみん	farmer; peasant	3435	N3	n
違和感	いわかん	uncomfortable feeling; feeling out of place; sense of discomfort; malaise; physical unease	3436		n
引っ張る	ひっぱる	to pull; to draw; to pull tight; to string (lines); to run (cable); to stretch	3437	N3	v5r
やる気	やるき	will (to do something); drive; motivation; enthusiasm; eagerness	3438		n
警告	けいこく	warning; caution; admonition; keikoku (penalty in judo)	3439	N3	n
応える	こたえる	to respond; to answer; to meet (e.g. demands, expectations); to affect; to take a toll; to strike home; to have an effect on; to be hard on someone (e.g. heat, cold, work, illness, etc.); to be a strain	3442		v1
地下鉄	ちかてつ	subway; metro; underground (railway)	3443	N5	n
世論	よろん	public opinion; popular voice; public sentiment; consensus	3444	N1	n
通訳	つうやく	interpretation (i.e. oral translation); interpreter	3445	N2	n
放つ	はなつ	to fire (gun, arrow, questions, etc.); to shoot; to hit (e.g. baseball); to break wind; to set free; to release; to let loose	3446		v5t
指数	しすう	index; index number; indicator; exponent	3448		n
野	の	field; plain; hidden interior part (of a structure or object)	3449	N3	n
吸収	きゅうしゅう	absorption; suction; attraction	3452	N3	n
以後	いご	after this; from now on; hereafter; thereafter; since (then); after	3453	N2	n
収穫	しゅうかく	harvest; crop; ingathering; fruits (of one's labors); gain; result; returns	3456	N3	n
肉体	にくたい	the body; the flesh; the outer man; one's physique	3461	N1	n
上場	じょうじょう	listing (on the stock exchange, etc.); taking (a company) public; performance (of a play, opera, etc.); staging; presentation	3462		n
機種	きしゅ	model (of machine, device); model of aircraft; type of aircraft	3463		n
投入	とうにゅう	throwing in; inserting; depositing (e.g. a ballot); investment; commitment (of funds, personnel, etc.); injection; infusion	3466	N1	n
一貫	いっかん	consistency; coherence; integration; one kan (approx. 3.75 kg)	3467		n
俳優	はいゆう	actor; actress; player; performer	3468	N3	n
先頭	せんとう	head (of a line, group, etc.); front; lead; forefront; vanguard	3469	N2	n
背中	せなか	back (of the body)	3473	N4	n
次元	じげん	dimension; perspective; point of reference; level (of something)	3475		n
化粧	けしょう	make-up; makeup; cosmetics; decoration; dressing; veneer	3477	N3	n
装備	そうび	equipment	3482	N1	n
物事	ものごと	things; everything	3483	N3	n
大分	だいぶ	considerably; greatly; a lot	3486	N4	adv
同盟	どうめい	alliance; union; league	3490	N1	n
玄関	げんかん	entrance; front door; entryway; entranceway; entry hall; vestibule; porch; foyer; mud room	3491	N5	n
委託	いたく	entrusting (something to a person); consignment (of goods); putting in someone's charge; trust; commission	3495	N1	n
昼食	ちゅうしょく	lunch; midday meal	3499	N3	n
光景	こうけい	scene; spectacle; sight; view	3500	N3	n
入場	にゅうじょう	entrance; entering; admission; admittance	3502	N3	n
救済	きゅうさい	relief; aid; help; rescue; (religious) salvation; (Christian) grace	3503	N1	n
記入	きにゅう	entry (in a form, register, diary, etc.); filling in; filling out	3504	N3	n
参拝	さんぱい	going and worshipping (at a shrine or temple); visit (to a shrine or temple to worship)	3506		n
話し合い	はなしあい	discussion; talk; tête-à-tête; conference	3507	N2	n
補償	ほしょう	compensation; reparation	3508	N1	n
国籍	こくせき	nationality; citizenship; nationality (ship, airplane, etc.); registration; flag	3510	N2	n
重なる	かさなる	to be piled up; to lie on top of one another; to come one after another; to happen over and over; to pile up (e.g. stress); to accumulate	3511	N2	v5r
絵本	えほん	picture book	3513		n
共感	きょうかん	sympathy; empathy; response; identification (with someone)	3514	N1	n
日曜	にちよう	Sunday	3515	N3	n
何人	なんにん	how many people; a number of people	3516		n
国境	こっきょう	border (between countries); national border	3518	N3	n
申し込み	もうしこみ	application; entry; request; subscription; offer; proposal; overture; challenge	3520	N1	n
工学	こうがく	engineering	3521	N1	n
手元	てもと	at hand; on hand; nearby; close at hand; way of moving one's arms; skill	3523	N1	adv
芸能	げいのう	public entertainment; performing arts; accomplishments; attainments	3525	N2	n
典型	てんけい	type; pattern; model; epitome; exemplar; archetype; perfect example	3528	N3	n
双方	そうほう	both parties; both sides	3529		n
後者	こうしゃ	the latter; the second; successor; descendant	3531	N3	n
観戦	かんせん	watching a (sports) game; spectating; observing (military operations)	3532		n
在日	ざいにち	resident in Japan (of a foreigner); situated in Japan (e.g. of an embassy); Zainichi; Zainichi Korean; North or South Korean national with permanent residency in Japan (who came to the country before 1945, or a descendant of such a person)	3533		adj-f
静岡	しずおか	Shizuoka (city, prefecture)	3534		n
養成	ようせい	training; education; development; cultivation	3535	N1	n
現役	げんえき	active duty; active service; student taking (university) entrance exams while still enrolled in school; student who passed their university entrance exams on the first try	3536		n
再現	さいげん	reappearance; reemergence; return; revival; reproduction; reenactment; recreation	3538	N1	n
心臓	しんぞう	heart; guts; nerve; cheek; gall; spine	3539	N3	n
女優	じょゆう	actress; female actor	3542	N3	n
権威	けんい	authority; power; influence; prestige; (an) authority (on); expert	3544	N1	n
保育	ほいく	nurturing; rearing; childcare; day care	3549	N1	n
別れる	わかれる	to part (usu. of people); to part from; to part with; to be apart from; to separate (of a couple); to break up; to divorce	3550	N4	v1
税制	ぜいせい	tax system	3553		n
本社	ほんしゃ	head office; main office; headquarters; parent company; main shrine	3554		n
実用	じつよう	practical use; utility	3556	N2	n
制約	せいやく	limitation; restriction; condition; constraints	3557	N1	n
演劇	えんげき	drama; theatre; theater; play	3558	N2	n
人種	じんしゅ	race (of people); type of person	3559	N3	n
条例	じょうれい	regulations; rules; (local) regulation; ordinance; bylaw; law	3560		n
有料	ゆうりょう	fee-charging; paid; not free; toll road	3561	N2	adj-no
判定	はんてい	judgement; judgment; decision; ruling; finding; adjudication; verdict; call	3562	N1	n
住まい	すまい	dwelling; house; residence; address; living; life	3563	N2	n
順位	じゅんい	order; rank; position (e.g. in a race); precedence	3566		n
急速	きゅうそく	rapid (e.g. progress)	3567	N3	adj-na
可	か	acceptable; satisfactory; allowed; permitted; approval; being in favour; (a) vote in favour; aye	3571	N3	n
朝食	ちょうしょく	breakfast	3574		n
独占	どくせん	monopoly; monopolization; exclusivity; hogging; keeping to oneself	3575	N1	n
輸送	ゆそう	transport; transportation; transit; conveyance	3577	N2	n
高等	こうとう	high class; high grade	3578	N2	adj-na
天然	てんねん	nature; spontaneity; natural airhead	3580	N3	n
下手	したて	humble position; inferior; underarm grip on opponent's belt	3581		n
知人	ちじん	friend; acquaintance	3582	N2	n
向き	むき	direction; orientation; aspect; exposure; suited to; suitable for; designed for	3587	N1	n
言及	げんきゅう	reference; allusion	3588		n
大学生	だいがくせい	university student; college student	3590	N4	n
提言	ていげん	proposal; motion; recommendation	3591		n
自慢	じまん	pride (in one's achievements, possessions, etc.); self-praise; boast	3592	N3	n
人形	にんぎょう	doll; puppet; marionette; puppet (person under the control of another); straw man; yes-man	3593	N4	n
銀	ぎん	silver (Ag); silver (color)	3595	N3	n
望ましい	のぞましい	desirable; hoped for; preferable; advisable	3596	N1	adj-i
不当	ふとう	unfair; unjust; wrongful; improper; unreasonable; unwarranted; unjustified; undeserved; undue	3597	N1	adj-na
訪ねる	たずねる	to visit; to call on; to pay a visit to	3598	N4	v1
持ち込む	もちこむ	to bring in; to take in; to carry in; to approach (someone) with (a proposal, offer, problem, etc.); to bring; to lodge (a complaint); to propose (e.g. a project)	3599		v5m
間に合う	まにあう	to be in time (for); to serve (suit, meet) the purpose; to be good enough; to be enough; to manage; to make do	3600	N4	v5u
展望	てんぼう	view; outlook; prospect	3602	N1	n
国語	こくご	national language; Japanese language (esp. as a school subject in Japan)	3605	N3	n
職人	しょくにん	craftsman; artisan; tradesman; worker; workman	3606	N2	n
試みる	こころみる	to try; to attempt; to have a go (at)	3607	N1	v1
焦点	しょうてん	focus; focal point; focus (of attention, a discussion, etc.); point at issue; central point	3608	N2	n
総額	そうがく	total amount (of money); total sum; sum total	3609		n
食料	しょくりょう	food	3610	N3	n
この辺	このへん	this area; around here; this point; this much; this extent	3615		n
増大	ぞうだい	enlargement; increase	3620	N2	n
闘争	とうそう	fight; battle; combat; conflict; struggle (for rights, higher wages, etc.); strife; (labor) dispute; strike	3621		n
相対	あいたい	involving only the parties concerned; tete-a-tete	3623	N1	n
当選	とうせん	being elected; winning a prize (in a lottery, raffle, etc.); being selected (for a prize, etc.)	3624	N1	n
日中	にっちゅう	daytime; during the day; Japan and China; Japanese-Chinese; Sino-Japanese	3626	N3	n
預金	よきん	deposit; bank account	3627	N1	n
組み合わせ	くみあわせ	combination; assortment; set; matching (in a contest); pairing	3631	N2	n
金属	きんぞく	metal	3632	N3	n
評判	ひょうばん	reputation; (public) estimation; popularity; rumour; rumor; talk (e.g. of the town)	3634	N3	n
共産党	きょうさんとう	Communist Party	3637		n
前年	ぜんねん	the preceding year; the previous year; last year	3639		n
給付	きゅうふ	provision (of money or goods); furnishing; conferral; payment; delivery; benefit	3640		n
主演	しゅえん	starring (in a film, play, etc.); playing the leading part	3641	N1	n
如何にも	いかにも	indeed; really; truly; just (like); very; extremely; totally; terribly	3642	N1	adv
編成	へんせい	composition; formation; organization; organisation; compilation	3643		n
松	まつ	pine tree (Pinus spp.); highest (of a three-tier ranking system)	3644	N3	n
証言	しょうげん	testimony; (verbal) evidence	3645	N1	n
提起	ていき	raising (a question); posing (a problem); bringing up (an issue); presenting; instituting (a lawsuit); lodging; filing (a claim); submitting (a case)	3647		n
実務	じつむ	(practical) business; business practice; business affairs; (actual) work	3648		n
提携	ていけい	cooperation; tie-up; joint business; partnership; alliance; sponsorship	3650	N1	n
損失	そんしつ	loss (of assets, profit, etc.)	3651	N1	n
早期	そうき	early stage	3652		n
手当	てあて	salary; pay; compensation; allowance (e.g. housing allowance); benefit; bonus; medical care; treatment	3654	N1	n
結びつく	むすびつく	to be related; to be connected; to be joined together; to result in; to lead to; to bring about	3660	N1	v5k
分割	ぶんかつ	partition; division; separation; segmenting; splitting	3661		n
判明	はんめい	establishing; proving; ascertaining; identifying; confirming	3662		n
健全	けんぜん	healthy; sound; wholesome	3663	N1	adj-na
半ば	なかば	middle; halfway; midway; half (of); one half	3664	N3	n
持続	じぞく	continuation; persisting; lasting; sustaining; enduring	3666	N1	n
結婚式	けっこんしき	marriage ceremony; wedding; nuptials	3667		n
弁護	べんご	defense; defence; pleading; advocacy	3668	N1	n
妥当	だとう	valid; proper; right; appropriate; reasonable	3669	N2	adj-na
相応しい	ふさわしい	appropriate; adequate; suitable; fitting; worthy	3672	N1	adj-i
鑑賞	かんしょう	appreciation (of art, music, poetry, etc.)	3675	N2	n
評論	ひょうろん	criticism; critique; review; comment; critical essay	3678	N2	n
臨時	りんじ	temporary; provisional; interim; special; extraordinary; extra	3681	N2	adj-no
拠点	きょてん	base (of operations); site; location; center; foothold; stronghold; (strategic) position	3682		n
二人	ふたり	two persons; two people; pair; couple	3686	N5	n
会合	かいごう	meeting; assembly; gathering; association	3688	N3	n
話し合う	はなしあう	to discuss; to talk together	3691	N3	v5u
論議	ろんぎ	discussion; argument; debate	3692	N1	n
座長	ざちょう	chairman; leader of a troupe; proprietor of a theatrical company	3695		n
深める	ふかめる	to deepen; to heighten; to intensify	3698	N1	v1
動機	どうき	motive; incentive; motif	3701	N1	n
妄想	もうそう	delusion; wild idea; (wild) fancy; (ridiculous) fantasy	3702		n
働き	はたらき	work; labor; labour; achievement; performance; ability; talent	3705	N3	n
試み	こころみ	attempt; trial; experiment; endeavour (endeavor); effort; venture; initiative	3708	N1	n
論じる	ろんじる	to discuss; to talk about; to deal with (a topic); to argue; to dispute	3709	N3	v1
加盟	かめい	joining (an association, agreement, etc.); participation; affiliation; accession	3710		n
呼びかける	よびかける	to call out to; to hail; to address; to appeal (e.g. to the public); to urge; to exhort; to advise	3714	N2	v1
美容	びよう	beauty; good figure; (beautiful) appearance; (beautiful) features; beautification; beauty treatment; beauty culture; cosmetics	3716	N2	n
保全	ほぜん	preservation; conservation; maintenance; integrity	3720		n
演説	えんぜつ	speech; address	3722	N3	n
衆議院	しゅうぎいん	House of Representatives (lower house of the National Diet of Japan)	3723	N1	n
中国語	ちゅうごくご	Chinese (language)	3724		n
実情	じつじょう	real condition; actual circumstances; actual state of affairs	3728	N1	n
取り出す	とりだす	to take out; to produce; to pick out; to fetch; to retrieve	3730	N2	v5s
運転手	うんてんしゅ	driver; chauffeur	3731	N4	n
徹底的	てっていてき	thorough; exhaustive; complete	3733		adj-na
窓口	まどぐち	counter; window; teller window; ticket window; contact person; point of contact	3735	N2	n
打ち合わせ	うちあわせ	(preparatory) meeting; briefing session; (making) advance arrangements; overlap (of a coat, etc.)	3736	N2	n
被る	かぶる	to put on (one's head); to wear; to have on; to pull over (one's head); to crown (oneself); to be covered with (dust, snow, etc.); to pour (water, etc.) on oneself; to dash on oneself; to ship water	3738	N3	v5r
お菓子	おかし	confections; sweets; candy; cake	3742	N5	n
得点	とくてん	scoring; score; points made; marks obtained; goals; runs	3744	N1	n
立法	りっぽう	(enactment of) legislation; lawmaking; legislative	3746	N1	n
真ん中	まんなか	middle; centre; center; midpoint; heart	3747	N4	n
成分	せいぶん	ingredient; component; composition	3750	N2	n
国債	こくさい	national debt; national securities; government bonds; government securities	3752		n
取り分け	とりわけ	especially; particularly; above all; portioning out (servings of food)	3753	N1	adv
手順	てじゅん	process; procedure; sequence; protocol; instruction	3756	N1	n
本文	ほんぶん	text (of a book, document, etc.); body (of a letter); this passage; this sentence	3757	N1	n
求人	きゅうじん	recruiting; job offer; job vacancy	3758		n
財務	ざいむ	financial affairs	3762		n
反発	はんぱつ	opposition; rebellion; revolt; resistance; backlash; refusal; rebounding; recoiling; repulsion	3765	N1	n
放映	ほうえい	televising; broadcasting; airing	3770		n
支給	しきゅう	provision; supply; payment; allowance; grant	3772	N3	n
予め	あらかじめ	beforehand; in advance; ahead of time; previously	3774	N1	adv
遺産	いさん	inheritance; bequest; legacy; heritage	3775		n
招待	しょうたい	invitation	3777	N4	n
第三者	だいさんしゃ	third party; third person; outsider; disinterested person	3778		n
無くなる	なくなる	to be lost (e.g. luggage); to be missing; to be used up; to be run out; to be exhausted; to be consumed; to be reduced to zero; to not occur any more	3779	N4	v5r
神話	しんわ	myth; mythology	3780	N2	n
視線	しせん	one's line of sight; one's gaze; one's eyes (looking); glance; gaze; look	3781		n
予選	よせん	preliminary contest; qualifying round; trial; heat; preliminary selection; screening (e.g. of applicants); provisional election; primary	3782		n
解明	かいめい	elucidation; explication; explaining; unravelling; clarification; understanding	3783		n
収支	しゅうし	income and expenditure	3784	N1	n
前向き	まえむき	front-facing; forward-looking; positive; constructive	3787		adj-na
今夜	こんや	this evening; tonight	3789	N4	n
活発	かっぱつ	lively; active; vigorous; animated; brisk	3792	N1	adj-na
立ち上がる	たちあがる	to stand up; to get up; to rise (to one's feet); to recover; to regain one's energy; to rise	3793	N3	v5r
容量	ようりょう	capacity; volume; capacitance	3795		n
告げる	つげる	to tell; to inform; to announce; to indicate; to signal; to mark	3796	N1	v1
基金	ききん	fund; foundation	3797	N1	n
要る	いる	to be needed; to be necessary; to be required; to be wanted; to need; to want	3799	N5	v5r
修行	しゅぎょう	training; practice; discipline; study; ascetic practices	3800	N1	n
売却	ばいきゃく	selling off; disposal by sale; sale	3801		n
飛行	ひこう	flight; flying; aviation	3802	N3	n
警備	けいび	defense; defence; guard; policing; security	3804	N2	n
余地	よち	place; room; margin; scope	3806	N1	n
膨大	ぼうだい	huge; vast; enormous; colossal; extensive; large; swelling; expansion	3807	N2	adj-na
発送	はっそう	sending; forwarding; shipping	3808		n
不安定	ふあんてい	instability; insecurity; crankiness	3811		adj-na
送料	そうりょう	postage; carriage; shipping charge	3812	N2	n
民事	みんじ	civil affairs; civil case	3815		n
規格	きかく	standard; norm	3816	N1	n
潜在	せんざい	potentiality; dormancy; latency	3817		n
景色	けしき	scenery; scene; landscape	3818	N4	n
弊社	へいしゃ	our company; our firm	3819		n
配分	はいぶん	distribution; allotment	3821	N1	n
店長	てんちょう	shop manager	3822		n
長崎	ながさき	Nagasaki (city, prefecture)	3823		n
見守る	みまもる	to watch over; to keep watch over; to keep an eye on; to watch intently; to stare; to gaze; to watch (and see what happens); to follow	3824		v5r
国土	こくど	country; territory; domain; realm	3825	N1	n
擁護	ようご	protection; defence; support; safeguarding; championship; vindication	3830		n
自動的	じどうてき	automatic	3833		adj-na
都会	とかい	city; Tokyo Metropolitan Assembly	3834	N3	n
仙台	せんだい	Sendai (city in Miyagi)	3838		n
交代	こうたい	change; alternation; rotation; replacement; substitution; shift; relief; taking turns	3842	N2	n
下落	げらく	depreciation; decline; fall; slump	3844		n
不味い	まずい	bad(-tasting); unpalatable; unsavoury; unsavory; awful; terrible; unpleasant; poor; unskillful; unskilful; bungling; clumsy	3845	N5	adj-i
受け止める	うけとめる	to catch; to stop the blow; to react to; to take (advice, etc.); to accept; to come to grips with	3846	N1	v1
引き起こす	ひきおこす	to cause; to induce; to bring about; to provoke; to pull upright; to help up (e.g. a fallen person)	3847	N1	v5s
訂正	ていせい	correction; revision; amendment	3848	N1	n
回数	かいすう	number of times; frequency; count	3849	N2	n
作り出す	つくりだす	to manufacture; to produce; to raise (crops); to invent; to dream up; to create	3852		v5s
確かめる	たしかめる	to make sure; to check; to ascertain; to confirm; to verify	3853	N3	v1
見なす	みなす	to regard (as); to consider (to be); to deem; to look upon (as); to think of (as)	3857		v5s
寄付	きふ	contribution; donation	3858	N3	n
先行	せんこう	going ahead; going first; preceding; coming before; being ahead (e.g. of the times); occurring first; happening prior	3861	N1	n
表紙	ひょうし	cover (of a book, magazine, etc.); binding; to appear on the cover of a magazine	3862	N2	n
中継	ちゅうけい	relay; hook-up; relay broadcasting	3865	N1	n
保持	ほじ	retention; maintenance; preservation	3866		n
視覚	しかく	(sense of) sight; eyesight; vision	3868	N1	n
工作	こうさく	handicraft; work; construction; manufacturing	3869	N1	n
地獄	じごく	hell realm; Naraka; Hell	3870	N1	n
大陸	たいりく	continent; continental Asia (esp. mainland China)	3871	N3	n
看護	かんご	nursing; (army) nurse	3873	N1	n
無し	なし	without; unacceptable; not alright; unsatisfactory	3874	N3	n
角度	かくど	angle	3876	N2	n
控訴	こうそ	appeal to a higher court; intermediate appeal	3877		n
勘違い	かんちがい	misunderstanding; mistaken idea; wrong guess	3878	N2	n
端末	たんまつ	terminal; computer terminal; information access device (smartphone, tablet, book-reader, etc.)	3879		n
定着	ていちゃく	sticking (in one place, position, etc.); settling; fixing; adherence; becoming established (of a custom, system, etc.); taking hold; taking root	3882		n
必然	ひつぜん	inevitable; necessary; certain; sure; inevitability; necessity	3883	N1	adj-no
後悔	こうかい	regret; repentance; remorse	3888	N1	n
出力	しゅつりょく	output (electrical, signal, etc.)	3889		n
指標	しひょう	index; indices; indicator	3890		n
見た目	みため	appearance; look	3892		n
脚本	きゃくほん	script; screenplay; scenario	3893	N1	n
順番	じゅんばん	order; turn	3895	N3	n
疑惑	ぎわく	doubt; misgivings; distrust; suspicion	3896	N1	n
応答	おうとう	reply; answer; response	3898		n
語学	ごがく	study of foreign languages; linguistics	3899	N3	n
録画	ろくが	(video) recording	3902		n
記号	きごう	sign; symbol; mark	3907	N2	n
再建	さいけん	rebuilding; reconstruction; rehabilitation; protoform reconstruction	3908	N1	n
代替	だいたい	substitution; alternative; substitute	3911		n
電波	でんぱ	radio wave; reception; signal; saying strange things	3914	N2	n
大抵	たいてい	mostly; ordinarily; usually; generally; probably	3915	N4	adj-na
生成	せいせい	creation; generation; formation; derivation	3917		n
時には	ときには	at times; occasionally	3919		exp
表記	ひょうき	expression in writing; written representation; notation; transcription; orthography; writing on the surface (e.g. an address on an envelope); inscribing on the face	3921		n
新人	しんじん	newcomer; new figure; new member; recruit; rookie; new talent; new star; modern humans (from Cro-Magnon man onwards); Homo sapiens	3922	N1	n
情熱	じょうねつ	passion; enthusiasm; zeal	3923	N1	n
昨夜	ゆうべ	last night; yesterday evening	3924	N5	n
私的	してき	private; personal	3925		adj-na
正解	せいかい	correct answer; right solution; correct interpretation; right decision; right choice; appropriate judgement	3926	N1	n
次第に	しだいに	gradually; by degrees; little by little; bit by bit	3927		adv
殺害	さつがい	killing; murder	3928		n
カ国	かこく	counter for countries	3929		ctr
親切	しんせつ	kind; gentle; considerate; generous; friendly; nice	3930	N4	adj-na
冗談	じょうだん	joke; jest; funny story	3931	N3	n
昼間	ひるま	daytime; during the day; time from sunrise until sunset; diurnal period	3932	N4	n
絵画	かいが	painting; picture	3934	N3	n
対戦	たいせん	fighting (against); taking on (an opponent); facing; confronting; competing (with); battle; fight; contest; match	3936		n
来日	らいにち	coming to Japan; visit to Japan; arrival in Japan	3937	N2	n
循環	じゅんかん	circulation; rotation; cycle; loop	3938	N2	n
小型	こがた	small-sized; small-scale; miniature; small; little; tiny	3941		adj-no
海岸	かいがん	seashore; coast; seaside; waterfront; beach	3944	N4	n
取り戻す	とりもどす	to take back; to get back; to regain; to recover; to restore; to recoup	3945	N1	v5s
視野	しや	field of vision; view; one's outlook (e.g. on life); one's horizons	3947	N1	n
天井	てんじょう	ceiling; ceiling price; (price) ceiling	3948	N1	n
与党	よとう	ruling party; government party; party in power; government	3949	N1	n
通販	つうはん	online shopping; e-commerce; mail order	3951		n
中華	ちゅうか	China; Chinese food	3952		n
治安	ちあん	public order; public peace; public security; law and order	3955	N1	n
認証	にんしょう	certification; attestation; authentication; confirmation; Imperial attestation	3956		n
論点	ろんてん	point in question (at issue)	3957		n
申告	しんこく	report; return (e.g. tax); statement; declaration; notification; filing	3958	N1	n
労働省	ろうどうしょう	Ministry of Labour (now Ministry of Health, Labour and Welfare)	3960		n
出荷	しゅっか	shipping; shipment; forwarding; sending (goods); delivery	3961		n
順調	じゅんちょう	favourable; favorable; doing well; OK; all right	3962	N3	adj-na
官房	かんぼう	government secretariat	3964		n
下位	かい	low rank; lower position; subordinate position; lower order (e.g. byte)	3966	N1	n
付き合い	つきあい	association; socializing; socialising; fellowship	3970	N3	n
補足	ほそく	supplement; complement	3972	N1	n
小売	こうり	retail	3973	N1	n
撤退	てったい	evacuation; withdrawal; revocation; repeal; retreat	3974		n
当面	とうめん	current; urgent; pressing; impending; to confront (an issue); to face (up to something)	3978		adj-no
創設	そうせつ	establishment; founding; organization; organisation	3979		n
やり取り	やりとり	giving and taking; exchange (of letters); arguing back and forth; (conversational) exchange	3980		n
到達	とうたつ	reaching; attaining; arrival	3985	N1	n
軍隊	ぐんたい	armed forces; military; troops	3986	N3	n
勧告	かんこく	advice; counsel; remonstrance; recommendation	3987	N1	n
若しも	もしも	if; in case; supposing	3988	N3	adv
死者	ししゃ	dead person; (the) deceased; (the) dead; casualties	3989		n
討論	とうろん	debate; discussion	3995	N1	n
英会話	えいかいわ	English conversation; school for English conversation	3996		n
放棄	ほうき	abandonment; renouncement; renunciation; resignation; abdication; surrender; relinquishing; waiving; giving up	4000	N1	n
手間	てま	time; labour; labor	4003	N3	n
究極	きゅうきょく	ultimate; final; last; eventual	4004	N1	adj-no
人民	じんみん	the people; citizens; the populace	4005	N1	n
強烈	きょうれつ	strong; intense; severe	4007	N1	adj-na
本番	ほんばん	performance (as opposed to practice); going before an audience or on-air; take; game; match	4010		n
数える	かぞえる	to count; to enumerate	4011	N3	v1
体質	たいしつ	constitution (physical); physical make-up; predisposition (to disease); disposition; tendency; character (of a group, organization, etc.); innate characteristics; make-up; nature; culture	4013		n
正面	しょうめん	front; frontage; facade; main	4014	N2	n
地帯	ちたい	zone; area; belt; region	4015	N2	n
新幹線	しんかんせん	Shinkansen; bullet train	4018	N2	n
南部	なんぶ	southern part; the south (of a region)	4019		n
収める	おさめる	to put (into); to put away (in); to put back (in); to keep (in); to store (in); to restore (to its place); to include (in an anthology, catalogue, etc.); to contain; to publish (in); to capture (on film)	4020	N3	v1
天使	てんし	angel	4021		n
役所	やくしょ	government office; public office	4025	N2	n
定価	ていか	list price; regular price; established price	4026	N2	n
本屋	ほんや	bookstore; bookshop; publisher	4027		n
描写	びょうしゃ	depiction; description; portrayal	4028	N1	n
行方	ゆくえ	(one's) whereabouts; destination; where one is headed	4031		n
土産	みやげ	local specialty or souvenir bought as a gift while travelling; present brought by a visitor	4033	N3	n
批評	ひひょう	criticism; critique; review; commentary	4037	N3	n
注ぐ	そそぐ	to pour (into); to sprinkle on (from above); to water (e.g. plants); to pour onto; to spray	4038	N3	v5g
論争	ろんそう	dispute; controversy; debate; argument; taking issue	4041	N3	n
図書	としょ	books	4043	N3	n
関	せき	barrier; gate; seki; mutual life	4046		n
何故か	なぜか	somehow; for some reason; without knowing why	4049		adv
別れ	わかれ	parting; separation; farewell	4050	N3	n
にも関わらず	にもかかわらず	in spite of; despite; although; nonetheless; nevertheless; but; (and) yet	4052	N1	exp
長男	ちょうなん	eldest son (may be the only son); first-born son	4054	N2	n
好評	こうひょう	favorable reception; good reputation; popularity	4055	N1	n
参入	さんにゅう	entering (the marketplace); introducing (something) to the market; access; visiting a high-class or noble individual	4058		n
幻想	げんそう	fantasy; illusion; vision; dream	4059		n
例える	たとえる	to compare (something) to; to liken; to speak figuratively; to use a simile; to use a metaphor	4060	N2	v1
学年	がくねん	academic year; school year; year in school; grade in school	4061	N2	n
用品	ようひん	articles; supplies (e.g. office supplies); things (for); utensils; goods; equipment	4065	N1	n
革新	かくしん	reform; innovation	4069	N1	n
匿名	とくめい	anonymity; using an assumed name	4071		n
フランス語	フランスご	French (language)	4072		n
偉大	いだい	great; grand; magnificent; outstanding; mighty	4073	N3	adj-na
何より	なにより	above anything else; above all; more than anything; best; greatest; excellent; wonderful; most important	4074	N1	exp
出資	しゅっし	investment; contribution; financing	4075		n
居住	きょじゅう	residence; living (at, in); abode	4079	N1	n
拝見	はいけん	seeing; looking at	4080	N4	n
著書	ちょしょ	(written) work; book; writings	4081	N1	n
抽象	ちゅうしょう	abstraction	4082	N2	n
治る	なおる	to get better; to get well; to recover (from an illness); to be cured; to be restored; to heal	4084	N4	v5r
理	り	reason; principle; logic; general principle (as opposed to individual concrete phenomenon)	4085		n
逆転	ぎゃくてん	reversal (of a situation); turnaround; turnabout; turning the tables; sudden change; comeback; reversal (of direction of rotation)	4088	N1	n
了解	りょうかい	comprehension; consent; understanding; agreement; OK; roger	4090	N1	n
共和	きょうわ	republicanism; cooperation; working together	4094	N1	n
復興	ふっこう	revival; reconstruction; restoration; rebuilding; recovery; renaissance	4095	N1	n
乗り越える	のりこえる	to climb over; to get over; to cross (a mountain); to overcome (a difficulty, obstacle, etc.); to surmount; to get through (an illness, crisis, etc.); to get over (e.g. one's pain)	4097		v1
統制	とうせい	regulation; control	4098	N1	n
幹事	かんじ	executive secretary; coordinator; organizer; person in charge of making arrangements	4099		n
解散	かいさん	breaking up (a meeting, gathering, etc.); dispersal (e.g. of a crowd); dissolution (of a company, organization, etc.); winding-up; disbandment; split-up	4100	N2	n
蔵	くら	warehouse; storehouse; cellar; magazine; granary; godown; depository; treasury; elevator	4102	N1	n
誘導	ゆうどう	guidance; leading; induction; introduction; incitement; inducement	4103	N1	n
文法	ぶんぽう	grammar	4106	N4	n
争い	あらそい	fight; dispute; feud; conflict; struggle; strife; discord; argument; quarrel; controversy; competition; contest; rivalry	4108	N1	n
書評	しょひょう	book review	4110	N1	n
重点	じゅうてん	important point; emphasis; stress; importance; priority; iteration mark	4111	N2	n
単独	たんどく	sole; single; solo; independence; singleness; singularity	4116	N1	adj-no
報じる	ほうじる	to report; to inform; to repay; to return; to requite	4117	N1	v1
年末	ねんまつ	end-of-year; year-end	4118		n
縮小	しゅくしょう	reduction; curtailment; cut; cutback; scaling down; contraction; shrinkage	4123	N2	n
占領	せんりょう	occupying; having (an area) all to oneself; military occupation; possession; capture; seizure	4124	N1	n
枠組み	わくぐみ	frame (physical structure); framework; framework (of a plan, system, etc.); structure; outline	4125		n
規約	きやく	agreement; rules; code; protocol; convention; bylaw	4126	N1	n
不法	ふほう	unlawful; illegal; unreasonable; outrageous; unjust; unwarranted	4129		adj-na
農村	のうそん	agricultural community; farm village; rural	4133	N2	n
進展	しんてん	progress; development	4134	N1	n
日付	ひづけ	date; dating	4136	N3	n
創作	そうさく	creation; production; creative work (novel, film, etc.); original work; (creative) writing; fabrication; fiction; invention	4137	N2	n
武装	ぶそう	arms; armament; taking up arms; arming oneself	4139	N1	n
婦人	ふじん	woman; lady; adult female	4140	N3	n
天国	てんごく	paradise; heaven; Kingdom of Heaven	4141	N1	n
声明	せいめい	declaration; statement; proclamation	4142	N1	n
構う	かまう	to mind; to care about; to be concerned about; to have a regard for; to be an issue; to matter; to create inconvenience	4143	N4	v5u
美人	びじん	beautiful woman; (a) beauty; belle; good-looker	4146	N3	n
難い	かたい	difficult; hard	4150	N1	adj-i
初日	しょにち	first day; opening day	4152		n
下す	くだす	to make a decision; to draw a conclusion; to give a judgement; to hand down a verdict; to pass a sentence; to give an order	4154		v5s
平日	へいじつ	weekday; ordinary days (i.e. non-holiday); kanji radical 73	4155	N2	adv
整える	ととのえる	to put in order; to arrange; to tidy up; to fix; to straighten; to get ready; to prepare; to supply; to assemble; to buy	4158	N1	v1
公社	こうしゃ	public corporation	4159		n
推定	すいてい	presumption; assumption; estimation	4160	N2	n
振動	しんどう	oscillation; vibration; swing (e.g. of a pendulum)	4161	N1	n
回路	かいろ	circuit; cycle (e.g. Krebs cycle)	4163	N1	n
外れる	はずれる	to be disconnected; to get out of place; to be off; to be out (e.g. of gear); to miss the mark; to get it wrong (e.g. guess, expectation); to draw a blank (e.g. lottery)	4164	N2	v1
金銭	きんせん	money; cash	4165	N3	n
由来	ゆらい	origin; source; history; derivation; originally; from the start; by nature	4166		n
東北	とうほく	north-east; Tōhoku (northernmost six prefectures of Honshu); Tohoku	4168		n
孤独	こどく	solitude; loneliness; isolation	4169	N1	n
割引	わりびき	discount; reduction; rebate; tenths discounted; tenths reduced	4173	N2	n
共産	きょうさん	communism; Communist Party	4179	N1	n
策定	さくてい	formulation (of a plan, policy, etc.); decision; settling on	4180		n
最中	さいちゅう	(in) the middle of; (in) the midst of; (in) the course of; (at) the height of	4181	N3	n
出し	だし	dashi; Japanese soup stock made from fish and kelp; pretext; excuse; pretense (pretence); dupe; front man	4182		n
公平	こうへい	fairness; impartiality; justice; objectivity	4183	N3	n
負け	まけ	defeat; loss; losing (a game); failing to live up to (one's name, looks, etc.)	4184	N3	n
分間	ふんかん	minutes (period of)	4188		ctr
現時点	げんじてん	present point (i.e. in history); at the present time	4189		n
助成	じょせい	assisting; assistance; fostering; aiding	4190		n
改造	かいぞう	remodeling; remodelling; reconstruction; conversion; alteration; renovation; modification; reshuffling (e.g. a cabinet); reorganization; restructuring; modding	4196	N2	n
加速	かそく	acceleration; speeding up	4199	N2	n
介入	かいにゅう	intervention	4204	N1	n
要する	ようする	to need; to demand; to take; to require	4205	N1	vs-s
新作	しんさく	new work; new production; new composition; new creation; new title	4207		n
途上	とじょう	on the way; en route; in the process of (development, construction, etc.); in the middle of	4208	N1	n
直	じき	soon; in a moment; before long; shortly; nearby; close	4210	N3	adj-na
欲望	よくぼう	desire; appetite; lust	4211	N1	n
済ませる	すませる	to finish; to make an end of; to get through with; to let end; to make do (with); to manage (with)	4212	N3	v1
区域	くいき	area; zone; district; quarter; section; limits; boundary	4213	N2	n
鑑定	かんてい	judgement; judgment; expert opinion; appraisal	4216		n
保管	ほかん	charge; custody; safekeeping; deposit; storage	4219	N1	n
若手	わかて	young person	4220		n
手伝う	てつだう	to help; to assist; to aid; to contribute to; to be a factor in	4223	N4	v5u
無意識	むいしき	unconsciousness; unconscious; involuntary; automatic; mechanical; unintentional; spontaneous	4225		n
公害	こうがい	pollution; public nuisance; contamination	4228	N2	n
会館	かいかん	meeting hall; assembly hall	4229	N2	n
不十分	ふじゅうぶん	insufficient; inadequate; imperfect	4231		adj-na
映画館	えいがかん	movie theatre; movie theater; cinema	4232	N5	n
事柄	ことがら	matter; thing; affair; circumstance	4233	N1	n
異議	いぎ	objection; dissent; protest	4235	N1	n
法廷	ほうてい	court (of law); courtroom	4236	N1	n
平気	へいき	cool; calm; composed; unconcerned; nonchalant; unmoved; indifferent; all right; fine; OK; okay	4237	N2	adj-na
移住	いじゅう	migration; move; emigration; immigration	4238	N1	n
処置	しょち	measure; step; dealing with; medical treatment	4239	N1	n
留学生	りゅうがくせい	overseas student; exchange student	4241	N5	n
従事	じゅうじ	engaging in (work); pursuing (e.g. studies); following (a profession); being involved in	4242	N1	n
勿体ない	もったいない	wasteful; a waste; too good; more than one deserves; unworthy of	4243	N2	adj-i
敷地	しきち	site; plot; lot; grounds	4245	N2	n
分散	ぶんさん	dispersion; breakup; scattering; decentralization; decentralisation; distribution; variance	4246	N1	n
発足	ほっそく	starting; inauguration; launch; founding; establishment; start-up	4248	N1	n
生姜	しょうが	ginger (Zingiber officinale)	4249		n
突入	とつにゅう	rushing into; breaking into; storming; plunging into (war, etc.); embarking on (a new venture)	4252		n
済みません	すみません	excuse me; pardon me; I'm sorry; I beg your pardon; thank you; you shouldn't have; it's too much	4253	N3	exp
室内	しつない	indoor; inside the room	4254		n
走行	そうこう	running (of a car, bus, etc.); traveling; travelling; running (of a program)	4255	N1	n
議事	ぎじ	proceedings (e.g. parliament, congress); business (of the day)	4257		n
文部	もんぶ	Ministry of Education, Science and Culture (1871-2001)	4258		n
観念	かんねん	idea; notion; concept; conception; sense (e.g. of duty)	4260	N2	n
調べ	しらべ	investigation; inspection; examination; tune; note; melody	4261	N1	n
歌手	かしゅ	singer	4262	N3	n
上下	うえした	top and bottom; up and down; high and low; above and below; upper and lower ends; upside-down	4264	N1	n
学術	がくじゅつ	science; learning; scholarship; arts and sciences; academic pursuits	4266	N2	n
電池	でんち	battery; cell	4267	N2	n
解雇	かいこ	dismissal (of an employee); discharge; firing; layoff	4269		n
先月	せんげつ	last month	4270	N5	n
川崎	かわさき	Kawasaki (city)	4272		n
家電	かでん	household (electrical) appliances; home appliances; consumer electronics	4274		n
店内	てんない	inside of a store (restaurant, café, etc.); store interior; on the premises	4276		n
言い訳	いいわけ	excuse; explanation	4279	N1	n
同期	どうき	same period; corresponding period; same year (of graduation, entering a company, etc.); contemporary; classmate	4280		n
移植	いしょく	transplanting (a plant); transplant; grafting; transplantation (of an organ, tissue, etc.)	4281		n
施工	せこう	construction; constructing; carrying out; work; formation; workmanship; execution	4283		n
自国	じこく	one's own country	4284		n
理屈	りくつ	theory; reason; logic; (unreasonable) argument; strained logic; excuse; pretext	4286	N1	n
収容	しゅうよう	accommodation; taking in; receiving; housing; seating; admission (of patients, students, etc.); imprisonment; detention; internment	4287	N1	n
全身	ぜんしん	whole (body); full-length (e.g. portrait); systemic	4288	N2	n
示唆	しさ	suggestion; hint; implication	4289		n
率直	そっちょく	frank; candid; straightforward; openhearted; direct; outspoken	4290	N2	adj-na
駅前	えきまえ	in front of a station	4291		n
一旦	いったん	once; for a short time; briefly; temporarily	4292	N2	adv
職務	しょくむ	professional duties	4294	N1	n
商標	しょうひょう	trademark	4295		n
絶望	ぜつぼう	despair; hopelessness	4296	N1	n
食堂	しょくどう	dining room; dining hall; cafeteria; canteen; messroom; restaurant; eatery; snack bar; diner	4297	N5	n
連休	れんきゅう	consecutive holidays	4298	N1	n
予備	よび	reserve; spare; preparation; preliminaries	4300	N2	n
入社	にゅうしゃ	joining a company; getting a job with a company; starting work at a company	4301	N2	n
部会	ぶかい	section meeting; division (of a larger organisation); department; section	4304		n
出勤	しゅっきん	going to work; leaving for work; attendance (at work); being at work; presence (in the office); reporting for work	4306	N2	n
警戒	けいかい	vigilance; caution; alertness; precaution; being on guard	4307	N1	n
引き出す	ひきだす	to pull out; to take out; to draw out; to lead out (e.g. a horse from a stable); to summon (e.g. to court); to bring (e.g. someone to the negotiating table); to drag	4310	N4	v5s
融合	ゆうごう	agglutination; adhesion; fusion; combination; blending; uniting	4311		n
返済	へんさい	repayment; reimbursement; refund; redemption	4313	N1	n
外務	がいむ	foreign affairs	4314		n
同化	どうか	assimilation; absorption; adaptation	4315		n
付属	ふぞく	being attached (to); being affiliated (to); belonging (to); going with; attached school; affiliated school	4317	N2	n
助かる	たすかる	to be saved; to be rescued; to survive; to escape harm; to be spared damage	4318	N2	v5r
組み合わせる	くみあわせる	to put together; to combine; to join together; to join up; to match against (e.g. in a sport)	4320	N1	v1
節約	せつやく	economising; saving	4324	N3	n
値上げ	ねあげ	price increase; rise in price; wage increase	4326		n
火曜日	かようび	Tuesday	4327	N5	n
手前	てまえ	before oneself; in front of one; nearby; a bit before reaching (a location); this side (of a location)	4328	N2	n
司会	しかい	leading a meeting; presiding over a meeting; officiating at a ceremony; chairmanship; chairman; presenter; host; moderator; master of ceremonies	4329	N2	n
防衛庁	ぼうえいちょう	Japan Defense Agency (became Ministry of Defense in January 2007)	4330		n
手作り	てづくり	handmade; handcrafted; homemade; homegrown	4332		adj-no
いい加減	いいかげん	irresponsible; perfunctory; careless; lukewarm; half-baked; halfhearted; vague	4333	N1	adj-na
合同	ごうどう	combination; union; joining; incorporation; amalgamation; merger; fusion; combined; joint; united; shared	4335	N2	n
主導	しゅどう	leadership; initiative; spearhead	4336	N1	n
部下	ぶか	subordinate person	4339	N1	n
公団	こうだん	public corporation; public housing	4340	N1	n
習得	しゅうとく	learning; acquisition (of a skill, knowledge, etc.)	4343		n
直面	ちょくめん	confrontation; to face; to confront; to encounter	4344	N1	n
転送	てんそう	transfer (of a call, patient, etc.); forwarding (a letter, email, etc.); redirection; transfer (of data); transmission	4346		n
校長	こうちょう	principal; head teacher; headmaster; headmistress	4348	N4	n
検察	けんさつ	criminal investigation; prosecution; examination; investigation	4350		n
無限	むげん	infinity; infinitude; eternity; infinite; limitless	4352	N2	n
両国	りょうこく	both countries; Ryōgoku (area of Tokyo)	4353		n
助け	たすけ	assistance; help; aid; support; reinforcement	4354	N1	n
農林	のうりん	agriculture and forestry	4355		n
統治	とうち	rule; reign; government; governing	4357	N1	n
早朝	そうちょう	early morning	4359		n
県内	けんない	within the prefecture	4360		adj-no
史上	しじょう	in history; ever; historical	4362		adj-no
背後	はいご	back; rear; background; behind the scenes	4363	N1	n
間接	かんせつ	indirection; indirectness	4364	N2	n
後日	ごじつ	in the future; another day; later	4367		n
感性	かんせい	sensitivity; sensitiveness; sense (of ...)	4368		n
無効	むこう	invalid; void; ineffective; unavailable	4371	N1	adj-no
王国	おうこく	kingdom; monarchy	4374		n
速報	そくほう	news flash; prompt report; bulletin; quick announcement	4375		n
郊外	こうがい	suburb; residential area on the outskirt of a city; commuter belt	4376	N4	n
代金	だいきん	price; cost; charge; payment; bill; fee	4377	N3	n
能	のう	talent; gift; function; noh (theatre)	4379	N3	n
似合う	にあう	to suit; to match; to become; to be like	4380	N3	v5u
使命	しめい	mission; errand; task; duty; obligation	4382	N1	n
財団	ざいだん	foundation (institution); syndicate; group	4383		n
戦前	せんぜん	pre-war days; before the war	4384		n
他方	たほう	one (esp. of two); the other; one way; the other way; one direction; the other direction; one side; the other side; one party; the other party; on the other hand	4387	N1	n
答申	とうしん	report; reply; findings	4390		n
直ちに	ただちに	at once; immediately; right away; without delay; directly (face, lead to, etc.); automatically (mean, result in, etc.)	4391	N3	adv
境界	きょうかい	boundary; border; limit; bounds; frontier	4392	N2	n
用途	ようと	use; service; purpose	4396	N2	n
真理	しんり	truth	4397	N1	n
要約	ようやく	summary; digest	4399		n
王子	おうじ	prince; subordinate Kumano shrine	4401	N3	n
仮説	かせつ	hypothesis; supposition; assumption; tentative theory	4402		n
引き上げる	ひきあげる	to pull up; to drag up; to lift up; to increase; to raise (e.g. taxes)	4403	N1	v1
宅	たく	house; home; one's house; one's home	4405	N3	n
用紙	ようし	blank form; sheets of paper; sheet of paper	4408	N1	n
出来	しゅったい	occurrence; happening; taking place; completion	4409		n
味方	みかた	friend; ally; supporter; taking sides (with); supporting; standing by; backing up	4411	N3	n
主役	しゅやく	leading part; leading actor; leading actress	4413	N2	n
国産	こくさん	domestically produced; domestic; Japanese-made	4415	N1	adj-no
一環	いっかん	link (e.g. in a chain of events); part (of a plan, campaign, activities, etc.); monocyclic	4416		n
次いで	ついで	next; secondly; subsequently	4417	N1	adv
英文	えいぶん	English writing; English sentence; English text; English literature; English lit	4418	N2	n
軽減	けいげん	abatement; reduction	4423	N1	n
あっという間に	あっというまに	in an instant; in a flash; in the blink of an eye; in no time at all; just like that	4424		exp
様式	ようしき	style; form; pattern	4425	N1	n
任務	にんむ	duty; function; office; mission; task; role	4426	N1	n
守備	しゅび	defense; defence; fielding	4428	N1	n
制裁	せいさい	sanctions; punishment	4429	N1	n
教養	きょうよう	(understanding or appreciation of) culture; (one's) education; cultivation; sophistication; refinement	4432	N2	n
侵入	しんにゅう	invasion; incursion; raid; aggression; intrusion; trespass; penetration; hacking	4434	N2	n
予感	よかん	presentiment; premonition; hunch; to have a premonition; to have a hunch	4436	N1	n
的確	てきかく	accurate; precise; exact; appropriate; apt; right	4438	N2	adj-na
肝心	かんじん	essential; important; crucial; vital; main	4442	N1	adj-na
前進	ぜんしん	advance; moving forward; progress	4445	N3	n
予報	よほう	forecast; prediction	4447	N3	n
最高裁	さいこうさい	Supreme Court	4452		n
係	かかり	charge; duty; person in charge; official; clerk; connection; linking	4453	N3	n
警察官	けいさつかん	police officer; policeman; policewoman	4454		n
法制	ほうせい	legislation; laws	4455		n
照明	しょうめい	illumination; lighting	4456	N1	n
通用	つうよう	(common) use (of a language, currency, etc.); current use; circulation; currency; validity (e.g. of a ticket); to be accepted (e.g. of a way of thinking); to work (of an excuse, trick, etc.); to hold true (e.g. of a theory); to apply; to be valid; to pass (for); to do well; to get by	4459	N2	n
付加	ふか	addition; annexation; appendage	4462		n
木曜日	もくようび	Thursday	4463	N5	n
施す	ほどこす	to give (time, money, goods); to donate; to do; to perform; to conduct	4464	N1	v5s
推移	すいい	transition; change; progress; development; shift; passing (of time)	4465		n
本音	ほんね	real intention; motive; true opinion; what one really thinks	4467	N1	n
回線	かいせん	circuit; line	4468		n
飛び出す	とびだす	to jump out; to leap out; to fly out; to run out; to rush out; to bolt out; to appear (suddenly); to emerge; to come out	4471	N3	v5s
増し	まし	better; preferable; less objectionable; least-worst; more; increase; extra	4472	N1	adj-na
最大限	さいだいげん	maximum; to the maximum degree; to the full; at a maximum; at the most	4473		adj-no
何事	なにごと	what; what sort of thing; everything; anything	4475		n
合	ごう	gō; traditional unit of volume, approx. 180 ml; traditional unit of area, approx 0.33 square meters	4477		n
調和	ちょうわ	harmony; accord; reconciliation; agreement	4478	N1	n
信託	しんたく	trust; entrusting; leaving in someone's trust	4480		n
担保	たんぽ	security; guarantee; collateral; mortgage; guarantee (e.g. of safety)	4482		n
課程	かてい	course; curriculum	4483	N2	n
案件	あんけん	matter (to discuss); item (on the agenda); issue; topic; case; (court) case	4484		n
信	しん	honesty; sincerity; fidelity; trust; reliance; confidence	4486		n
地裁	ちさい	district court	4487		n
肯定	こうてい	affirmation; affirmative	4489	N2	n
有限	ゆうげん	finite; limited	4491		adj-no
発注	はっちゅう	ordering (materials); placing an order; order	4492		n
業種	ぎょうしゅ	type of industry	4493		n
決定的	けっていてき	definite; final; decisive; conclusive	4496		adj-na
見込み	みこみ	hope; promise; possibility; chance; probability; likelihood; expectation; anticipation; forecast; estimate	4497	N1	n
法令	ほうれい	statute; law; act; ordinance; regulation	4498		n
試し	ためし	trial; test	4501	N3	n
地点	ちてん	spot; point; place; position	4504	N2	n
背負う	せおう	to carry on one's back; to be burdened with; to take responsibility for	4506	N2	v5u
独	どく	Germany	4507		n
気配	けはい	indication; sign; hint; sensation; feeling; tone (of the market)	4515	N2	n
参議院	さんぎいん	House of Councillors (upper house of the National Diet of Japan)	4518	N1	n
外資	がいし	foreign capital (e.g. in a company); foreign investment	4519		n
適応	てきおう	adaptation; accommodation; conformity	4526	N1	n
分解	ぶんかい	disassembly; dismantling; disaggregating; taking apart; breaking up; analysis; parsing; decomposition; resolution; disintegration; degradation	4528	N2	n
右手	みぎて	right hand; right-hand side; right-hand direction; (on) the right	4529		n
避難	ひなん	taking refuge; finding shelter; evacuation; escape; seeking safe haven	4530	N1	n
国鉄	こくてつ	national railway; Japan National Railways (1949-1987)	4531		n
件数	けんすう	number of cases, incidents, items, messages, accounts, etc.	4532		n
演習	えんしゅう	practice; exercise; drill; military exercise; manoeuvres; maneuvers	4536	N1	n
水曜日	すいようび	Wednesday	4538	N5	n
中東	ちゅうとう	Middle East	4541		n
支店	してん	branch office; branch store	4542	N3	n
身分	みぶん	(social) standing; status; position; rank; identity; birth; origin	4543	N2	n
農地	のうち	agricultural land; farmland	4544	N1	n
信者	しんじゃ	believer; adherent; devotee; follower; fanboy; fanatic; superfan	4546	N1	n
負荷	ふか	burdening; bearing; shouldering; imposing; load (electrical, mechanical, etc.); stress; workload	4548		n
出来上がる	できあがる	to be completed; to be finished; to be ready (e.g. to serve or eat); to be very drunk; to get plastered	4552	N2	v5r
成るべく	なるべく	as (much) as possible; as (much) as one can; wherever practicable; if possible	4553	N4	adv
冷蔵庫	れいぞうこ	refrigerator; fridge	4554	N5	n
銀座	ぎんざ	Ginza (district in Tokyo); busy shopping district; bustling location	4555		n
私立	しりつ	private (establishment)	4556	N2	n
気候	きこう	climate	4558	N3	n
志向	しこう	intention; aim; preference (for); orientation (towards a goal)	4559	N1	n
結成	けっせい	formation; combination	4560	N1	n
意向	いこう	intention; inclination; mind; idea; wish; view	4561	N1	n
夫人	ふじん	wife; Mrs; Madam; wife of a nobleman	4562	N3	n
不況	ふきょう	(economic) depression; recession; slump	4564	N1	n
格	かく	status; position; rank; method; way; style	4565	N1	n
都内	とない	within the (Tokyo) metropolitan area	4570		n
日頃	ひごろ	usually; habitually; always; for a long time	4571	N1	adv
食材	しょくざい	foodstuff; ingredient	4574		n
流出	りゅうしゅつ	outflow; effluence; efflux; spillage; spill; discharge; haemorrhage; hemorrhage; bleeding (e.g. of ink into paper); outflow (of people, capital, etc.); drain (of gold, talent, etc. from a country); leak (e.g. of personal information)	4579		n
公立	こうりつ	public (institution)	4580	N1	n
強度	きょうど	strength; intensity; strong (e.g. glasses); powerful (e.g. lens); intense (e.g. fear); extreme	4582		n
最強	さいきょう	strongest	4583		adj-no
改定	かいてい	revision (of a rule, price, etc.); alteration; change	4584	N1	n
連盟	れんめい	league; federation; union	4586	N1	n
往復	おうふく	making a round trip; going and returning; coming and going; round-trip ticket; return ticket	4588	N2	n
思い切る	おもいきる	to give up (all thoughts of); to abandon; to despair of; to make up one's mind; to make a decision; to decide	4589		v5r
有力	ゆうりょく	influential; prominent; leading; strong; powerful; likely; plausible; promising; convincing; substantial	4590	N1	adj-na
昨今	さっこん	these days; nowadays; recently; lately	4591		n
仮定	かてい	assumption; supposition; hypothesis	4593	N2	n
話しかける	はなしかける	to address (someone); to accost a person; to talk (to someone); to begin to talk; to start a conversation	4595	N2	v1
告白	こくはく	confession (to a crime, wrongdoing, etc.); admission; professing one's feelings (to someone one wants to go out with); declaration of love	4600	N1	n
指名	しめい	naming; nominating; designating; calling on; asking for; requesting	4602		n
辞任	じにん	resignation (from a position)	4604		n
寿命	じゅみょう	lifespan; life; lifetime; life (of a battery, lightbulb, etc.); service life; end of an object's (useful) life	4607	N2	n
引き受ける	ひきうける	to take on; to undertake; to accept; to take charge of; to assume responsibility for; to take over; to inherit	4608	N2	v1
現に	げんに	actually; really	4609	N2	adv
大国	たいこく	large country; major nation; great power; province of the highest rank (ritsuryō system)	4611		n
変革	へんかく	change; transformation; reform; revolution; revolutionizing; innovation; upheaval	4614	N1	n
急激	きゅうげき	sudden; abrupt; rapid; sharp; drastic; radical	4617	N3	adj-na
地面	じめん	ground; earth's surface; land; lot; plot	4619		n
残業	ざんぎょう	overtime (work)	4621		n
告知	こくち	notice; notification; announcement; disclosure; declaration	4622		n
大使	たいし	ambassador	4623	N3	n
媒体	ばいたい	medium; media	4624		n
進学	しんがく	advancing to the next stage of education; going on to (high school, college, etc.)	4625	N3	n
止む	やむ	to cease; to stop; to be over	4626	N4	v5m
刊行	かんこう	publication; issue	4627	N1	n
感激	かんげき	deep emotion; impression; inspiration	4629	N2	n
見出し	みだし	heading; headline; title; caption; index	4630	N2	n
食糧	しょくりょう	food (esp. staple food such as rice or wheat); provisions; rations; food supply	4634	N3	n
役者	やくしゃ	actor; actress; man of wits; clever person; cunning fellow	4638	N2	n
原油	げんゆ	crude oil	4639	N1	n
弟子	でし	pupil; disciple; adherent; follower; apprentice; young person; teacher's student-helper	4641		n
全力	ぜんりょく	all one's power (strength, energy, efforts); one's utmost	4642		n
流行る	はやる	to be popular; to come into fashion; to be prevalent; to spread widely (e.g. disease); to be endemic	4643	N2	v5r
外側	そとがわ	exterior; outside; outer; external; lateral	4644		n
正規	せいき	regular; normal; formal; legal; established; legitimate	4645	N1	adj-no
申	さる	the Monkey (ninth sign of the Chinese zodiac); hour of the Monkey (around 4pm, 3-5pm, or 4-6pm)	4646		n
世話	せわ	care; looking after; help; assistance; aid; trouble; bother	4649	N4	n
創業	そうぎょう	establishment (of a business); founding	4652		n
準	じゅん	semi-; quasi-; associate	4653		pref
贅沢	ぜいたく	luxury; extravagance; to live in luxury; to indulge oneself	4654	N3	n
警官	けいかん	police officer; policeman; constable	4655	N5	n
入国	にゅうこく	entry into a country	4657		n
新年	しんねん	New Year	4659		n
相続	そうぞく	succession; inheritance	4660	N3	n
作り上げる	つくりあげる	to build up; to complete; to construct; to create; to put together; to make up; to fabricate; to invent; to cook up	4664		v1
工程	こうてい	process; operation; stage of a process; progress of work	4665		n
差異	さい	difference; disparity; gap	4667	N1	n
虐待	ぎゃくたい	abuse; ill-treatment; maltreatment; mistreatment; cruelty	4668		n
丁目	ちょうめ	district of a town; city block (of irregular size)	4669	N1	n
定員	ていいん	fixed number (of people); prescribed number (of regular personnel, students, etc.); quota; numerical limit; complement; capacity (of a bus, boat, theatre, etc.); seating capacity	4670	N2	n
消化	しょうか	digestion (of food); digestion (of information); assimilation; thorough understanding	4671	N2	n
懇談	こんだん	friendly chat; relaxed conversation; informal meeting	4672		n
国々	くにぐに	countries	4673		n
秘書	ひしょ	(private) secretary; treasured book; secret book	4675	N1	n
合唱	がっしょう	singing together; singing in union; chorus; ensemble singing; choral singing	4677	N1	n
有機	ゆうき	organic; organic chemistry	4679	N1	adj-f
顧問	こもん	adviser; advisor; consultant; counselor; school club supervisor (usu. a teacher); school club manager	4681		n
開幕	かいまく	raising the curtain; opening (of an event); start; beginning	4682		n
合成	ごうせい	composition; synthesis; compounding; combining; composite photo	4683	N1	n
厚生省	こうせいしょう	(former) Ministry of Health and Welfare	4684		n
大使館	たいしかん	embassy	4685	N5	n
組み込む	くみこむ	to insert; to include; to incorporate; to install; to embed	4687	N1	v5m
投手	とうしゅ	pitcher	4688		n
貯金	ちょきん	putting money aside; savings; deposit (e.g. in a bank); accumulated surplus of wins; wins in the bank	4689	N3	n
取り扱う	とりあつかう	to handle; to operate (a machine, etc.); to use; to deal with (an issue); to manage	4690	N1	v5u
書き方	かきかた	way of writing; manner of writing; penmanship (esp. used in old textbooks); calligraphy	4691		n
内側	うちがわ	inside; interior; inner part	4692		n
始まり	はじまり	origin; beginning; start	4694	N3	n
放題	ほうだい	(doing) as one pleases; to one's heart's content; letting (something) go unchecked; leaving uncontrolled; leaving (something) to take its own course	4698		suf
死刑	しけい	death penalty; capital punishment	4699	N1	n
前者	ぜんしゃ	the former; the first	4700	N3	n
帽子	ぼうし	hat; cap; cap (move)	4703	N5	n
認可	にんか	approval; license; licence; permission	4706		n
手帳	てちょう	notebook; memo pad; (pocket) diary; certificate	4708	N2	n
大蔵省	おおくらしょう	Ministry of Finance (1869-2001); Ministry of the Treasury (under the ritsuryō system)	4709		n
調理	ちょうり	cooking; food preparation	4710	N1	n
欲求	よっきゅう	desire; want; will; wish; urge; craving	4712		n
正月	しょうがつ	New Year (esp. first three days); first month of the year; January	4716		n
大地	だいち	earth; ground; the solid earth; the (vast) land	4717		n
今晩は	こんばんは	good evening	4719	N2	int
格好いい	かっこいい	attractive; good-looking; stylish; cool; smooth; neat; with-it; groovy	4720		adj-ix
選手権	せんしゅけん	championship; title (of champion); championship game; championship tournament	4721		n
軌道	きどう	orbit; trajectory; (railroad) track	4722	N1	n
落ち込む	おちこむ	to feel down; to feel sad; to be depressed; to be in low spirits; to be in a slump (business, economy, etc.); to be in an unfavourable condition	4723	N1	v5m
戦術	せんじゅつ	tactics	4725	N1	n
防災	ぼうさい	disaster preparedness; prevention of damage resulting from a natural disaster; protection against disaster	4726		n
飲食	いんしょく	food and drink; eating and drinking	4728		n
接近	せっきん	getting closer; drawing nearer; approaching; being not much different; being near (age, skill, etc.)	4729	N2	n
文部省	もんぶしょう	Ministry of Education, Science and Culture (1871-2001)	4733		n
小川	おがわ	stream; brook; creek	4734		n
見出す	みいだす	to find out; to discover; to notice; to detect; to select; to pick out	4735		v5s
独身	どくしん	unmarried; single	4737	N3	adj-no
巨人	きょじん	giant; great man; Tokyo Giants (baseball team)	4738		n
消滅	しょうめつ	extinction; extinguishment; disappearance; vanishing; termination; lapse; annihilation	4740		n
解体	かいたい	demolition; taking down; dismantling; disassembly; taking apart; dissolution (of an organization, company, etc.); breaking up	4741		n
先端	せんたん	pointed end; tip; point; cusp (of a leaf, crescent moon, etc.); apex (of a curve); forefront; vanguard; spearhead; leading edge	4743	N2	n
配当	はいとう	allotment; apportionment; share; dividend	4744		n
両手	りょうて	both hands; both arms; ten	4746		n
争う	あらそう	to compete; to contest; to contend; to quarrel; to argue; to dispute; to be at variance; to oppose	4749	N2	v5u
在宅	ざいたく	being at home; being in	4750		n
一流	いちりゅう	first-class; first-rate; top-flight; top-ranking; leading; eminent; top; characteristic (of); peculiar (to); unique (to)	4752	N2	adj-no
結合	けつごう	combination; union; joining; linking; coupling; bond	4758	N1	n
生き物	いきもの	living thing; living creature; animal; life	4760	N3	n
庶民	しょみん	common people; ordinary people; masses	4761	N1	n
傑作	けっさく	masterpiece; masterwork; chef d'oeuvre; fine piece of work; (unintentionally) hilarious; absurd (e.g. blunder); outrageous; wild	4762	N2	n
実習	じっしゅう	practice (in the field); training (esp. practical and hands-on); practical exercise; drill	4763	N2	n
後輩	こうはい	junior (at work, school, etc.); younger people; younger student	4766	N2	n
複製	ふくせい	reproduction; duplication; reprinting	4767		n
反日	はんにち	anti-Japanese	4769		adj-no
分担	ぶんたん	taking on one's share (e.g. of work); dividing (work, expenses, etc.) between; apportionment; allotment; allocation; assignment	4770	N1	n
漁業	ぎょぎょう	fishing industry; fishery	4771	N2	n
分権	ぶんけん	decentralization of authority; decentralisation of authority	4772		n
再会	さいかい	meeting again; reunion	4773	N1	n
画家	がか	painter; artist	4774	N3	n
学期	がっき	school term; semester	4775	N3	n
財布	さいふ	wallet; purse; coin purse; billfold; pocketbook	4779	N5	n
最低限	さいていげん	minimum; at the very least	4780		n
教え	おしえ	teaching; instruction; teachings; precept; lesson; doctrine	4781	N1	n
被災	ひさい	suffering (from a disaster); being hit (by an earthquake, typhoon, etc.); falling victim (to)	4782		n
裏切る	うらぎる	to betray; to turn traitor (to); to double-cross; to go back on; to be unfaithful (to); to disappoint; to let down	4784	N3	v5r
待ち	まち	waiting; waiting time; wait tile; tile which would complete one's hand	4785		n
目撃	もくげき	witnessing; observing; sighting	4786		n
幸運	こううん	good luck; fortune	4787	N3	n
申し込む	もうしこむ	to apply for; to make an application; to propose (marriage); to offer (mediation); to make an overture (of peace); to challenge; to lodge (objections); to request (an interview); to subscribe for; to book; to reserve	4788	N3	v5m
任意	にんい	optional; voluntary; arbitrary; random; discretionary; facultative; spontaneous; any	4790		adj-no
早々	そうそう	as soon as ...; just after ...; immediately after ...; hurriedly; in haste; quickly; promptly; early	4796		n-suf
生存	せいぞん	existence; being; life; survival	4798	N2	n
周波数	しゅうはすう	frequency (esp. of waveforms)	4799		n
人員	じんいん	number of persons; personnel	4801		n
黒人	こくじん	black person; woman in the nightlife business; demimondaine; geisha and prostitutes	4802		n
地理	ちり	geography	4803	N4	n
計量	けいりょう	measuring; weighing; metric; distance function	4804		n
行き	いき	the way there; outbound leg; outbound trip; departing leg; bound for ...	4805	N3	n
就業	しゅうぎょう	employment; starting work	4807	N1	n
朝刊	ちょうかん	morning edition (of a daily newspaper); morning paper	4808		n
遺族	いぞく	bereaved family; surviving family; family of the deceased	4810		n
開業	かいぎょう	opening a business; opening a practice	4811		n
海洋	かいよう	ocean; sea	4812	N2	n
家事	かじ	housework; domestic chores; family affairs; household matters	4816	N3	n
定年	ていねん	(compulsory) retirement age; age limit; (compulsory) retirement (on reaching retirement age); mandatory retirement	4817	N1	n
いつの間にか	いつのまにか	before one knows; before one becomes aware of; unnoticed; unawares	4821	N2	adv
不快	ふかい	displeasure; discomfort; unpleasantness; indisposition; ailment	4822		n
海軍	かいぐん	navy; naval force	4823		n
解答	かいとう	answer; solution	4825	N2	n
伝達	でんたつ	transmission (e.g. news, chemical signals, electricity); communication; delivery; conveyance; transfer; relay; propagation; conduction	4826	N1	n
点検	てんけん	detailed inspection; thorough examination; checking	4827	N1	n
信念	しんねん	belief; faith; conviction	4829		n
知り合う	しりあう	to get to know each other; to make acquaintance	4831		v5u
何方	どなた	who	4832	N5	pn
死体	したい	dead body; corpse; cadaver; carcass	4833	N2	n
お手伝い	おてつだい	maid; helper; help; assistance	4836		n
外出	がいしゅつ	going out; outing; leaving (one's home, office, etc.)	4839	N3	n
排出	はいしゅつ	discharge; evacuation; emission (e.g. of CO2); ejection; excretion	4843		n
高額	こうがく	large sum (of money); large amount; large denomination (banknote, etc.)	4844		n
遂行	すいこう	accomplishment; execution	4845		n
成人	せいじん	adult; grown-up; becoming an adult; coming of age; growing up (to be a man, woman)	4849	N3	n
学園	がくえん	educational institution; school; academy; campus	4853		n
新書	しんしょ	new book; 17x11 cm paperback book	4854		n
入札	にゅうさつ	bid; tender; bidding	4855		n
乗り込む	のりこむ	to board (a train, plane, etc.); to get into (a car); to get on (a bus); to go on board; to get aboard; to march into; to enter; to arrive (at, in)	4856	N1	v5m
決済	けっさい	settlement (of an account); liquidation of debts; payment	4857		n
特典	とくてん	privilege; special favor; special favour; benefit; prerogative; perk; amenity	4862		n
儀式	ぎしき	ceremony; rite; ritual; service	4863	N2	n
実証	じっしょう	demonstration; verification; substantiation; actual proof	4865		n
二度と	にどと	never again	4869		adv
曲目	きょくもく	name of a piece of music; (musical) number; (musical) program; programme; selection (of music); list of songs	4870		n
自衛	じえい	self-defense; self-defence	4871	N2	n
新刊	しんかん	new book; new publication	4876		n
世界一	せかいいち	best in the world	4877		n
固有	こゆう	characteristic (of); peculiar (to); inherent (in); endemic; unique (to); native (to); intrinsic; eigen-	4878	N1	adj-no
有無	うむ	existence or nonexistence; presence or absence; consent or refusal; yes or no	4881	N2	n
大気	たいき	atmosphere; air; magnanimity; generosity	4883	N3	n
中略	ちゅうりゃく	omission (of middle part of a text); ellipsis	4885		n
予告	よこく	(advance) notice; preliminary announcement; warning; trailer (for a film, TV show, etc.)	4886		n
工房	こうぼう	workshop; studio; atelier	4888		n
難民	なんみん	refugee; displaced person; person inconvenienced by (lack of something, etc.); person unable to satisfactorily (marry, shop, etc.); person who is stuck (in a place or situation)	4889		n
交わす	かわす	to exchange (messages, greetings, arguments, etc.); to intersect; to cross; to interlace	4890	N1	v5s
倒産	とうさん	(corporate) bankruptcy; insolvency; commercial failure; failed business	4891	N1	n
地味	じみ	plain; simple; subdued; sober; reserved (behaviour, attitude, etc.); modest; quiet; unobtrusive	4893	N2	adj-na
取り扱い	とりあつかい	treatment; service; handling; management	4894	N1	n
先物	さきもの	futures; futures contract	4897		n
図面	ずめん	drawing; diagram; plans; blueprint	4899		n
消防	しょうぼう	fire fighting; fire department; fire brigade; firefighter	4901	N3	n
起訴	きそ	prosecution; indictment	4902		n
切り替える	きりかえる	to change; to switch; to change over (to); to renew	4903	N1	v1
検出	けんしゅつ	detection; sense (e.g. sensor)	4904		n
限度	げんど	limit; bounds	4907	N2	n
整う	ととのう	to be ready; to be prepared; to be arranged; to be in order; to be put in order; to be well-ordered; to be well-proportioned; to be harmonious	4908	N2	v5u
左手	ひだりて	left hand; left-hand side; left-hand direction; (on) the left	4910		n
欠点	けってん	fault; defect; flaw; weak point; weakness; shortcoming; drawback; failure (in an examination); failing grade	4911	N3	n
水道	すいどう	water supply; water service; waterworks; tap water; channel; strait	4912	N4	n
北部	ほくぶ	northern part; the north (of a region)	4914		n
取り込む	とりこむ	to take in; to bring in; to adopt (e.g. behaviour); to introduce; to capture (e.g. image); to import	4915		v5m
要は	ようは	in short; the point is; the important thing is; in a word; basically	4916		adv
検定	けんてい	official certification; official approval; inspection; verification; examination; certification examination; licensing examination; proficiency test	4917		n
何ら	なんら	(not) in any way; (not) at all; (none) whatsoever; what kind of	4919		adv
明記	めいき	clear writing; specification	4921		n
学力	がくりょく	scholarly ability; scholarship; knowledge; literary ability	4922	N2	n
分子	ぶんし	molecule; numerator	4923	N1	n
計測	けいそく	measuring; measurement	4924		n
東洋	とうよう	the East; the Orient; (East) Asia; Japan	4925	N2	n
親戚	しんせき	relative; relation; kin	4928	N3	n
告発	こくはつ	indictment; prosecution; complaint	4929		n
宿題	しゅくだい	homework; assignment; pending issue; unresolved problem; open question	4930	N5	n
追及	ついきゅう	investigation (e.g. into someone's guilt); questioning; pressing; hounding; pinning down; catching up; overtaking	4931	N1	n
青木	あおき	Japanese laurel (Aucuba japonica); spotted laurel; lush, green tree	4932		n
若しかして	もしかして	perhaps; possibly; maybe; by any chance; if I'm not mistaken; if; in case; in the event that	4934	N1	adv
対照	たいしょう	contrast; antithesis; comparison	4935	N2	n
一家	いっか	a family; a household; a home; one's family; whole family; (one's own) style; school	4936	N3	n
体育	たいいく	physical education; PE; gym (class)	4937	N3	n
貴族	きぞく	nobility; aristocracy; peerage	4940	N1	n
疲労	ひろう	fatigue; weariness; exhaustion; tiredness; fatigue (of metal, etc.)	4941	N1	n
特例	とくれい	special case; exception	4944		n
精度	せいど	precision; accuracy	4945		n
夫妻	ふさい	husband and wife; married couple	4947	N2	n
中途半端	ちゅうとはんぱ	halfway; half measures; unfinished; incomplete; by halves; half-baked; half-cocked; half-hearted; half-arsed; half-assed	4949		adj-na
追いかける	おいかける	to chase; to run after; to pursue; subsequently; following that; (and) then	4950	N2	v1
福	ふく	good fortune; happiness; blessing; good luck	4956	N1	n
反射	はんしゃ	reflection; reverberation; reflex; reflexes	4957	N1	n
使い	つかい	errand; mission; going on an errand; messenger; bearer; errand boy; errand girl	4958	N1	n
原料	げんりょう	raw materials; ingredient	4959	N2	n
中立	ちゅうりつ	neutrality	4960	N1	n
心地よい	ここちよい	comfortable; pleasant	4961		exp
相違	そうい	difference; discrepancy; variation	4963	N2	n
文	ぶん	sentence; composition; text; writings	4964	N3	n
特有	とくゆう	characteristic (of); peculiar (to)	4965	N1	adj-no
山形	やまがた	Yamagata (city, prefecture); mountain shape; chevron; cone	4966		n
改訂	かいてい	revision (of text); alteration; change	4970	N1	n
脱出	だっしゅつ	escape; getting away (from); getting out (of); prolapse; proptosis	4972	N1	n
防犯	ぼうはん	prevention of crime; security (device, camera, etc.)	4973	N2	n
指針	ししん	needle (compass, gauge, etc.); hand (clock); indicator; pointer; index; guiding principle; guideline; guide	4975		n
主流	しゅりゅう	(the) mainstream; main course (of a river); main stream	4977		n
この間	このあいだ	the other day; lately; recently; during this period; meanwhile; in the meantime	4981	N4	n
上級	じょうきゅう	upper level; upper grade; high rank; advanced level; senior level; upper class	4982	N2	n
全米	ぜんべい	all-America; pan-American; all of America	4983		n
刑務所	けいむしょ	prison; jail; gaol; penitentiary	4984		n
技能	ぎのう	technical skill; ability; capacity	4986	N1	n
出口	でぐち	exit; way out; outlet; vent	4987	N5	n
強める	つよめる	to strengthen; to emphasize; to emphasise	4994	N1	v1
太平洋	たいへいよう	Pacific Ocean	5000		n
ドイツ語	ドイツご	German (language)	5002		n
一斉	いっせい	simultaneous; all at once	5006	N2	adv
県民	けんみん	resident of a prefecture; citizen of a prefecture	5010		n
費やす	ついやす	to spend; to expend; to consume; to waste; to squander; to throw away	5011	N1	v5s
区分	くぶん	division; section; demarcation; partition; segmentation; compartment; (traffic) lane; classification; sorting; grouping	5016	N2	n
分裂	ぶんれつ	split; division; break up	5020	N1	n
気楽	きらく	carefree; comfortable; at ease; easygoing; happy-go-lucky	5023	N1	adj-na
白人	はくじん	white person; Caucasian; beginner; amateur	5024		n
経理	けいり	accounting; administration (of money)	5028		n
徴収	ちょうしゅう	collection (of fees, taxes, etc.); levy	5029	N1	n
利害	りがい	advantages and disadvantages; interests (of parties)	5031	N2	n
共謀	きょうぼう	conspiracy; collusion; complicity	5032		n
所長	しょちょう	head (of an office, laboratory, etc.); chief	5034		n
重量	じゅうりょう	weight	5036	N2	n
一つ一つ	ひとつひとつ	one-by-one; separately; in detail	5037		adv
道徳	どうとく	morals; morality	5038	N3	n
説く	とく	to explain; to preach; to advocate; to persuade; to prevail upon; to reason with; to urge (someone to do)	5040	N1	v5k
再編	さいへん	reorganization; reorganisation; reshuffle	5041		n
生地	きじ	cloth; fabric; material; texture; dough; batter	5045	N3	n
中年	ちゅうねん	middle-age; middle age; midlife; one's middle years	5046	N2	n
派手	はで	showy; loud; flashy; gaudy	5048	N2	adj-na
対決	たいけつ	confrontation; showdown	5049	N1	n
店頭	てんとう	shopfront; storefront; shopwindow; (near the) shop entrance; over-the-counter	5050		n
情けない	なさけない	miserable; pitiable; shameful; deplorable; pathetic	5051		adj-i
大都市	だいとし	metropolis; large city	5053		n
相次ぐ	あいつぐ	to follow in succession; to happen one after another	5054		v5g
還元	かんげん	restoration; return; reduction; resolution; deoxidization; deoxidation	5055	N1	n
入試	にゅうし	entrance examination	5056		n
首脳	しゅのう	head; leader; top; important part	5057	N1	n
学級	がっきゅう	(school) class	5063	N2	n
案外	あんがい	unexpectedly; surprisingly; unexpected; unanticipated; unforeseen; surprising	5065	N2	adv
苦情	くじょう	complaint; troubles; objection; grievance	5066	N2	n
海上	かいじょう	(on the) sea; surface of the sea	5067		n
同志	どうし	like-mindedness; (being of the) same mind; shared sentiment; comrade; fellow; kindred soul	5070	N1	n
成熟	せいじゅく	maturity; ripeness	5072	N1	n
目覚める	めざめる	to wake up; to awake; to awaken to (instinct, ability, perception, etc.); to become aware of; to become conscious of; to realize	5076	N1	v1
長時間	ちょうじかん	long time; several hours; long spell	5077		n
女王	じょおう	queen; female champion	5078	N3	n
系統	けいとう	system; lineage; ancestry; family line	5079	N2	n
独裁	どくさい	dictatorship; despotism; autocracy; running (a company, etc.) despotically	5080	N1	n
分布	ぶんぷ	distribution	5081	N2	n
動	どう	motion	5084		n
騒動	そうどう	riot; rebellion; turmoil; strife; (media) uproar; brouhaha; (public) outcry; scandal; controversy	5085	N1	n
妨害	ぼうがい	obstruction; hindrance; blocking; disturbance; interference; interruption; sabotage; jamming (a signal)	5086	N1	n
初めまして	はじめまして	nice to meet you; I'm glad to make your acquaintance; how do you do?	5088	N2	exp
安易	あんい	easy; simple; easygoing; lighthearted; simplistic; irresponsible; careless; quick (to do)	5090	N2	adj-na
実体	じったい	substance; essence; entity; subject; content; reality; true form	5092		n
日系	にっけい	(of) Japanese descent; non-Japanese of Japanese descent; nikkeijin	5094		n-pref
小屋	こや	hut; cabin; shed; (animal) pen; small theatre (theater); temporary playhouse; circus tent; booth	5095	N3	n
営利	えいり	money-making; commercialized; commercialised	5096		n
野党	やとう	opposition party; the opposition	5102	N1	n
言うまでもない	いうまでもない	goes without saying; needless to say; obvious	5103		exp
力強い	ちからづよい	powerful; strong; forceful; vigorous; reassuring; encouraging	5104	N2	adj-i
倶楽部	クラブ	club; fraternity; sorority; clubhouse	5105	N1	n
譲渡	じょうと	transfer; assignment; conveyance	5106		n
役人	やくにん	government official	5107	N2	n
回り	まわり	rotation; making the rounds	5108	N3	n
他社	たしゃ	another company; other company	5109		n
高価	こうか	highly priced; expensive; valuable; costly	5112	N3	adj-na
改める	あらためる	to change; to alter; to revise; to replace; to reform; to correct; to mend; to improve	5113	N2	v1
売り場	うりば	selling area; counter; section; department; sales floor; favorable time to sell; good time to sell	5114	N4	n
親しい	したしい	close (e.g. friend); familiar; friendly; intimate; familiar (e.g. story); well-known (to one)	5115	N3	adj-i
公益	こうえき	public interest; public benefit; public good	5116		n
全文	ぜんぶん	whole passage; full text; whole sentence; full paragraph	5119		n
達する	たっする	to reach; to get to; to arrive at	5121	N3	vs-s
心がける	こころがける	to keep in mind; to bear in mind; to try; to aim to do; to endeavor; to endeavour	5123	N1	v1
住	じゅう	dwelling; living	5125	N1	n
土曜	どよう	Saturday	5127	N3	n
反面	はんめん	while; although; though; but; (but) on the other hand; at the same time; then again; and yet	5128		conj
迫力	はくりょく	impressiveness; impact; force; intensity; presence; appeal; strength; punch; edge; vigor	5130		n
理性	りせい	reason; reasoning power; (one's) sense	5133	N1	n
方策	ほうさく	plan; measure; means; scheme; policy	5134	N1	n
有害	ゆうがい	harmful; hazardous	5135		adj-na
上げ	あげ	tuck (e.g. in a dress); rise (e.g. in price)	5136		n
乗客	じょうきゃく	passenger	5140	N3	n
布団	ふとん	futon; Japanese bedding consisting of a mattress and a duvet; round cushion used for Zen meditation (traditionally made of woven bulrush leaves)	5142	N4	n
片手	かたて	one hand	5143		n
座席	ざせき	seat (esp. in public places or places with assigned seating); seating	5145	N3	n
形状	けいじょう	shape; form	5147		n
立ち寄る	たちよる	to drop in (at); to drop by; to call at; to stop by; to stop off; to stop in	5152	N1	v5r
主権	しゅけん	sovereignty; supremacy; dominion	5154	N1	n
開拓	かいたく	reclamation (e.g. of wasteland); cultivation; development; pioneering; opening up (e.g. of a new market); breaking new ground; trailblazing	5156	N1	n
右側	みぎがわ	right side; right-hand side	5157		n
原点	げんてん	starting point; origin; beginning; origin (of coordinate axes)	5159	N1	n
夜間	やかん	night; nighttime	5161	N2	n
年収	ねんしゅう	annual income	5164		n
偽造	ぎぞう	forgery; counterfeiting; fabrication; falsification	5166	N1	n
出品	しゅっぴん	exhibiting; showing; putting on display; putting up for sale; entering (a work into a competition); submitting	5167	N1	n
写る	うつる	to be photographed; to be projected	5168	N2	v5r
今年度	こんねんど	this year; this fiscal year; this school year	5169		n
利点	りてん	advantage; point in favor; point in favour	5171	N1	n
繰り広げる	くりひろげる	to unfold; to unroll; to open	5172		v1
中旬	ちゅうじゅん	middle ten days of a month; 11th to 20th day of a month	5175	N2	n
大した	たいした	considerable; great; important; significant; a big deal	5176	N3	adj-pn
青山	せいざん	lush mountain; green mountain; grave; burial place	5177		n
産地	さんち	producing area; place of origin; growing district; home (of a plant or animal); habitat; locality	5179	N2	n
生える	はえる	to grow; to spring up; to sprout; to cut (teeth)	5180	N2	v1
民衆	みんしゅう	people; populace; masses	5181		n
年寄り	としより	old person; elderly person; senior citizen; trustee of the Japan Sumo Association; retired high-ranking wrestler who is licensed to coach and receives retirement pay	5182	N3	n
仕上げる	しあげる	to finish up; to complete; to finish off; to get through; to polish off	5183	N1	v1
偏見	へんけん	prejudice; bias; distorted view	5185	N1	n
教訓	きょうくん	lesson; precept; teachings; moral	5186	N1	n
視察	しさつ	inspection; observation	5187	N1	n
主任	しゅにん	person in charge; senior staff; manager; chief; head	5188	N1	n
言論	げんろん	(one's) speech; expression of views; discussion	5193	N1	n
来月	らいげつ	next month	5195	N5	n
主題	しゅだい	subject; theme; motif	5196	N1	n
早急	そうきゅう	immediate; prompt; quick; rapid; urgent; pressing	5197	N1	adj-na
対談	たいだん	talk; dialogue; conversation	5198	N1	n
選定	せんてい	selection	5200		n
中断	ちゅうだん	interruption; suspension; break	5201	N1	n
条項	じょうこう	clause; article; stipulations	5203		n
保育園	ほいくえん	nursery school; day nursery; day care center	5205		n
福音	ふくいん	good news; glad tidings; gospel (teachings or revelations of Christ)	5207		n
診察	しんさつ	medical examination; checkup; consultation	5208	N3	n
正体	しょうたい	true character; true form; true colors; identity; truth (of a mystery, phenomenon, etc.); origin; consciousness; one's senses	5211		n
原発	げんぱつ	nuclear power plant; nuclear power generation; primary (e.g. primary immunodeficiency syndrome)	5212		n
自作	じさく	one's own work; making by oneself; farming on one's own land; independent farmer	5213		n
生き残る	いきのこる	to survive	5214		v5r
土日	どにち	weekend; Saturday and Sunday	5216		n
入会	にゅうかい	admission (to a society, club, etc.); joining; entrance; enrollment; enrolment; becoming a member	5220		n
不能	ふのう	impossible; incapable (of doing); unable (to do); incompetence; inability	5221		adj-na
起源	きげん	origin; beginning; source	5226	N1	n
国防	こくぼう	national defence; national defense	5228	N1	n
夢中	むちゅう	absorbed in; immersed in; crazy about; obsessed with; devoted to; forgetting oneself; daze; trance; ecstasy; delirium	5231	N3	adj-na
持ち出す	もちだす	to take out; to carry out; to bring out from where it belongs; to mention something; to broach a topic; to bring up (a subject); to raise (an issue); to mention	5232		v5s
本年	ほんねん	this (current) year	5237		n
複合	ふくごう	composite; combined; complex	5238	N1	n
気象	きしょう	weather (conditions); disposition; temperament	5240	N1	n
摂取	せっしゅ	intake (e.g. of salt); ingestion; absorption (e.g. of new knowledge); adoption (e.g. of foreign culture); assimilation	5241		n
和解	わかい	reconciliation; amicable settlement; accommodation; compromise; mediation; rapprochement; court-mediated settlement	5246		n
名乗る	なのる	to give one's name (as); to introduce oneself (as); to claim to be; to call oneself; to wear the title of	5251		v5r
球団	きゅうだん	baseball team	5254		n
合宿	がっしゅく	lodging together; training camp; boarding house	5256		n
真相	しんそう	truth; real situation	5258	N1	n
黄金	おうごん	gold (Au); golden; prosperous; excellent; superb	5259	N1	n
補正	ほせい	correction; revision; compensation (e.g. to a pendulum)	5260		n
家賃	やちん	rent	5262	N3	n
同日	どうじつ	the same day	5265		n
規範	きはん	model; standard; pattern; norm; criterion; example	5268	N1	n
公衆	こうしゅう	the public; general public	5269	N2	n
打ち出す	うちだす	to emboss; to print out; to print	5271		v5s
主として	しゅとして	mainly; chiefly; primarily; for the most part	5273		exp
阻止	そし	obstruction; prevention; hindrance; check; blocking; stopping	5276	N1	n
持ち主	もちぬし	owner; proprietor; possessor (e.g. of talent, beauty, etc.)	5278		n
町村	ちょうそん	towns and villages	5279		n
真似	まね	imitating; copying; mimicry; behavior; behaviour; action; conduct	5282	N3	n
添付	てんぷ	attaching (documents, etc.); appending; affixing	5285		n
堪能	たんのう	proficient; skilled; skillful; good; accomplished; enjoying to the full; full satisfaction; being satiated (with); having one's fill (of)	5288		adj-na
子会社	こがいしゃ	subsidiary (company)	5290		n
存続	そんぞく	continuance; survival; persistence; retention; duration	5291	N1	n
国庫	こっこ	national treasury	5292		n
中島	なかじま	island in a pond or river	5295		n
識別	しきべつ	distinction; discrimination; discernment; identification	5297		n
無断	むだん	absence of permission; lack of permission; absence of (advance) notice; lack of notice	5298	N1	n
不便	ふべん	inconvenience; inexpediency; unhandiness	5302	N4	n
英雄	えいゆう	hero; heroine; great person; Eroica Symphony (Beethoven, 1804)	5303	N1	n
歩行	ほこう	walking; walk	5308		n
今まで	いままで	until now; till now; up to now; up to the present; so far	5309		adv
青少年	せいしょうねん	young people; youth; the younger generation	5311	N2	n
広域	こういき	wide area; wide view (of a digitally displayed map); zoomed-out view	5312		n
名簿	めいぼ	register of names; list of names; roll; register; roster	5313	N1	n
優位	ゆうい	predominance; superiority; ascendancy; advantage; supremacy	5314	N1	n
命じる	めいじる	to order; to command; to appoint	5316	N3	v1
行列	ぎょうれつ	line; queue; procession; parade; matrix	5318	N2	n
依然として	いぜんとして	still; as yet; as of old	5321		exp
名刺	めいし	business card	5322	N2	n
五輪	ごりん	Olympic Games; Olympics; Olympic rings	5323		n
配達	はいたつ	delivery	5324	N3	n
独り言	ひとりごと	soliloquy; monologue; speaking to oneself	5327	N2	n
誠実	せいじつ	sincere; honest; faithful	5328	N1	adj-na
良心	りょうしん	conscience	5330	N1	n
頻度	ひんど	frequency (of occurrence)	5331		n
単行本	たんこうぼん	standalone book (i.e. not part of an anthology, series, etc.); (book published as a) single volume; tankōbon; individual volume of a manga series	5332		n
他国	たこく	foreign country; another country; another province	5333		n
連動	れんどう	operating together; working together; being linked (to); being tied (to); being connected (with); interlocking	5335		n
奉仕	ほうし	service; ministry; attendance; church work; offering goods at a reduced price; providing a service for free	5336	N1	n
公認	こうにん	official recognition; official approval; certification; authorization; authorisation	5337	N1	n
局面	きょくめん	position in a game; state of the game; situation; stage; phase; aspect	5339		n
安保	あんぽ	security (e.g. national security); US-Japan Security Treaty	5340		n
追い込む	おいこむ	to herd; to drive; to chase; to corral; to corner; to force someone into doing	5342	N1	v5m
月刊	げっかん	monthly publication; monthly issue	5343		n
是正	ぜせい	correction; revision; redressing; rectifying	5344	N1	n
後期	こうき	latter period; second half; late stage; third trimester; second semester	5345		n
和紙	わし	washi; Japanese paper	5346		n
土壌	どじょう	soil; breeding ground (for); fertile ground (for)	5349		n
詩人	しじん	poet	5350	N3	n
分配	ぶんぱい	division; splitting; sharing; distribution; dissemination; allocation	5351	N1	n
締結	ていけつ	conclusion; execution (of a contract); entering (into treaty); fastening (as in a joint)	5352		n
持参	じさん	bringing; taking; carrying	5353	N2	n
定番	ていばん	standard item; usual thing; (a) classic; go-to choice; staple; regular fixture; standard procedure; convention; basic item (with stable demand); staple goods	5359		n
修復	しゅうふく	restoration; repair; mending	5360		n
敬意	けいい	respect; honour; honor	5361	N3	n
王様	おうさま	king	5363	N3	n
左側	ひだりがわ	left side; left-hand side	5364		n
不通	ふつう	suspension; interruption; stoppage; tie-up; cessation	5367	N2	n
明白	めいはく	obvious; clear; plain; evident; apparent; explicit; overt	5368		adj-na
支障	ししょう	obstacle; hindrance; impediment; difficulty	5370		n
大胆	だいたん	bold; daring; audacious	5371	N1	adj-na
除去	じょきょ	removal; getting rid of	5372		n
納税	のうぜい	payment of taxes	5375		n
小遣い	こづかい	pocket money; spending money; pin money; allowance	5378	N2	n
退屈	たいくつ	tedious; boring; dull; uninteresting; tiresome; monotonous; to feel bored; to get bored (with); to get tired (of)	5381	N3	adj-na
大正	たいしょう	Taishō era (1912.7.30-1926.12.25); Taisho era	5382		n
助言	じょげん	advice; counsel; suggestion; tip; hint	5383	N1	n
小規模	しょうきぼ	small scale	5385		adj-na
明示	めいじ	elucidation; explicit statement; specification	5389		n
一々	いちいち	one-by-one; separately; every single; each and every; without omission; fully; in detail	5390	N2	n
復旧	ふっきゅう	restoration; restitution; rehabilitation	5391	N1	n
下旬	げじゅん	last third of a month; 21st to the last day of a month	5392	N2	n
数量	すうりょう	quantity; volume; amount	5393		n
野生	やせい	wild; growing wild; living in the wild	5395	N1	adj-no
友好	ゆうこう	friendship	5396	N2	n
諮問	しもん	consultation; question; enquiry; inquiry	5397		n
最小限	さいしょうげん	minimum; lowest; minimal; least; at a minimum	5398		adj-no
残高	ざんだか	(bank) balance; remainder	5399	N1	n
寄与	きよ	contribution; service	5402	N1	n
上限	じょうげん	upper limit; supremum	5405		n
武力	ぶりょく	armed might; military power; the sword; force	5406	N1	n
近隣	きんりん	neighbourhood; neighborhood; vicinity	5408		n
不信	ふしん	distrust; mistrust; disbelief; discredit; insincerity	5409		n
運賃	うんちん	(passenger) fare; freight rates; shipping expenses	5411	N1	n
要領	ようりょう	point; gist; essentials; tenets; outline; knack; trick; the ropes	5414	N2	n
発掘	はっくつ	excavation; exhumation; digging up; unearthing; discovery (of a new fact, talent, etc.); finding	5415	N1	n
新築	しんちく	new building; new construction	5417	N1	n
仮想	かそう	imagination; supposition; virtual; potential (enemy)	5418		n
円滑	えんかつ	smooth; undisturbed; uninterrupted; harmonious	5420	N1	adj-na
直感	ちょっかん	intuition; instinct; hunch	5421	N1	n
過激	かげき	extreme (measure, idea, etc.); radical; violent (language); strenuous (exercise, work, etc.); excessive; (physically) demanding	5426		adj-na
引き継ぐ	ひきつぐ	to take over (someone's duties, business, etc.); to inherit; to succeed to; to carry on (a tradition); to continue; to hand over	5427		v5g
忠実	ちゅうじつ	faithful; devoted; loyal; honest; true	5428	N1	adj-na
付け加える	つけくわえる	to add (one thing to another); to add (a few more words, an explanation, etc.)	5430	N1	v1
読売	よみうり	Yomiuri (newspaper, etc. group); kawaraban (type of Edo-period single-page newspaper); yomiuri	5431		n
彼氏	かれし	boyfriend; he; him	5432		n
娯楽	ごらく	amusement; entertainment; recreation; pleasure; pastime; hobby	5433	N2	n
相性	あいしょう	affinity; compatibility; chemistry (between people)	5434		n
変身	へんしん	metamorphosis; disguise; transformation; shapeshifting; morphing	5436		n
収まる	おさまる	to fit into (a box, frame, category, etc.); to be contained within; to fall within (e.g. a budget); to settle down (into); to be installed (in one's rightful place); to be returned (to one's original position)	5438	N1	v5r
見上げる	みあげる	to look up at; to raise one's eyes; to look up to; to admire; to respect	5441		v1
大蔵	おおくら	Ministry of Finance	5443		n
生態	せいたい	ecology; life and habits (of an animal); mode of life; way of living	5444		n
挿入	そうにゅう	insertion; interposition; interpolation; infixing; (sexual) penetration	5446		n
受注	じゅちゅう	accepting an order; receiving an order; orders received; closed won	5449		n
不利	ふり	disadvantage; handicap; unfavorable position	5451	N3	n
協調	きょうちょう	cooperation; conciliation; harmony; coordination	5452	N1	n
遺伝	いでん	heredity; (genetic) inheritance	5455		n
仕掛ける	しかける	to start; to begin; to commence; to challenge; to pick (a fight); to make (war); to draw (a reaction) from	5456	N1	v1
発する	はっする	to let out; to utter; to produce; to emit; to give forth; to discharge; to issue; to send; to give	5457		vs-s
仕掛け	しかけ	device; contrivance; mechanism; gadget; trick; trap; calculated manipulation; gambit	5458	N1	n
廊下	ろうか	corridor; hallway; passageway	5459	N5	n
地方自治体	ちほうじちたい	local authority; local government; locality; local self-governing body; municipality	5461		n
手配	てはい	arrangement; preparations; search (by police)	5462	N1	n
国王	こくおう	king; queen; monarch; sovereign; the Crown (as a focus of authority in the UK, etc.); the throne	5463	N2	n
議決	ぎけつ	resolution; decision; vote	5464	N1	n
強引	ごういん	overbearing; coercive; pushy; forcible; high-handed	5465	N2	adj-na
痛感	つうかん	feeling keenly; fully realizing	5467	N1	n
片付ける	かたづける	to put in order; to tidy up; to clean up; to put away; to clear away; to settle (a matter); to solve; to deal with; to dispose of	5468	N4	v1
出生	しゅっしょう	birth	5470	N1	n
一括	いっかつ	lumping together; summing up; bundle; lump; batch	5472	N1	n
石炭	せきたん	coal	5475	N3	n
手軽	てがる	easy; simple; informal; offhand; cheap	5480	N1	adj-na
選出	せんしゅつ	election; selection; choice	5481		n
変わり	かわり	change; alteration; difference; distinction	5482		n
反する	はんする	to be contrary (to); to go against; to run counter (to); to contradict; to be opposite (to); to infringe; to violate; to transgress	5483	N1	vs-s
浮気	うわき	extramarital sex; affair; fooling around; infidelity; wantonness; unfaithfulness; inconstancy; fickleness; caprice	5484	N1	n
看護婦	かんごふ	(female) nurse	5486	N4	n
駆使	くし	using freely; making full use of; having a good command of; working (someone) hard; driving (someone) on	5487		n
登山	とざん	mountain climbing; mountaineering; ascent of a mountain	5488	N3	n
計上	けいじょう	including (a cost) in a total calculation; appropriating (a sum of money); recording; allocating; booking	5490		n
選任	せんにん	nomination (of a person to a position); selection; election; assignment; appointment	5492		n
無償	むしょう	without compensation; without reward; without pay; free (of charge)	5493		adj-no
合法	ごうほう	legal; lawful; legitimate	5494		adj-na
送付	そうふ	sending; forwarding; remitting	5497		n
中世	ちゅうせい	Middle Ages (in Japan esp. the Kamakura and Muromachi periods); medieval times; mediaeval times	5498	N2	n
騒音	そうおん	noise; din	5499	N3	n
隊員	たいいん	troops; group members; team members	5500		n
外来	がいらい	foreign; imported; outpatient; outpatient care; outpatient clinic; outpatient ward	5502	N1	adj-no
仲裁	ちゅうさい	arbitration; intercession; mediation	5504		n
奥様	おくさま	wife; your wife; his wife; married lady; madam	5505		n
参画	さんかく	taking part (in planning); participation	5506		n
領土	りょうど	territory; domain; dominion; possession	5509	N1	n
集約	しゅうやく	putting together (e.g. opinions); gathering; collecting; aggregating; summarizing; integrating	5511		n
神秘	しんぴ	mystery; mysteriousness; secret	5512	N1	n
家計	かけい	household economy; family finances	5513	N1	n
四国	しこく	Shikoku (smallest of the four main islands of Japan)	5514		n
連想	れんそう	association (of ideas); being reminded (of something); suggestion	5516	N3	n
同行	どうこう	accompanying (someone); going with; travelling together; the same bank; the said bank	5517		n
減税	げんぜい	tax reduction	5518		n
妥協	だきょう	compromise; giving in	5522	N1	n
検察官	けんさつかん	public prosecutor	5524		n
たどり着く	たどりつく	to (finally) arrive at; to reach (at last); to (manage to) get to; to find one's way to	5535	N1	v5k
陸上	りくじょう	(on) land; ground; shore; track and field; athletics	5537		n
肥料	ひりょう	manure; fertilizer; fertiliser; compost	5539	N1	n
同級生	どうきゅうせい	classmate	5540		n
取り除く	とりのぞく	to remove; to deinstall; to take away; to set apart	5541	N1	v5k
抽選	ちゅうせん	lottery; raffle; drawing (of lots); balloting	5542	N1	n
氏名	しめい	(full) name; identity	5544	N2	n
親友	しんゆう	close friend; bosom friend; buddy; crony; chum	5546	N3	n
直接的	ちょくせつてき	direct	5547		adj-na
西部	せいぶ	western part; the west (of a region); the West (United States)	5548		n
黒字	くろじ	(being in) the black; surplus; black letter	5549	N1	n
移籍	いせき	transfer (of one's name into another family register); transfer (to another team, company, etc.)	5550		n
切れ	きれ	piece; slice; strip; scrap; cloth	5555	N3	n
絶対に	ぜったいに	absolutely; definitely; unconditionally	5556		adv
見込む	みこむ	to anticipate; to expect; to estimate; to count on; to allow for; to take into account; to place confidence in; to put trust in; to trust	5559		v5m
航空機	こうくうき	aircraft	5560		n
農薬	のうやく	agricultural chemical; agrochemical; agrichemical	5562	N2	n
少	しょう	small; little; few	5563		pref
靖国神社	やすくにじんじゃ	Yasukuni Shrine	5565		n
総括	そうかつ	summarization; summary; generalization; review (by labour or political movements of past activities, results, etc.)	5566		n
当てはまる	あてはまる	to apply (of a rule); to be applicable (of standards, lessons, ideas, etc.); to hold true (e.g. of a description); to fit; to be suitable (e.g. of a word); to meet (requirements); to fulfill (conditions); to come under (a heading)	5567	N2	v5r
軍人	ぐんじん	serviceman; servicewoman; soldier; member of the armed forces; military personnel	5568		n
雑談	ざつだん	chatting; idle talk	5571	N1	n
見逃す	みのがす	to miss; to overlook; to fail to notice; to let pass (a matter); to overlook (e.g. a wrongdoing); to turn a blind eye to	5572	N1	v5s
計る	はかる	to measure; to weigh; to survey; to time (sound, gauge, estimate); to conjecture; to infer; to surmise	5573	N3	v5r
国道	こくどう	national road; national highway	5574		n
無名	むめい	nameless; unnamed; anonymous; unsigned; obscure; unknown; not famous	5575		adj-no
性別	せいべつ	(distinction of) sex; gender	5577	N2	n
真っ直ぐ	まっすぐ	straight (ahead); direct; upright; erect; straightforward; honest; frank	5578	N5	adj-na
通報	つうほう	report; notification; tip; bulletin; message (in information and communication theory)	5582		n
構える	かまえる	to set up (a house, store, etc.); to build; to establish; to run; to maintain; to have at the ready (e.g. a gun); to hold in preparation (e.g. a camera); to prepare in advance (e.g. a meal)	5586	N1	v1
受け付ける	うけつける	to accept; to receive (an application); to take up; to (be able to) take (food, medicine, etc.); to bear; to tolerate; to endure	5587	N1	v1
適合	てきごう	conformity; compatibility; adaptability; congruity; congruence	5588		n
思いっきり	おもいっきり	to one's heart's content; as much as one wants; as hard as one can; with all one's strength; to the best of one's ability; to the utmost; with determination; hard; heavily; resolution; decisiveness; determination; resignation	5589	N2	adv
一員	いちいん	one person; one member	5592		n
水分	すいぶん	water; liquid; fluid; moisture; humidity; sap; juice	5593	N2	n
足す	たす	to add (numbers); to add (something); to top up (with something)	5594	N4	v5s
核兵器	かくへいき	nuclear weapon	5595		n
周知	しゅうち	common knowledge; being well-known; making (something) well-known	5597		n
性的	せいてき	sexual (i.e. relating to biological sex); sexual (relations, attraction, abuse, etc.)	5600		adj-na
置き換える	おきかえる	to move (something) to another location; to change the position of; to rearrange; to replace; to exchange; to switch; to change; to swap; to substitute	5601		v1
発覚	はっかく	detection (of a plot, fraud, etc.); discovery; coming to light; being uncovered	5603		n
足元	あしもと	at one's feet; underfoot; one's step (as in "watch your step"); gait; pace; step	5604		n
日誌	にっし	journal; log	5606		n
余談	よだん	digression	5608		n
数多く	かずおおく	in great numbers	5609		exp
外見	がいけん	outward appearance; looks	5610		n
目安	めやす	criterion; standard; yardstick; reference; aim; rough estimate; approximation	5612	N2	n
知性	ちせい	intelligence	5615	N1	n
薬物	やくぶつ	drug; medicine	5616		n
敏感	びんかん	sensitive; alert; aware; susceptible	5617	N1	adj-na
付いてる	ついてる	to be lucky; to be in luck; to be attached; to have; to be included; to come with; to contain; to be in a state	5621		exp
品目	ひんもく	item; commodity; list of articles	5622		n
総長	そうちょう	president (of a university); vice-chancellor; chancellor; secretary-general; director	5624		n
衝動	しょうどう	impulse; urge; impetus	5625		n
点数	てんすう	marks; points; score; grade; runs (baseball); number of items; number of articles	5626	N2	n
主観	しゅかん	subjectivity; subject (philosophical); ego; one's personal opinion; one's own idea	5628	N1	n
収納	しゅうのう	storage; putting away; receipt (of funds, payment, etc.)	5629		n
税率	ぜいりつ	tariff; tax rate	5630		n
今更	いまさら	now (when it is already much too late); at this stage; afresh; anew; again	5631	N1	adv
題名	だいめい	title; caption; heading	5633	N2	n
部員	ぶいん	staff; member (club, society, etc.)	5634		n
横断	おうだん	crossing (a road, river, etc.); cutting through (e.g. of a river through a town); cutting across; intersecting (e.g. a railway track); crossing (east-west); traversing; travelling across; flying across (e.g. the Pacific); sailing across	5635	N3	n
担任	たんにん	being in charge of (esp. a class or subject); taking charge of; class teacher; homeroom teacher; form teacher	5636		n
翌年	よくねん	following year	5637		n
文脈	ぶんみゃく	context (of a passage); line of thought; context (of a matter, event, etc.); circumstances; background	5638	N2	n
容器	ようき	container; receptacle; vessel; packaging	5639	N2	n
基調	きちょう	basic tone; underlying tone; basic theme; basis; keynote; trend	5640		n
無関係	むかんけい	unrelated	5641		adj-na
閣僚	かくりょう	cabinet ministers	5642		n
内面	ないめん	inside; interior; (within) one's mind; one's soul; one's heart	5643		n
許容	きょよう	permission; allowance; acceptance; tolerance; pardon	5645	N1	n
選考	せんこう	selection; choice; screening	5646	N1	n
本能	ほんのう	instinct	5649	N1	n
思い込む	おもいこむ	to be convinced (that); to be under the impression (that); to feel sure (that); to assume (that); to make up one's mind; to set one's heart on; to be determined (to do); to be bent on	5650	N2	v5m
医薬品	いやくひん	medical and pharmaceutical products; medicinal supplies; drugs; pharmaceuticals; medicine	5655		n
可哀想	かわいそう	poor; pitiable; pathetic; pitiful	5656	N3	adj-na
条文	じょうぶん	text (of a law, treaty, contract, etc.); provisions	5657		n
開店	かいてん	opening a new shop; opening a shop (for the day)	5659		n
合流	ごうりゅう	confluence (of rivers); flowing together; joining; joining (of people, groups, parties, etc.); union; linking up; merging (e.g. of traffic); meeting (up)	5660	N2	n
心地	ここち	feeling; sensation; mood	5662	N1	n
競合	きょうごう	contention; competition; rivalry; quarrel	5664		n
干渉	かんしょう	interference; intervention; meddling	5665	N1	n
車内	しゃない	inside a car (train, bus, etc.)	5666		n
将軍	しょうぐん	general; shogun	5667		n
卒業生	そつぎょうせい	graduate; alumnus; alumna	5668		n
負傷	ふしょう	injury; wound	5670	N1	n
部署	ぶしょ	one's post; one's station; department; bureau; section	5673		n
新着	しんちゃく	newly arrived; newly received	5674		adj-no
飲み物	のみもの	drink; beverage	5676	N5	n
原価	げんか	cost price	5677		n
商工	しょうこう	commerce and industry	5678		n
入り込む	はいりこむ	to go into; to come into; to penetrate; to get in; to step in (a house); to become complicated	5681		v5m
任命	にんめい	appointment; nomination; ordination; commission; designation	5682	N1	n
路上	ろじょう	on the road; on the street; in the street; on the way	5683		n
通産省	つうさんしょう	Ministry of International Trade and Industry (1949-2001); MITI	5684		n
長女	ちょうじょ	eldest daughter; first-born daughter	5687	N2	n
大和	やまと	(ancient) Japan; Yamato kingdom; state of Yamato; Yamato (former province located in present-day Nara Prefecture)	5690		n
労使	ろうし	labour and management; labor and management	5691		n
品物	しなもの	article; item; thing; goods; wares	5693	N4	n
職種	しょくしゅ	type of occupation; occupational category	5694		n
商法	しょうほう	business practice; business method; commerce; commercial law	5695		n
航海	こうかい	(sea) voyage; navigation; sailing; passage; cruise	5696	N1	n
賛同	さんどう	approval; endorsement	5700		n
南北	なんぼく	north and south; north to south; South Korea and North Korea	5701	N2	n
短期間	たんきかん	short term; short time	5702		n
景観	けいかん	scenery	5705		n
予言	よげん	prediction; prophecy; prognostication; foretelling; forecast; (religious) prophecy	5706		n
原子	げんし	atom	5707	N1	n
判	はん	seal; stamp; monogram signature; judgment; judgement	5708	N1	n
大声	おおごえ	loud voice	5709		n
審理	しんり	trial	5710		n
実在	じつざい	actual existence; real existence; existing in real life	5711		n
議題	ぎだい	topic of discussion; agenda	5714	N1	n
戦場	せんじょう	battlefield; battleground	5716		n
下ろす	おろす	to take down; to bring down; to lower (a hand, flag, shutter, etc.); to drop (an anchor, curtain, etc.); to let down (hair); to launch (a boat); to drop off (a passenger); to let off; to unload (goods, a truck, etc.); to offload; to discharge	5717	N3	v5s
破産	はさん	bankruptcy; insolvency	5718	N3	n
果物	くだもの	fruit	5719	N5	n
給食	きゅうしょく	provision of lunch (e.g. at office, school, etc.); providing a meal; lunch service	5720	N1	n
喫茶店	きっさてん	coffee shop; tearoom; coffee lounge; coffeehouse; cafe; kissaten; traditional type of coffee shop with a retro atmosphere	5723	N5	n
開会	かいかい	opening of a meeting	5725	N2	n
出願	しゅつがん	application; filing an application	5728		n
単価	たんか	unit price; unit cost	5729		n
防御	ぼうぎょ	defense; defence; safeguard; protection	5731		n
構図	こうず	composition (of painting); structural outline; compositional arrangement	5732		n
お洒落	おしゃれ	stylish; fashionable; trendy; chic; smartly dressed; careful about one's appearance; dressing (oneself) up; dressing smartly; dressing nicely; making oneself look attractive	5734	N2	adj-na
連日	れんじつ	day after day; every day	5736	N1	n
外相	がいしょう	Foreign Minister	5737	N1	n
身長	しんちょう	height (of a person); stature	5740	N3	n
合間	あいま	interval; break; pause; spare moment	5741	N1	n
名作	めいさく	masterpiece; masterwork	5742	N2	n
恒例	こうれい	established practice; custom	5743		n
台所	だいどころ	kitchen; financial situation; finances	5745	N5	n
抽出	ちゅうしゅつ	extraction; abstraction; selection (from a group); sampling	5747		n
敗戦	はいせん	defeat; lost battle; losing a war	5749	N1	n
初回	しょかい	first time; first innings; initial attempt; first; initial	5751		n
水平	すいへい	horizontal; level; even	5752	N2	adj-na
流動	りゅうどう	flow	5754		n
訴え	うったえ	lawsuit; complaint	5755	N1	n
好ましい	このましい	nice; likeable; desirable	5757	N1	adj-i
法曹	ほうそう	legal profession; judicial officer; lawyer; attorney	5758		n
祝日	しゅくじつ	national holiday; public holiday	5760	N2	n
東西	とうざい	east and west; Orient and Occident; East and West	5762	N2	n
無意味	むいみ	nonsense; no meaning; meaningless	5763	N1	adj-na
に際して	にさいして	on the occasion of; at the time of; when; during	5764		exp
新設	しんせつ	establishing; founding; setting up; organizing; establishment	5765		n
土台	どだい	foundation; base; basis; from the beginning; from the outset; by nature	5767	N1	n
由	よし	reason; significance; cause; piece of information that one has heard; I hear that ...; it is said that ...	5768		n
着物	きもの	kimono; Japanese traditional clothing (esp. full-length); clothing; clothes	5769	N4	n
名目	めいもく	name; title; appellation; (something) nominal; (under the) pretext (of); pretense	5770		n
不在	ふざい	absence; disregard; indifference	5771	N1	n
制服	せいふく	uniform	5772	N1	n
何で	なんで	why?; what for?; how?; by what means?	5773	N3	adv
体内	たいない	interior of the body	5774		n
国旗	こっき	national flag	5778		n
補給	ほきゅう	supply; supplying; replenishment	5780	N1	n
始末	しまつ	management; dealing with; settlement; cleaning up; disposal; course of events; circumstances; particulars	5781	N1	n
題材	だいざい	subject; theme	5782		n
受け継ぐ	うけつぐ	to inherit; to succeed; to take over	5785	N1	v5g
比例	ひれい	proportion; proportional representation section (of an election)	5786	N1	n
機動	きどう	maneuver (usu. of military force); manoeuvre; mobile; nimble; agile; quick to respond	5787		n
調節	ちょうせつ	regulation; adjustment; control	5788	N2	n
日本銀行	にっぽんぎんこう	Bank of Japan; BOJ	5789		n
歳出	さいしゅつ	annual expenditure (of a state, organization, etc.)	5790		n
入荷	にゅうか	arrival of goods; goods received	5794		n
願望	がんぼう	desire; wish; aspiration	5795		n
一行	いちぎょう	(one) line; (one) row	5796		n
理科	りか	science (natural sciences and related fields, incl. mathematics, engineering, medicine, etc.); faculties of science, engineering, medicine, etc. (at a university)	5797	N2	n
別途	べっと	separate; special; another; separately	5800		adj-no
官庁	かんちょう	government office; government agency; authorities	5801	N2	n
武士	ぶし	samurai; warrior	5802	N2	n
同等	どうとう	equality; equal; same rights; same rank; equivalence	5805	N1	adj-na
無責任	むせきにん	irresponsibility	5809		n
提唱	ていしょう	advocacy; proposal	5810		n
募金	ぼきん	fundraising; collection of contributions; donating; donation; contribution	5811	N1	n
市販	しはん	putting on the market; putting on sale; making commercially available; commercial; off-the-shelf; store-bought; over-the-counter	5812		n
日刊	にっかん	daily publication; daily issue	5813		n
入居	にゅうきょ	moving in (to a house, apartment, etc.); taking up residence	5815		n
助手	じょしゅ	assistant; helper; assistant (to a professor); research assistant	5816	N3	n
特権	とっけん	privilege; special right	5822	N1	n
聞かす	きかす	to let (someone) hear; to tell (e.g. a story); to inform (of); to make (someone) listen; to make (someone) understand; to drum into (someone)	5823		v5s
果て	はて	end; extremity; limit; result; outcome; upshot; consequence	5827	N1	n
政	まつりごと	rule; government; administration	5829		n
建つ	たつ	to be erected; to be built	5831	N2	v5t
引っ越す	ひっこす	to move (house); to change residence	5833	N4	v5s
連帯	れんたい	solidarity; joint; collective	5834	N1	n
着実	ちゃくじつ	steady; sound; solid; reliable; trustworthy	5835		adj-na
技法	ぎほう	technique	5836		n
時事	じじ	events of the day; current affairs	5838		n
副作用	ふくさよう	side effect; adverse reaction	5840		n
関節	かんせつ	joint	5841		n
濃度	のうど	concentration; density; cardinality	5842	N2	n
戦士	せんし	soldier; combatant; warrior	5843		n
中毒	ちゅうどく	poisoning; addiction	5844	N1	n
社会党	しゃかいとう	Socialist Party	5845		n
登校	とうこう	attendance (at school); going to school	5847	N1	n
味噌	みそ	miso; fermented condiment usu. made from soybeans; innards (from crabs, shrimps, etc.) resembling miso	5850	N4	n
追跡	ついせき	chase; pursuit; tracking; stalking; following up; tracing	5852	N1	n
延期	えんき	postponement; deferment; adjournment	5854	N3	n
各自	かくじ	each (person); everyone; individual; respective	5855	N2	n
着手	ちゃくしゅ	starting work (on); setting to work (on); setting about (doing); beginning; commencing; embarking on; commencing (a crime)	5864	N1	n
新型	しんがた	new type; new style; new model; new strain (e.g. infectious disease)	5865		n
教わる	おそわる	to be taught; to learn; to take lessons in	5866	N2	v5r
中盤	ちゅうばん	middle stage; middle phase; middle game; midpoint; midfield (in soccer)	5867		n
到来	とうらい	arrival; coming; advent	5876		n
建造	けんぞう	building; construction	5878		n
精一杯	せいいっぱい	the best one can do; one's best effort; with all one's might; to the best of one's ability; as hard as possible	5879		n
用事	ようじ	business; things to do; engagement; errand; affairs	5880	N4	n
商人	しょうにん	merchant; trader; tradesman; dealer; shopkeeper	5882	N3	n
上田	じょうでん	high rice field; very fertile rice field	5884		n
馬場	ばば	riding ground; racecourse; racetrack	5885		n
お疲れ様	おつかれさま	thank you (for your hard work); good work; see you; goodbye; goodnight	5887		exp
中核	ちゅうかく	kernel; core; nucleus; center; centre	5888		n
勘定	かんじょう	calculation; computation; counting; reckoning; count; bill; check; account; payment (of a bill); settlement (of an account)	5889	N3	n
運行	うんこう	operation (of a bus or train service); service; running; movement (of a heavenly body); motion; revolution	5890		n
早	はや	already; now; by this time; quick; early; fast; rapid	5892		adv
同情	どうじょう	sympathy; compassion; pity	5894	N1	n
学歴	がくれき	academic background; academic credentials; academic record	5895	N1	n
有用	ゆうよう	useful; helpful	5897		adj-na
農	のう	farming; agriculture	5898		n
強まる	つよまる	to get strong; to gain strength	5900	N1	v5r
法務省	ほうむしょう	Ministry of Justice	5901		n
好調	こうちょう	favourable; favorable; promising; satisfactory; in good shape	5904	N1	adj-na
言動	げんどう	speech and conduct; words and actions; words and deeds; behavior; behaviour; manners	5905		n
弱者	じゃくしゃ	weak person; the weak; vulnerable person; disadvantaged person	5907		n
代行	だいこう	acting as agent; acting on (someone's) behalf; executing business for	5908		n
経歴	けいれき	personal history; background; career	5909	N1	n
片方	かたほう	one side; one party; the other side; the other party; one (of a pair); the other (one); the mate; the fellow	5910		n
気の毒	きのどく	pitiful; unfortunate; poor; miserable; wretched; unpardonable; regrettable	5911	N3	adj-na
害	がい	injury; harm; evil influence; damage	5912	N3	n
食欲	しょくよく	appetite (for food)	5913	N3	n
返答	へんとう	reply; answer	5914	N1	n
不自由	ふじゆう	discomfort; inconvenience; poverty; want; destitution; lack	5915	N3	n
容認	ようにん	approval	5916		n
自律	じりつ	autonomy (in Kantian ethics); self-control	5917		n
前期	ぜんき	first term; first half-year; preceding period; early period	5921		n
無知	むち	ignorance; innocence; stupidity	5924	N1	n
中部	ちゅうぶ	center; centre; middle; heart; Chūbu region (incl. Aichi, Nagano, Shizuoka, Niigata, Toyama, Ishikawa, Fukui, Yamanashi and Gifu prefectures)	5926		n
同居	どうきょ	living together; coexistence	5927	N1	n
遺体	いたい	(dead) body; corpse; remains	5929		n
追いつく	おいつく	to catch up (with); to draw level; to pull even; to reach; to be compensated; to make up for one's losses	5930	N3	v5k
寺院	じいん	Buddhist temple; religious building; church; cathedral; mosque	5931	N2	n
役目	やくめ	duty; role; function	5933	N2	n
乗り	のり	riding; ride; spread (of paints)	5934		n
住人	じゅうにん	dweller; inhabitant; resident; user (of a website)	5936		n
事典	じてん	encyclopedia	5937		n
上陸	じょうりく	landing; going ashore; disembarkation; making landfall (of a typhoon); striking land; hitting land	5938	N1	n
打撃	だげき	blow; shock; strike; damage; batting	5939	N1	n
最小	さいしょう	smallest (in size, degree, etc.); least; minimum; minimal	5944		adj-no
テレビ局	テレビきょく	television station	5945		n
保安	ほあん	peace preservation; security; safety	5946		n
模型	もけい	model; dummy; maquette	5948	N1	n
気力	きりょく	willpower; energy; vitality	5950		n
西欧	せいおう	Western Europe; the West; the Occident; Europe	5951		n
鮮やか	あざやか	vivid; bright; brilliant; clear; fresh; vibrant; skillful; skilful; adroit; brilliant (performance, goal, etc.); splendid; superb; magnificent; fine	5952	N1	adj-na
国有	こくゆう	national ownership; state ownership; government ownership	5953	N1	n
聴取	ちょうしゅ	hearing (of a statement, opinion, explanation, etc.); asking; questioning (e.g. a suspect); enquiry; listening (e.g. to the radio)	5956		n
物資	ぶっし	goods; materials; commodities; resources; supplies	5957	N1	n
知能	ちのう	intelligence; intellect; brains	5958	N3	n
決着	けっちゃく	conclusion; decision; end; settlement	5960		n
教徒	きょうと	believer; adherent	5961		n
査定	さてい	assessment (of value, damages, etc.); revision (of a budget)	5962		n
心身	しんしん	mind and body	5963	N2	n
交える	まじえる	to mix; to combine; to include; to exchange (words, fire, etc.)	5967	N1	v1
月曜	げつよう	Monday	5969	N3	n
念頭	ねんとう	(on one's) mind; heed	5970		n
見送る	みおくる	to see (someone) off; to escort; to watch (someone or something) go out of sight; to follow with one's eyes; to gaze after	5972	N2	v5r
一昨日	おととい	day before yesterday	5973	N5	n
連結	れんけつ	connection; linking; joining; coupling; attaching; junction; concatenation; consolidation (e.g. of company accounts)	5975		n
増税	ぞうぜい	tax increase	5976		n
好意	こうい	kindness; favor; favour; friendliness; goodwill; affection; liking (for someone); love	5978	N1	n
楽曲	がっきょく	musical composition; tune	5979		n
魔女	まじょ	witch	5982		n
喪失	そうしつ	loss; forfeit	5983		n
前方	ぜんぽう	ahead; forward; (in) front; having a square front	5984		n
助教授	じょきょうじゅ	assistant professor; associate professor	5986	N2	n
日本酒	にほんしゅ	sake (rice wine); saké	5987		n
立体	りったい	solid body; three-dimensional object; multi-storey car park	5988	N1	n
断念	だんねん	abandoning (hope, plans); giving up	5989		n
法務	ほうむ	judicial affairs; clerical duty (in a temple)	5990		n
除外	じょがい	exception; exclusion	5993	N1	n
音響	おんきょう	sound; noise; audio; acoustics; reverberation	5996		n
断熱	だんねつ	insulation	5997		n
急増	きゅうぞう	rapid increase; sharp rise; proliferation; surge; explosion	5999		n
呼び出す	よびだす	to call (someone) to (the door, phone, etc.); to tell (someone) to come; to call up (on the phone); to summon; to page; to invoke (e.g. a spirit); to invoke (e.g. a subroutine); to call; to open (e.g. a file)	6001	N2	v5s
犯行	はんこう	crime; criminal act; offence; offense	6003		n
当方	とうほう	I; we; our part	6005		n
生理	せいり	physiology; menstruation; one's period	6006	N1	n
算定	さんてい	calculation; estimation; computation	6007		n
暫定	ざんてい	provisional; temporary; tentative; interim	6009		adj-no
安価	あんか	low-priced; cheap; inexpensive; shallow (e.g. sympathy); superficial; cheap (e.g. government)	6010		adj-na
内蔵	ないぞう	internal (e.g. disk); built-in; equipped (with)	6011		adj-no
隙間	すきま	gap; opening; aperture; crevice; crack; chink; space; spare moment; interval; break	6014	N2	n
中期	ちゅうき	middle period; medium-term	6015		n
交差点	こうさてん	crossing; intersection	6016	N5	n
上達	じょうたつ	improvement (e.g. in skill, ability); advance; progress; communication of opinions of the general populace to those of high rank	6017	N3	n
補う	おぎなう	to supplement; to make up for; to compensate for; to cover (a shortage, loss, etc.); to fill (e.g. a vacancy)	6018	N2	v5u
評議	ひょうぎ	conference; discussion	6023		n
友情	ゆうじょう	friendship; fellowship; camaraderie	6024	N3	n
切ない	せつない	painful; heartrending; trying; oppressive; suffocating; miserable	6026	N1	adj-i
通行	つうこう	passage (of people or vehicles); passing (through); traffic; common usage; widespread use	6028	N3	n
書物	しょもつ	book; volume	6029	N3	n
大豆	だいず	soya bean (Glycine max); soybean; soy	6030		n
付与	ふよ	grant; allowance; endowment; bestowal; assignment; conferment	6033		n
元より	もとより	from the beginning; from the first; all along; originally; of course	6035		adv
東海	とうかい	Tōkai region (of Honshu; incl. Aichi, Shizuoka, Mie and southern Gifu prefectures); eastern sea	6036		n
都心	としん	city centre (esp. of Tokyo); heart of a city; downtown area	6037	N2	n
青空	あおぞら	blue sky	6041		n
内外	ないがい	inside and outside; interior and exterior; inside and outside the country; home and abroad; domestic and foreign	6044		n
終始	しゅうし	beginning and end; doing something from beginning to end; being unchanged from beginning to end	6045	N1	n
交際	こうさい	company; friendship; association; society; acquaintance; (romantic) involvement; dating	6046	N3	n
書記	しょき	clerk; secretary; writing down; putting on record	6049		n
動員	どういん	mobilization; mobilisation	6050	N1	n
未知	みち	not yet known; unknown; strange	6051	N1	adj-no
言い換える	いいかえる	to say in other words; to put another way; to express in different words; to reword; to rephrase	6052		v1
発動	はつどう	putting into operation; invocation	6053		n
陸軍	りくぐん	army	6056		n
県立	けんりつ	prefectural; managed by a prefectural government	6057		adj-no
孤立	こりつ	isolation; being alone; being friendless	6059	N1	n
矯正	きょうせい	correction (of a fault, defect, flaw, etc.); remedy; rectification; redress; reform; straightening (of teeth)	6061		n
仮面	かめん	mask; disguise; guise	6062		n
集まり	あつまり	gathering; meeting; assembly; collection; attendance	6065	N3	n
次期	じき	next term; next period; next version; next release	6066		n
広大	こうだい	vast; extensive; immense; huge; large; grand; magnificent	6067		adj-na
余所	よそ	another place; somewhere else; strange parts; outside (one's family or group); someone else; other people	6068	N2	n
教科	きょうか	subject; curriculum	6069	N1	n
多発	たはつ	repeated occurrence; frequently occurring	6070		n
救急	きゅうきゅう	first-aid; emergency (aid)	6073		n
原爆	げんばく	atomic bomb; A-bomb	6074	N1	n
罰金	ばっきん	fine; penalty	6075		n
単一	たんいつ	single; simple; sole; individual; unitary	6076	N1	adj-na
注射	ちゅうしゃ	injection; jab; shot	6078	N4	n
歩道	ほどう	footpath; walkway; sidewalk; pavement	6080	N3	n
特色	とくしょく	characteristic; (distinctive) feature; peculiarity; distinguishing quality; special character; spot color; spot colour	6083	N2	n
探検	たんけん	exploration; expedition	6084	N1	n
閣議	かくぎ	cabinet meeting	6085		n
出入り	でいり	going in and out; entering and exiting; visiting regularly; frequenting; having regular dealings with	6086	N2	n
資質	ししつ	nature; disposition; temperament; qualities; attributes; talents	6089		n
大騒ぎ	おおさわぎ	clamour; clamor; uproar; tumult; furore; furor	6093		n
劇的	げきてき	dramatic; exciting; touching; extreme	6094		adj-na
戦力	せんりょく	war potential; military strength; fighting power; ability (to compete); capabilities; valuable asset	6096	N1	n
後退	こうたい	retreat; falling back; moving backwards; reversing; backing up (of a vehicle); retrogression; retraction; recession; waning	6099	N1	n
公明党	こうめいとう	Komeito (Japanese political party)	6100		n
原文	げんぶん	original text	6101	N1	n
散策	さんさく	walking; strolling; roaming; wandering; exploring	6102		n
画期的	かっきてき	ground-breaking; revolutionary; unprecedented; epoch-making	6103		adj-na
打ち込む	うちこむ	to drive in (a nail, stake, etc.); to hammer in; to hit (a ball, etc.); to drive; to smash	6104	N1	v5m
多寡	たか	degree (of something); greatness or smallness (of something); quantity; number; amount; size	6106		n
追悼	ついとう	mourning	6108		n
引き上げ	ひきあげ	pulling up; drawing up; salvage; re-flotation; raising; increase; upward revision	6110		n
文字通り	もじどおり	literally; to the letter; literal	6111		adv
起床	きしょう	rising (from one's bed); getting up; getting out of bed	6112	N2	n
集計	しゅうけい	totalization; totalisation; aggregation; tally (e.g. of votes); adding up; summing up	6115	N1	n
新興	しんこう	rising; developing; emergent; burgeoning; new	6117	N1	adj-no
後継	こうけい	succession; successor	6119		n
本土	ほんど	mainland; the country proper; native country; country where one was born	6120		n
断言	だんげん	assertion; declaration; affirmation	6121	N1	n
露出	ろしゅつ	exposure; laying bare; baring (e.g. skin)	6122		n
優遇	ゆうぐう	favorable treatment; favourable treatment; hospitality; warm reception; good treatment; hearty welcome	6126		n
中でも	なかでも	among (other things); especially; particularly; inter alia; above all (else)	6128		exp
率いる	ひきいる	to lead; to spearhead (a group); to command (troops)	6129	N1	v1
頭痛	ずつう	headache	6132	N3	n
四半期	しはんき	quarter (of a year)	6133		n
宴会	えんかい	party; banquet; reception; feast; dinner	6134	N2	n
補完	ほかん	complementation; supplementation; completion	6137		n
受け入れ	うけいれ	receiving; acceptance; reception; admission	6138	N1	n
不自然	ふしぜん	unnatural; artificial; affected; strained	6141		adj-na
個体	こたい	individual; specimen	6142	N2	n
引っかかる	ひっかかる	to be caught in; to be stuck in; to stop by; to drop in for a short visit; to be delayed; to take time	6144	N2	v5r
落札	らくさつ	successful bid; winning a tender	6145		n
割れる	われる	to break; to be smashed; to split; to crack; to fissure; to be torn	6146	N4	v1
著名	ちょめい	famous; noted; eminent; prominent; distinguished; celebrated	6148	N1	adj-na
完結	かんけつ	conclusion; completion	6150		n
広まる	ひろまる	to spread; to be propagated	6152	N1	v5r
外貨	がいか	foreign currency; foreign money; foreign exchange; foreign goods; imported goods	6153	N1	n
作文	さくぶん	writing (an essay, prose, etc.); composition; formal writing with little real meaning	6154	N5	n
通路	つうろ	passage; pathway; roadway; avenue; aisle	6155	N2	n
気合	きあい	(fighting) spirit; motivation; effort; shout (for getting in the right mood to deal with something, etc.); cheer; yell	6156		n
立案	りつあん	planning; devising (a plan); drafting; drawing up	6157		n
全額	ぜんがく	total; full amount; sum	6158		n
通話	つうわ	telephone call; speaking over the telephone; (Internet) voice call; videoconference call; counter for telephone calls of a set duration	6159		n
充電	じゅうでん	charging (electrically); recharging one's batteries (e.g. by taking a nap); replenishing (one's energy)	6161		n
意味合い	いみあい	implication; nuance; shade of meaning; connotation	6162		n
食物	しょくもつ	food; foodstuff	6164	N3	n
参戦	さんせん	participation in a war; going to war; taking part in a competition or contest	6165		n
共存	きょうぞん	coexistence	6166	N1	n
手がける	てがける	to handle; to manage; to deal with; to work with; to have experience with; to rear; to look after	6169	N1	v1
木材	もくざい	lumber; timber; wood	6170	N2	n
敗北	はいぼく	defeat; loss; reverse; setback	6171		n
昨晩	さくばん	last night	6173		n
高騰	こうとう	sharp rise (in prices); steep rise; substantial increase; soaring	6174		n
退院	たいいん	leaving hospital; discharge from hospital	6175	N4	n
所管	しょかん	jurisdiction	6176		n
品種	ひんしゅ	type (of goods); sort; (taxonomical) form	6179	N1	n
見極める	みきわめる	to watch to the end; to ascertain; to determine; to get to the bottom of; to make sure of	6181		v1
指令	しれい	order; directive; instructions; command	6187	N1	n
書房	しょぼう	study; library; bookstore; bookshop; publishing company	6188		n
見受ける	みうける	to catch sight of; to see; to suppose; to assume from appearances	6189		v1
退場	たいじょう	leaving (a hall, meeting, stadium, etc.); exit; walkout; exit (from the stage); leaving the stage	6190		n
親しむ	したしむ	to be intimate with; to befriend	6193	N1	v5m
市役所	しやくしょ	municipal office; council; city hall	6196		n
無くす	なくす	to lose (something); to get rid of; to eliminate; to remove; to eradicate; to abolish	6197	N5	v5s
書面	しょめん	document; letter; writing; contents (e.g. of a letter)	6198		n
盛り上げる	もりあげる	to pile up; to heap up; to stir up; to enliven; to bring to a climax	6199		v1
事象	じしょう	event; phenomenon; matter	6200		n
体操	たいそう	gymnastics; physical exercises; artistic gymnastics; gymnastics competition	6201	N2	n
不審	ふしん	doubt; suspicion; question; strangeness	6202	N1	n
治す	なおす	to cure; to heal	6203	N2	v5s
社説	しゃせつ	editorial; leading article; leader	6204	N2	n
芸術家	げいじゅつか	artist	6205		n
異動	いどう	(personnel) change; transfer; relocation; reassignment; reshuffle	6206	N1	n
多大	ただい	great (quantity, amount, etc.); huge; enormous; serious	6209		adj-na
火山	かざん	volcano	6211	N2	n
労務	ろうむ	labor; labour; work; service	6212		n
今一	いまいち	not quite (right); not very good; somewhat (lacking)	6215		adv
年賀状	ねんがじょう	New Year's card	6216		n
七夕	たなばた	Star Festival (held in July or August); Tanabata; Festival of the Weaver	6217		n
日本一	にほんいち	Japan's best; number one in Japan	6220		n
説教	せっきょう	sermon; preaching; homily; remonstration; scolding; lecturing	6222		n
一昨年	おととし	year before last	6223	N5	n
登記	とうき	registry; registration	6225		n
半導体	はんどうたい	semiconductor	6228		n
何かと	なにかと	one way or another; in many ways; in various ways	6229		adv
放射	ほうしゃ	radiation; emission	6231	N1	n
劇団	げきだん	troupe; theatrical company	6232	N1	n
自発	じはつ	spontaneity; spontaneous passive	6233		n
物体	ぶったい	object; body; solid	6236	N1	n
救助	きゅうじょ	relief; aid; rescue	6237	N3	n
同年	どうねん	that year; same year; same age	6238		n
一同	いちどう	all present; all concerned; all of us	6239	N1	n
順次	じゅんじ	in order; sequential; seriatim	6242		adv
装着	そうちゃく	equipping; installing; fitting; mounting; putting on	6244		n
間近	まぢか	near; close (to); nearby; (drawing) near; approaching; almost here; just around the corner	6246		adj-na
決心	けっしん	determination; resolution	6247	N3	n
容赦	ようしゃ	pardon; forgiveness; tolerance; overlooking; leniency; mercy; going easy (on someone)	6249		n
切符	きっぷ	ticket	6252	N5	n
空中	くうちゅう	(in) the air; midair; sky	6257	N2	n
別々	べつべつ	separate; respective; different	6258	N2	adj-no
朝鮮半島	ちょうせんはんとう	Korean peninsula	6260		n
押し付ける	おしつける	to press against; to push against; to force against; to foist on (task, responsibility); to impose (one's will)	6262		v1
良好	りょうこう	good; fine; excellent; favorable; favourable; satisfactory	6264	N1	adj-na
実効	じっこう	practical effect; efficacy; efficiency	6265		n
組み立てる	くみたてる	to assemble; to put together; to set up; to construct; to build; to compose (a story, poem, etc.); to form (words, sentences, etc.)	6267	N2	v1
何しろ	なにしろ	in any case; at any rate; anyhow; anyway; as you know; for you see; particularly; because; since; for; after all	6268	N2	adv
創立	そうりつ	establishment; founding; organization; organisation	6270	N1	n
連発	れんぱつ	occurring in succession; doing in succession; series (of incidents); spate; firing in rapid succession; volley of shots	6271		n
年々	ねんねん	year by year; annually; every year; from year to year	6272		n
瞑想	めいそう	meditation; contemplation	6274		n
関税	かんぜい	customs (duties); duty; tariff	6275	N1	n
利子	りし	interest (on a deposit, loan, etc.)	6277	N1	n
無数	むすう	innumerable; countless; numberless	6278	N2	adj-no
後方	こうほう	rear; back; behind	6279		n
外観	がいかん	outward appearance; exterior appearance; outward show; looks	6282	N1	n
契機	けいき	opportunity; chance; trigger; cause	6284	N1	n
就労	しゅうろう	working; being employed; being hired	6285		n
体感	たいかん	bodily sensation; feeling in the body; physical feeling; experience; coenesthesia; cenesthesia; coenesthesis	6287		n
切り	きり	end; finish; place to stop; bound; limit	6288	N1	n
間隔	かんかく	space; interval; space character; whitespace	6291	N2	n
運輸	うんゆ	transportation	6292	N1	n
感触	かんしょく	feel (of something); touch; texture; sensation; feeling; impression	6293	N1	n
一般人	いっぱんじん	ordinary person; member of the general public; non-celebrity	6294		n
有益	ゆうえき	beneficial; profitable; useful; helpful; instructive	6296	N1	adj-na
お天気	おてんき	weather; mood; temper	6297		n
放射線	ほうしゃせん	radiation	6298		n
巡回	じゅんかい	going around; patrol; round; tour	6300		n
要旨	ようし	(main) point; gist; key points; essentials; substance; summary; outline; abstract	6303	N2	n
上演	じょうえん	performance (of a play, opera, etc.); staging; presentation	6308	N1	n
密度	みつど	density	6309	N1	n
相撲	すもう	sumo (wrestling); sumo wrestler; rikishi	6310	N2	n
警視庁	けいしちょう	Metropolitan Police Department (Tokyo)	6312		n
解ける	とける	to be solved; to be worked out; to come loose; to come untied; to come undone	6315	N3	v1
市街地	しがいち	town area; urban area; metropolitan area; built-up area	6318		n
対外	たいがい	external; foreign; with foreign countries; towards foreign countries	6319		adj-f
重複	ちょうふく	duplication; repetition; overlapping; redundancy; restoration	6322	N1	n
裏側	うらがわ	the reverse (side); back (side); other side; hidden side; behind the scenes	6331		n
創出	そうしゅつ	creation; generation	6332		n
外人	がいじん	foreigner (esp. one of European ancestry); gaijin; whitey; outsider	6334		n
大根	だいこん	daikon (variety of large white Oriental radish, Raphanus sativus var. longipinnatus); bad actor; lousy actor; wooden actor; ham actor	6336		n
贈り物	おくりもの	present; gift	6337	N4	n
切手	きって	stamp (postage); merchandise certificate	6339	N5	n
営む	いとなむ	to run (a business); to operate; to conduct; to practice (law, medicine, etc.); to carry out; to perform; to lead (a life)	6341	N1	v5m
故意	こい	intent; intention; bad faith; mens rea (guilty mind)	6342		n
半数	はんすう	half the number; half (of an amount); haploid (organism, cell, etc.); haplont	6343		n
因果	いんが	cause and effect; causality; karma; fate	6344		n
国交	こっこう	diplomatic relations	6347	N1	n
転じる	てんじる	to turn; to shift; to switch; to change; to alter	6349	N1	v1
裁量	さいりょう	discretion; judgement; judgment	6351		n
最先端	さいせんたん	cutting edge; leading edge; forefront; state of the art; tip; end	6352		n
出店	しゅってん	opening a new store; opening a new branch; setting up a stall (at a festival, trade fair, etc.); setting up a booth; exhibiting	6355		n
再発	さいはつ	return; relapse; recurrence	6358	N1	n
共済	きょうさい	mutual aid	6359		n
道場	どうじょう	dojo; hall used for martial arts training; manda (place of Buddhist practice or meditation, esp. the place under the bodhi tree where Buddha attained enlightenment)	6360	N1	n
効用	こうよう	use; utility; effect; benefit	6361		n
名詞	めいし	noun	6362	N2	n
結末	けつまつ	end; conclusion	6363		n
休業	きゅうぎょう	suspension of business; temporary closure (of a store, school, etc.); shutdown; holiday	6367	N2	n
今頃	いまごろ	about this time; about now	6368		n
大人しい	おとなしい	gentle; quiet; mild; meek; obedient; docile; well-behaved; tame; quiet (color, pattern, etc.); sober	6369	N2	adj-i
両立	りょうりつ	compatibility; coexistence; standing together	6370	N1	n
高原	こうげん	tableland; plateau	6371	N1	n
隊長	たいちょう	commanding officer	6375		n
南米	なんべい	South America	6379	N2	n
立ち止まる	たちどまる	to stop (in one's tracks); to come to a stop; to halt; to pause; to stand still	6381	N2	v5r
強盗	ごうとう	robber; mugger; robbery; burglary	6383	N3	n
芸能人	げいのうじん	entertainer; performer; celebrity; entertainment personality	6384		n
上部	じょうぶ	top part; surface	6385		n
格安	かくやす	(very) cheap; (very) inexpensive; cut-price; bargain (price)	6387		adj-no
共生	きょうせい	coexistence; living together; symbiosis	6388		n
放出	ほうしゅつ	emission; release; radiation; discharge; gush; release (of goods, a player from a team, etc.)	6389	N1	n
次ぐ	つぐ	to follow; to come after; to come next (to); to rank next (to); to rank second (to)	6390	N2	v5g
学長	がくちょう	(university) president; chancellor; principal; provost	6391		n
通称	つうしょう	popular name; common name; nickname; alias	6397		n
母子	ぼし	mother and child	6398		n
不可	ふか	wrong; bad; improper; unjustifiable; inadvisable; not allowed; not possible	6401	N3	adj-no
厳格	げんかく	strict; severe; stern; rigid; rigorous; tough	6403		adj-na
出題	しゅつだい	setting a question (for an exam, quiz, etc.); setting a theme (for composition of poetry)	6404	N1	n
近郊	きんこう	outskirts; environs (of a city); surrounding area; surroundings	6406	N1	n
半島	はんとう	peninsula; Korea	6410	N2	n
周期	しゅうき	cycle; period	6411	N1	n
待機	たいき	standing by; awaiting an opportunity; being on alert; quarantine	6416		n
専業	せんぎょう	special occupation; principal occupation; specialty; monopoly	6417		n
判例	はんれい	judicial precedent; leading case; prior case	6418		n
素早い	すばやい	quick; swift; nimble; agile; quick (understanding, judgement, etc.); alert; prompt	6419	N1	adj-i
極力	きょくりょく	to the utmost; to the best of one's ability	6420		adv
高値	たかね	high price	6421		n
阻害	そがい	obstruction; impediment; hindrance; inhibition; blocking; check	6422		n
地名	ちめい	place name; toponym	6423	N2	n
常時	じょうじ	usually; ordinarily; always; continuous; 24-hour (operation, care, etc.); constant; always on	6424		n
屋台	やたい	cart (esp. a food cart); stall; stand; festival float; portable shrine dedicated to a god and shaped like a house; dancing platform	6426		n
立地	りっち	choosing a site (e.g. for industry); deciding on a location; standpoint; position	6427		n
急遽	きゅうきょ	hurriedly; in a hurry; hastily; in haste; sudden; abrupt	6429		adv
食生活	しょくせいかつ	eating habits; diet; dietary pattern	6430		n
例年	れいねん	average (normal, ordinary) year; every year; annually	6432		n
持ち帰る	もちかえる	to take home; to carry home; to bring back home; to take out (e.g. food)	6436		v5r
税理士	ぜいりし	tax counsellor; tax counselor; licensed tax accountant	6438		n
次男	じなん	second son	6439		n
医学部	いがくぶ	faculty of medicine; college of medicine; department of medicine; school of medicine; medical school	6440		n
算数	さんすう	arithmetic; calculation	6441	N2	n
仕上げ	しあげ	finish; finishing; finishing touches	6442	N1	n
木造	もくぞう	wooden; made of wood; wooden construction	6445		adj-no
経路	けいろ	course; route; path; channel; process; stages	6446	N1	n
風味	ふうみ	taste; flavor; flavour	6447		n
液体	えきたい	liquid	6448	N2	n
短時間	たんじかん	short time	6449		n
締め切り	しめきり	deadline; closing; cut-off; closing (a door, window, etc.)	6450	N2	n
野郎	やろう	guy; fellow; chap; buddy; bastard; asshole; arsehole; son of a bitch	6451		n
進路	しんろ	route; course; path; one's future course (e.g. after graduating high school)	6452	N1	n
悪意	あくい	ill will; spite; evil intention; malice; bad meaning	6453		n
動詞	どうし	verb	6454	N3	n
交響曲	こうきょうきょく	symphony	6456		n
先祖	せんぞ	ancestor; forefather; foremother	6459	N2	n
結晶	けっしょう	crystal; crystallization; crystallisation; fruits (of labor, union, etc.)	6463	N1	n
格闘	かくとう	(hand-to-hand) fight; grapple; scuffle; tussle; struggling (with a problem, task, etc.); grappling; wrestling; getting to grips (with)	6466		n
間もなく	まもなく	soon; shortly; before long; in a short time; in a little while; having no time to ...; with no time to ...	6473	N2	adv
満員	まんいん	full house; no vacancy; sold out; standing room only; full (of people); crowded	6475	N2	n
代理人	だいりにん	proxy; agent; substitute; deputy; alternate; representative; attorney	6477		n
有名人	ゆうめいじん	celebrity; famous person; public figure; big name	6480		n
判事	はんじ	judge; judiciary	6481	N2	n
文化財	ぶんかざい	cultural assets; cultural property	6483	N1	n
先般	せんぱん	some time ago; the other day	6485		n
四季	しき	the four seasons	6486	N2	n
広める	ひろめる	to spread; to propagate; to popularize; to disseminate; to broaden; to extend; to widen; to enlarge	6487	N2	v1
所要	しょよう	required; needed; necessary	6488		adj-no
転がる	ころがる	to roll; to tumble; to fall over; to roll over	6489	N2	v5r
目当て	めあて	mark; guide; landmark; purpose; aim; goal; intention; end	6490		n
子孫	しそん	descendant; progeny; offspring	6493	N2	n
加減	かげん	degree; extent; amount; balance; state; condition; (health) condition; state of health	6494	N3	n
異様	いよう	strange; odd; peculiar; weird; bizarre; unusual	6497		adj-na
弊害	へいがい	harmful effect; harmful influence; evil practice; abuse; malady	6499		n
所詮	しょせん	after all; in the end; anyway; (cannot) possibly; (not) at all; (not) by any means; (not) ever	6501		adv
増殖	ぞうしょく	increase; multiplication; propagation; proliferation	6504		n
整合	せいごう	adjustment; coordination; integration; conformity	6505		n
通学	つうがく	commuting to school; school commute	6506	N3	n
残酷	ざんこく	cruel; brutal; ruthless; merciless; inhuman	6507	N1	adj-na
啓発	けいはつ	enlightenment; development; edification; public awareness; illumination; education; inspiration	6508		n
寸前	すんぜん	just before; on the verge of; on the brink of; just in front of; just ahead of	6513		n
曲線	きょくせん	curve	6514	N2	n
郵送	ゆうそう	mailing; posting	6515	N2	n
満点	まんてん	perfect score; full marks; perfect; entirely satisfactory; excellent	6517	N2	n
指輪	ゆびわ	(finger) ring	6518	N4	n
親族	しんぞく	relative; relation; kin	6519		n
口頭	こうとう	oral; verbal; spoken; parol	6520	N1	adj-no
初代	しょだい	first generation; founder	6522		n
下肢	かし	lower limbs; legs	6525		n
公判	こうはん	public hearing; trial	6526		n
対比	たいひ	contrast; comparison	6528	N1	n
農産物	のうさんぶつ	agricultural produce	6530	N2	n
愛用	あいよう	favorite; favourite; habitually used	6531		adj-no
水面	すいめん	water's surface	6532		n
発症	はっしょう	outbreak of an illness; onset of a condition; appearance of symptoms	6542		n
有意義	ゆういぎ	significant; useful; meaningful; worthwhile; valuable; of interest	6546		adj-na
稼働	かどう	operation (of a machine); running; working (and earning money); workload; activity	6547		n
飼育	しいく	breeding; raising; rearing; keeping	6548	N1	n
卸売	おろしうり	wholesale; wholesaling	6550		n
一律	いちりつ	uniform; even; across-the-board; equal	6551	N1	adj-no
葛藤	かっとう	conflict; complication; troubles; discord	6552		n
引きずる	ひきずる	to drag; to trail; to pull along the ground; to lug; to force (someone) along; to drag (along)	6553	N1	v5r
集落	しゅうらく	settlement; village; community; town; (bacterial) colony	6554		n
極東	きょくとう	Far East	6556		n
活力	かつりょく	vitality; energy; dynamism	6557	N2	n
実例	じつれい	example; illustration; precedent	6559	N2	n
戦車	せんしゃ	tank (military vehicle); chariot	6561		n
自称	じしょう	self-proclaimed; self-professed; self-styled; would-be; professing oneself to be; calling oneself; describing oneself as	6563		adj-f
口調	くちょう	tone (of voice); manner of talking	6564		n
端的	たんてき	frank; direct; plain; straightforward; point-blank; concise	6565		adj-na
宝石	ほうせき	gem; jewel; precious stone	6569	N3	n
警察庁	けいさつちょう	National Police Agency; NPA	6570		n
不倫	ふりん	adultery; impropriety; (an) affair; immorality	6572		n
低迷	ていめい	hanging low (of clouds); remaining low (of sales, stock prices, etc.); remaining sluggish (of the economy, market, etc.); hovering (around a low level); floundering; slump; depression	6573		n
落語	らくご	rakugo; traditional Japanese comic storytelling; comic story (told by a professional storyteller)	6576		n
教団	きょうだん	religious organization; religious organisation	6584		n
鮮明	せんめい	vivid; clear; distinct	6585		adj-na
悪質	あくしつ	malicious; vicious; malignant; underhanded; shoddy; inferior; poor-quality; second-rate	6586		adj-na
放れる	はなれる	to get free (from); to be freed; to be released	6594	N2	v1
